{
"type": "FeatureCollection",
"name": "EG_DMW",
"crs": { "type": "name", "properties": { "name": "urn:ogc:def:crs:OGC:1.3:CRS84" } },
"features": [
{ "type": "Feature", "properties": { "id": null, "Name": null, "description": null, "timestamp": null, "begin": null, "end": null, "altitudeMode": null, "tessellate": -1, "extrude": 0, "visibility": -1, "drawOrder": null, "icon": null, "USE": 4, "RS": "03454", "RS_ALT": "034540000000", "GEN": "Emsland", "SHAPE_LENG": 271600.40650876501, "SHAPE_AREA": 2876640593.8053799, "USE_2": null, "RS_2": null, "RS_ALT_2": null, "GEN_2": null, "SHAPE_LE_1": null, "SHAPE_AR_1": null, "StandortID": null, "StandortNa": null, "USE_3": null, "RS_3": null, "RS_ALT_3": null, "GEN_3": null, "SHAPE_LE_2": null, "SHAPE_AR_2": null, "Standort_1": null, "Standort_2": null, "USE_4": null, "RS_4": null, "RS_ALT_4": null, "GEN_4": null, "SHAPE_LE_3": null, "SHAPE_AR_3": null, "Standort_3": null, "Standort_4": null }, "geometry": { "type": "MultiPolygon", "coordinates": [ [ [ [ 7.14645823657715, 52.584306008798997 ], [ 7.14634472890511, 52.584391603071801 ], [ 7.1464257532475, 52.584368492527197 ], [ 7.14645823657715, 52.584306008798997 ] ] ], [ [ [ 6.91125953861675, 51.746200690612703 ], [ 6.91567050514066, 51.7421372864898 ], [ 6.92576955508445, 51.732490493573103 ], [ 6.93894770849543, 51.718639549802504 ], [ 6.94102695739042, 51.714847336809697 ], [ 6.93708586190224, 51.704227042772303 ], [ 6.9292773006281, 51.6991639764844 ], [ 6.91185616131544, 51.677020334864601 ], [ 6.89885121819122, 51.653071668009098 ], [ 6.90203498071774, 51.635253881087102 ], [ 6.86728408555335, 51.631037221812498 ], [ 6.866173586528, 51.629895174126297 ], [ 6.86242584347528, 51.615332135839601 ], [ 6.86277626357024, 51.600372809651802 ], [ 6.86526362540546, 51.596918619641997 ], [ 6.86466721999719, 51.596233701207403 ], [ 6.85935255631176, 51.5903231101234 ], [ 6.85793614493565, 51.589405660341498 ], [ 6.84851945486173, 51.5854574870243 ], [ 6.84795973017101, 51.585223993287002 ], [ 6.84215001363679, 51.582837110554998 ], [ 6.83162714906092, 51.579735909362199 ], [ 6.8222542708007, 51.576732650136201 ], [ 6.81522360504723, 51.573738803815203 ], [ 6.78901137483953, 51.551495976737499 ], [ 6.78378742368176, 51.5462508944875 ], [ 6.78423725615086, 51.531978461783602 ], [ 6.77238402364846, 51.534765776687699 ], [ 6.73479192193239, 51.545947516337399 ], [ 6.72094427702849, 51.551107361803503 ], [ 6.69249288571713, 51.559452194776 ], [ 6.68566704614287, 51.560024243608702 ], [ 6.68015614968484, 51.550548928715003 ], [ 6.67811249204009, 51.546987340870999 ], [ 6.67766013332168, 51.545828564165603 ], [ 6.67736032121117, 51.544746819131099 ], [ 6.67692250985729, 51.542894839354702 ], [ 6.6767361618731, 51.541492494891202 ], [ 6.67663361559026, 51.540471167939202 ], [ 6.67670452629582, 51.539275312013203 ], [ 6.67684705457482, 51.538433134390701 ], [ 6.67712446467154, 51.5375322752881 ], [ 6.67790781800152, 51.536107290173703 ], [ 6.67903840178778, 51.5346755809162 ], [ 6.67987232186046, 51.533855811702402 ], [ 6.68095784153912, 51.532963124916897 ], [ 6.68342151640034, 51.531304317470301 ], [ 6.68686485173645, 51.529325862053497 ], [ 6.69009021867862, 51.527880757799899 ], [ 6.69197304199978, 51.527121878590897 ], [ 6.69336257499818, 51.526563217866403 ], [ 6.68990998417895, 51.518758255509603 ], [ 6.67145095116156, 51.511213814366798 ], [ 6.65706484348979, 51.5090514318508 ], [ 6.65260414796752, 51.511284068270101 ], [ 6.63938743749498, 51.509301878430499 ], [ 6.63351331283798, 51.504487471343197 ], [ 6.6333708783355, 51.5041224468142 ], [ 6.63886994164392, 51.490420136414798 ], [ 6.64500518302955, 51.481125835129099 ], [ 6.64525886855582, 51.481026044071299 ], [ 6.64773571997012, 51.482800854842203 ], [ 6.6505109456958, 51.486008776223201 ], [ 6.65080856304119, 51.4859014056874 ], [ 6.65552292105682, 51.483884390405699 ], [ 6.66366628449036, 51.4800241249498 ], [ 6.67564902296263, 51.459856179587 ], [ 6.67798231792779, 51.449328657464598 ], [ 6.66311135935824, 51.4119705942271 ], [ 6.6435946193548, 51.416214455306203 ], [ 6.6373296474063, 51.400936296991098 ], [ 6.63587698877647, 51.3925189597173 ], [ 6.60931357694294, 51.393641889817999 ], [ 6.56358692822824, 51.389297796789002 ], [ 6.55909168380513, 51.3901651069189 ], [ 6.54865401123195, 51.393147914421803 ], [ 6.53443381345766, 51.406399547647098 ], [ 6.51654720111962, 51.424444893713698 ], [ 6.50894405062719, 51.418402457877299 ], [ 6.46135421744424, 51.405540162165302 ], [ 6.43458759288789, 51.406508885184302 ], [ 6.42666006257918, 51.411424294758703 ], [ 6.39813699103435, 51.413774678205598 ], [ 6.39308822195213, 51.401424658932797 ], [ 6.38743957955788, 51.394360688154997 ], [ 6.35726908436139, 51.376404221027101 ], [ 6.31089497351812, 51.3610336519233 ], [ 6.30722361031257, 51.360253674119299 ], [ 6.30421771933808, 51.359911915127398 ], [ 6.27402752612324, 51.3565302886457 ], [ 6.27140608858484, 51.3562375664429 ], [ 6.26830056549093, 51.356044482090297 ], [ 6.26613108033224, 51.356002246635903 ], [ 6.25858384088535, 51.361677429378901 ], [ 6.22426993117672, 51.365658858664098 ], [ 6.21499985049373, 51.38773379229 ], [ 6.20602559617937, 51.400536544231002 ], [ 6.22001452762606, 51.454208900842701 ], [ 6.22355518230387, 51.469459663434897 ], [ 6.22347038691616, 51.470988610518397 ], [ 6.21313860935064, 51.511751641897597 ], [ 6.21242419631984, 51.513212564342297 ], [ 6.20659339280521, 51.520876396355099 ], [ 6.20078273389823, 51.526918593952097 ], [ 6.15744465070096, 51.566342423564997 ], [ 6.12536944808419, 51.5867855633714 ], [ 6.09179085899468, 51.606002186389901 ], [ 6.09385300619965, 51.622454806406601 ], [ 6.09604098052711, 51.621986749658703 ], [ 6.09822974698759, 51.621509645030699 ], [ 6.11616825044664, 51.652764961840901 ], [ 6.11794220208115, 51.6560210762037 ], [ 6.10146045981131, 51.659860305714403 ], [ 6.07896199301945, 51.6627963074598 ], [ 6.04012158208676, 51.672015809601199 ], [ 6.03132241027456, 51.6766131985135 ], [ 6.03023826676547, 51.677617654102598 ], [ 6.026584466851, 51.707807095038099 ], [ 6.02677491656132, 51.708823727055297 ], [ 6.02734045912431, 51.709566130674297 ], [ 6.03042636944074, 51.711088818826298 ], [ 6.03231085543312, 51.711845016531001 ], [ 6.03402204497791, 51.712297200768603 ], [ 6.03554194210824, 51.7124807973534 ], [ 6.04187881167835, 51.7128100466687 ], [ 6.04400014939247, 51.712926072057599 ], [ 6.04458359981508, 51.713191410727902 ], [ 6.04621819743454, 51.715470077790101 ], [ 6.04647746967735, 51.716083677686498 ], [ 6.04628819073416, 51.716536175515799 ], [ 6.03248378692746, 51.724153717962402 ], [ 5.99495916149984, 51.737781462674 ], [ 5.99284987822064, 51.738413109498303 ], [ 5.98975215820061, 51.738763708886999 ], [ 5.96574963423997, 51.738675235143901 ], [ 5.9553165293589, 51.7386263413268 ], [ 5.95275592008783, 51.742466665487399 ], [ 5.95283245598809, 51.748977067710499 ], [ 5.98346423946167, 51.763110843497699 ], [ 5.98997970015253, 51.766108204927598 ], [ 5.99088793654495, 51.769847055602497 ], [ 5.97702355469314, 51.7971225632852 ], [ 5.9630058556822, 51.806365341510599 ], [ 5.9555970124838, 51.810092105356603 ], [ 5.94613488641147, 51.824591062414797 ], [ 5.95547418985981, 51.8314207820032 ], [ 5.96295869487144, 51.836889835986199 ], [ 5.96356706474041, 51.8366247152657 ], [ 5.96895987268006, 51.834334448730402 ], [ 5.97113726539816, 51.833651585434502 ], [ 5.97332945955903, 51.833257647865103 ], [ 5.9863647148703, 51.831195155009702 ], [ 5.98943003154955, 51.830942329398397 ], [ 5.99176411169053, 51.831022132940497 ], [ 5.9948013761863, 51.831344893059203 ], [ 5.99689232693962, 51.831676701146101 ], [ 6.00000538920567, 51.832263585952703 ], [ 6.00272017704767, 51.8329073491782 ], [ 6.00525311860984, 51.833625290844203 ], [ 6.01084257253581, 51.835360186086398 ], [ 6.05511375315145, 51.852592171421897 ], [ 6.10278687797479, 51.848376634909897 ], [ 6.16626870754106, 51.840900370029402 ], [ 6.16472220261748, 51.8603350317224 ], [ 6.13744695942399, 51.885684088236196 ], [ 6.13615373985799, 51.886564702962801 ], [ 6.12046212975587, 51.891330469575898 ], [ 6.11999842060619, 51.891457559326 ], [ 6.11856626083036, 51.891810187496297 ], [ 6.11846207547843, 51.891833386688702 ], [ 6.11791210602324, 51.8919482469665 ], [ 6.1255500695376, 51.898691104708099 ], [ 6.15386938538316, 51.903993467643602 ], [ 6.16967743710309, 51.9018317172062 ], [ 6.18823460776571, 51.892171618586602 ], [ 6.18595860577997, 51.886538206843703 ], [ 6.18664892437896, 51.884788119178801 ], [ 6.18759689331151, 51.882470752353903 ], [ 6.18847160073947, 51.8815383594076 ], [ 6.19400388522762, 51.877855540383301 ], [ 6.19648522460129, 51.876404695747098 ], [ 6.19974721923247, 51.874855945307097 ], [ 6.20367119332956, 51.873231943848801 ], [ 6.20705837833215, 51.872047994280599 ], [ 6.2116330672187, 51.870618503780904 ], [ 6.21429064285455, 51.869912578208201 ], [ 6.21958008224025, 51.868616733845101 ], [ 6.2196824643412, 51.8686114258374 ], [ 6.24640046059945, 51.869608359438999 ], [ 6.26987105510297, 51.874069623142297 ], [ 6.27119727634045, 51.874522373485597 ], [ 6.27214232661592, 51.874691200439003 ], [ 6.27355386364198, 51.874696430676302 ], [ 6.27365625920287, 51.874691057454498 ], [ 6.27732021617805, 51.874425056352301 ], [ 6.27897321347832, 51.8740243519605 ], [ 6.27992678915765, 51.873787941240799 ], [ 6.29105766626004, 51.870696322436203 ], [ 6.29808266617651, 51.868548623934302 ], [ 6.33401409324949, 51.851750689510098 ], [ 6.38015129959934, 51.835009488109101 ], [ 6.39750150159043, 51.829520620928797 ], [ 6.40780210115771, 51.828489124549002 ], [ 6.40398904476222, 51.835312845411998 ], [ 6.38952255089741, 51.864733095440201 ], [ 6.38942512909988, 51.865810868157297 ], [ 6.39028067799602, 51.8740572304472 ], [ 6.39231379612507, 51.8739474177804 ], [ 6.45160568840251, 51.86518298779 ], [ 6.45821933935218, 51.858390376256303 ], [ 6.45860672836502, 51.858124289824197 ], [ 6.45992349398564, 51.857223194976903 ], [ 6.46197330332847, 51.856094767729097 ], [ 6.46404416687121, 51.855219298672203 ], [ 6.46637797052029, 51.854659036848801 ], [ 6.47089138296012, 51.854127718997198 ], [ 6.49636838700917, 51.860701974834001 ], [ 6.49781333047505, 51.861147104955997 ], [ 6.49853579327273, 51.861369670394801 ], [ 6.50005202532912, 51.861997384962699 ], [ 6.52897914553246, 51.876148674207698 ], [ 6.5796234819618, 51.891903161280602 ], [ 6.61408616617856, 51.899206576278502 ], [ 6.63684270635893, 51.904029589590202 ], [ 6.64078530622488, 51.905103597861199 ], [ 6.67332949803924, 51.915515435217699 ], [ 6.68318125449676, 51.917012359719799 ], [ 6.69458812190168, 51.915774984691701 ], [ 6.69700695705565, 51.910195789498403 ], [ 6.70285875775199, 51.906744039167997 ], [ 6.71363261879681, 51.900656807276903 ], [ 6.72132966057957, 51.896344274602697 ], [ 6.73182703503864, 51.898974687245698 ], [ 6.74959498019397, 51.907382300923103 ], [ 6.76980359396185, 51.9170075885459 ], [ 6.77785927386244, 51.922682329531298 ], [ 6.78802431012672, 51.929845460512198 ], [ 6.79408076444476, 51.936861539935499 ], [ 6.79575659677424, 51.944362268571197 ], [ 6.79875323756321, 51.958911188780498 ], [ 6.80304679447695, 51.960071492185499 ], [ 6.80724244354346, 51.961183566985703 ], [ 6.81072579039692, 51.962093254841697 ], [ 6.8132101984798, 51.962737688992803 ], [ 6.82828987214914, 51.9644831049537 ], [ 6.83043610936365, 51.968593192325699 ], [ 6.83188726984468, 51.971384881140303 ], [ 6.8321936345234, 51.972826338287803 ], [ 6.82953547707678, 51.986217769711502 ], [ 6.82594577000929, 51.993257972527601 ], [ 6.75258184177748, 52.028492134482001 ], [ 6.71544687660314, 52.039900388919897 ], [ 6.68756970030014, 52.040020263817098 ], [ 6.68664685587249, 52.053933462251798 ], [ 6.68702464625452, 52.054999347629902 ], [ 6.6953270876092, 52.070954570520499 ], [ 6.73487733385564, 52.075155378114097 ], [ 6.74837323048468, 52.083560513580601 ], [ 6.74934237012618, 52.084743819095401 ], [ 6.75763568191052, 52.1002520372246 ], [ 6.75836051536095, 52.102274158961897 ], [ 6.76010792377744, 52.118819327345399 ], [ 6.8222854929671, 52.118635178585798 ], [ 6.85510428222492, 52.120569552502801 ], [ 6.87032523887051, 52.129426513660697 ], [ 6.87182912985422, 52.1305618883219 ], [ 6.8727718509049, 52.131761253133703 ], [ 6.88086455406051, 52.156069103082999 ], [ 6.90659131115105, 52.175369279383098 ], [ 6.90784034120523, 52.176055176314399 ], [ 6.9101675419722, 52.176629394419699 ], [ 6.95116729941236, 52.181077605139699 ], [ 6.95581822851496, 52.186024151671099 ], [ 6.9742134154534, 52.205792868113903 ], [ 6.9757002457569, 52.209276421480297 ], [ 6.97997695005302, 52.2190911460332 ], [ 6.98081774153455, 52.220529567166103 ], [ 6.98208826287032, 52.222097693225997 ], [ 6.98510691165627, 52.224941758313904 ], [ 6.9878649352102, 52.226994703523701 ], [ 6.99166579669076, 52.227520421457797 ], [ 7.00392851866137, 52.228599688654803 ], [ 7.00535322602472, 52.228569276866203 ], [ 7.00595585931148, 52.2285508566207 ], [ 7.00915494803873, 52.228139997235999 ], [ 7.01310982482429, 52.2276250131643 ], [ 7.01323239688465, 52.227556562399897 ], [ 7.01882415956515, 52.224829041857397 ], [ 7.03902874325212, 52.227882322157001 ], [ 7.05003021900049, 52.231468474381799 ], [ 7.05650414797897, 52.234257071056199 ], [ 7.06145923342708, 52.237163758559198 ], [ 7.063378417204, 52.2393077716184 ], [ 7.06384092030757, 52.240167400994302 ], [ 7.06374074765326, 52.241290007290701 ], [ 7.05322581427845, 52.248758026263602 ], [ 7.0427004990727, 52.256314932205299 ], [ 7.02928537984406, 52.273151314236799 ], [ 7.02854953446573, 52.2741294310634 ], [ 7.02827336545608, 52.275237908771402 ], [ 7.02632277804444, 52.289119361354601 ], [ 7.0265727763181, 52.290828313953497 ], [ 7.02726026419158, 52.292576977756298 ], [ 7.05608514375473, 52.3379044056325 ], [ 7.0566335503604, 52.3386134295422 ], [ 7.0723031107846, 52.352306079522499 ], [ 7.07257557112727, 52.3730483053928 ], [ 7.06379186377745, 52.389822220187902 ], [ 7.05898960787758, 52.398345762907397 ], [ 7.0541188739327, 52.400636986057499 ], [ 7.05113581386737, 52.400956508948703 ], [ 7.03511074964299, 52.402620122335001 ], [ 7.03199341072283, 52.407346883695901 ], [ 7.02188721217465, 52.422846498265699 ], [ 6.99305287826934, 52.465467436668199 ], [ 6.99167774284909, 52.4670299061492 ], [ 6.98785442750982, 52.469169158329798 ], [ 6.97786876950381, 52.4649157853936 ], [ 6.97343745678911, 52.459591055482697 ], [ 6.96820686453268, 52.452450942798201 ], [ 6.96404030116475, 52.447349629300597 ], [ 6.96229517128864, 52.445560614617797 ], [ 6.95991241991036, 52.443824840365799 ], [ 6.95237396775945, 52.439280948517002 ], [ 6.9497570426851, 52.437907188344099 ], [ 6.94666356100424, 52.436600307416299 ], [ 6.94189313784113, 52.435450798351297 ], [ 6.86282496761286, 52.451299645056601 ], [ 6.85412923638889, 52.459653225606203 ], [ 6.77537186500954, 52.459626154850199 ], [ 6.76988097340511, 52.460599560226598 ], [ 6.75878431487734, 52.462677128100502 ], [ 6.75417071972884, 52.463551088099898 ], [ 6.75408022822277, 52.463575264023802 ], [ 6.74446701177364, 52.467462673878003 ], [ 6.69773877815409, 52.4864718665889 ], [ 6.70105928653531, 52.501776871306198 ], [ 6.70270590128961, 52.509338780212403 ], [ 6.70512279284026, 52.520535760354697 ], [ 6.6814557309515, 52.551934529954302 ], [ 6.68312837941576, 52.552761899784798 ], [ 6.69388595793736, 52.5515083198543 ], [ 6.71556448731849, 52.548967401043399 ], [ 6.76622233711847, 52.5619736870417 ], [ 6.76520852849849, 52.564031215079602 ], [ 6.76452761294517, 52.564577383671597 ], [ 6.7641491617624, 52.5648627814466 ], [ 6.76073012045562, 52.566701660634301 ], [ 6.71874975414582, 52.589091537483803 ], [ 6.72255816509141, 52.619806774121301 ], [ 6.72504883019891, 52.633237548576098 ], [ 6.74230169052727, 52.645588651213401 ], [ 6.75421218331525, 52.648128504731702 ], [ 6.7561178323123, 52.648529704964197 ], [ 6.75693261634168, 52.648699023430801 ], [ 6.78079113872705, 52.6526682378462 ], [ 6.78394956925002, 52.6529635016675 ], [ 6.78795008967195, 52.652924434052203 ], [ 6.79082326985965, 52.652733582458502 ], [ 6.7941491855113, 52.652259438254802 ], [ 6.80611465373263, 52.649888887925201 ], [ 6.80950075279856, 52.649398175683302 ], [ 6.81229980876039, 52.649024499854498 ], [ 6.81864493837215, 52.648191668620001 ], [ 6.85258558151606, 52.649302292550402 ], [ 6.86150335947766, 52.649949352651198 ], [ 6.86324745688984, 52.650163929183499 ], [ 6.86511364772203, 52.650697253766403 ], [ 6.86866786644969, 52.652136585954601 ], [ 6.87025800432853, 52.652607504183599 ], [ 6.87221554864617, 52.6527473207748 ], [ 6.89340778515018, 52.651545282273503 ], [ 6.89672290218948, 52.651005007309202 ], [ 6.89966083691181, 52.650183325878302 ], [ 6.91118657625926, 52.646934197217902 ], [ 6.91240321758947, 52.6465292235006 ], [ 6.9128296489748, 52.646379839369096 ], [ 6.91371926857842, 52.645623011828498 ], [ 6.91507706938055, 52.641981214966798 ], [ 6.91558089023671, 52.641419993963503 ], [ 6.91650022927464, 52.640844092121498 ], [ 6.91762374051743, 52.6404903083248 ], [ 6.91900291154187, 52.640270148969101 ], [ 6.93363930426516, 52.638785647326799 ], [ 6.93576914839821, 52.638614464695202 ], [ 6.93771107108887, 52.638572729378701 ], [ 6.94020184001063, 52.638700170897302 ], [ 6.95045114290069, 52.639334942833102 ], [ 6.95467543336814, 52.639810114852999 ], [ 6.96549213197063, 52.641882613207102 ], [ 6.96772478858433, 52.642470059513997 ], [ 6.9692753153658, 52.643262597272098 ], [ 6.97315466233374, 52.645302415866702 ], [ 6.97463107118201, 52.645723622784303 ], [ 6.97619985096635, 52.6457243836904 ], [ 6.9778193924258, 52.645456521466798 ], [ 7.00044123117719, 52.641396894794397 ], [ 7.00194237685001, 52.640936244441598 ], [ 7.00329160111812, 52.640336157779601 ], [ 7.00541618900943, 52.638714228833699 ], [ 7.00244987784282, 52.635585626803298 ], [ 6.99537847875309, 52.6066901449475 ], [ 7.00215828776154, 52.608867362958897 ], [ 7.03281956127847, 52.6187092059862 ], [ 7.0701563984681, 52.604760443260098 ], [ 7.07189410365451, 52.604080674559903 ], [ 7.08950888710428, 52.594317534409598 ], [ 7.09712032157435, 52.591615813424298 ], [ 7.10868854009817, 52.589348997935097 ], [ 7.11001469126348, 52.601304699765699 ], [ 7.11458064226836, 52.5995785097804 ], [ 7.1355443159341, 52.589902347895297 ], [ 7.14645823657715, 52.584306008798997 ], [ 7.14761060982076, 52.583337409100402 ], [ 7.16175829953863, 52.575684809301301 ], [ 7.16381982902968, 52.556993643371399 ], [ 7.19611901446296, 52.549689003395301 ], [ 7.23299034580473, 52.5557060996628 ], [ 7.22642156892452, 52.559898545187799 ], [ 7.23849673105184, 52.562029168236997 ], [ 7.23706104499072, 52.565908413530003 ], [ 7.25236823779274, 52.567305572926202 ], [ 7.25154238405531, 52.571974106781099 ], [ 7.25329141848172, 52.576290590544303 ], [ 7.24659695638243, 52.583602777561502 ], [ 7.24722139528921, 52.584002083805402 ], [ 7.25500981881412, 52.581386711734602 ], [ 7.26637539112062, 52.585454273145103 ], [ 7.2785206971477, 52.586021543133597 ], [ 7.30706739458712, 52.593064117411302 ], [ 7.30974804532376, 52.589981962677697 ], [ 7.31943920712487, 52.587779572506498 ], [ 7.34281345113074, 52.596300172497401 ], [ 7.35743629832992, 52.599234288025002 ], [ 7.37975921545014, 52.601882134774002 ], [ 7.41590535332107, 52.612122413403704 ], [ 7.42430141159665, 52.6102841684786 ], [ 7.4396027648805, 52.612436999866198 ], [ 7.45184064443529, 52.610647361837898 ], [ 7.46704821265399, 52.615525741613801 ], [ 7.47352134020232, 52.613659111387904 ], [ 7.52020010802272, 52.616591786235702 ], [ 7.53965063182899, 52.6098124101729 ], [ 7.55627724258706, 52.610796338429701 ], [ 7.59078883949513, 52.613552240891302 ], [ 7.60804633146039, 52.614926431594199 ], [ 7.6082661499427, 52.614929014288101 ], [ 7.60811110625224, 52.607597266082898 ], [ 7.6085664541668, 52.607185223824303 ], [ 7.61337353724377, 52.602557695697598 ], [ 7.61934730901471, 52.593107317878797 ], [ 7.62030650997294, 52.590601449874903 ], [ 7.62208470610775, 52.583399506263099 ], [ 7.61612740652371, 52.5485917916684 ], [ 7.61070300232869, 52.491692368172302 ], [ 7.60890402108065, 52.473622534210897 ], [ 7.6149175850994, 52.472011900915902 ], [ 7.68230375236004, 52.457814242595703 ], [ 7.68685701727491, 52.4549779306099 ], [ 7.69649120608308, 52.4436563881697 ], [ 7.69861368177066, 52.440088005331297 ], [ 7.70206841416221, 52.4342736905744 ], [ 7.70259599628541, 52.433368003690802 ], [ 7.70825418623807, 52.415059251352801 ], [ 7.71430487551623, 52.400314160441702 ], [ 7.73093884215915, 52.398034739143903 ], [ 7.75567397632216, 52.389539727133197 ], [ 7.8019342162232, 52.373614723950098 ], [ 7.80886725120945, 52.3712774550783 ], [ 7.8311188543833, 52.3694432510909 ], [ 7.84179846702198, 52.368600227846201 ], [ 7.86131245784735, 52.374790138893403 ], [ 7.86425295375446, 52.3755476570757 ], [ 7.89132166842672, 52.381403129847698 ], [ 7.93917234773722, 52.363868219750501 ], [ 7.95025354528346, 52.348347010414798 ], [ 7.95048453683483, 52.347641012776101 ], [ 7.95039880094617, 52.346820280391398 ], [ 7.94788943553403, 52.339504783429902 ], [ 7.94779873420269, 52.338512963406203 ], [ 7.94802739289497, 52.337329963829099 ], [ 7.94908514922607, 52.335255672778501 ], [ 7.94982373111641, 52.334146503980698 ], [ 7.95877303957511, 52.3265432872468 ], [ 7.95946006029366, 52.326080885068599 ], [ 7.96348877093688, 52.324438331096601 ], [ 7.97763445622596, 52.312858005277597 ], [ 7.9593480348064, 52.305677681578999 ], [ 7.95526807755981, 52.305915117106899 ], [ 7.94729132419984, 52.305745561134799 ], [ 7.93430207001736, 52.302336597656897 ], [ 7.93357581813487, 52.3019431075084 ], [ 7.93313070775916, 52.301510596430099 ], [ 7.92858887756805, 52.293124951659799 ], [ 7.93298296005181, 52.288386522631399 ], [ 7.95551325763786, 52.271939402716598 ], [ 7.94534569666099, 52.264973549857203 ], [ 7.91347031291283, 52.222567557507801 ], [ 7.90520941877373, 52.208988141067202 ], [ 7.90864699428066, 52.189677104747801 ], [ 7.93284580024161, 52.177680382407601 ], [ 7.93945269541507, 52.176049096005499 ], [ 7.99113823326388, 52.174787031250098 ], [ 8.007135596793271, 52.1761476161007 ], [ 8.017338173538, 52.171356212305199 ], [ 8.026478713939939, 52.162933255024598 ], [ 8.024904778584419, 52.1596068724322 ], [ 8.003555211159719, 52.144772465849101 ], [ 8.008697235096969, 52.115693932306499 ], [ 7.95905511314123, 52.105737796466897 ], [ 7.89940862761531, 52.092482809875499 ], [ 7.88668679482601, 52.086822676837599 ], [ 7.88508468154409, 52.085977524828103 ], [ 7.88382015525475, 52.084599756073402 ], [ 7.89335249120242, 52.078643186318999 ], [ 7.90624722067479, 52.0667198163354 ], [ 7.91683291624186, 52.051388012554803 ], [ 7.92987225997207, 52.048249718801898 ], [ 7.94290924918322, 52.045118974756797 ], [ 7.97459777712022, 52.037523412726003 ], [ 7.9838566297125, 52.0381962512133 ], [ 7.98717142492733, 52.040003203640197 ], [ 7.98764826906453, 52.040616263571003 ], [ 7.9885461577009, 52.0439022169084 ], [ 7.98884251612915, 52.044349466413998 ], [ 7.99289692863623, 52.049420849986298 ], [ 7.99350864884748, 52.049973713683102 ], [ 8.03182014121008, 52.068592713660401 ], [ 8.067094395290001, 52.0681835283224 ], [ 8.092406006057439, 52.063972388213898 ], [ 8.09730628946334, 52.057474539728801 ], [ 8.07567963414799, 52.010634009524203 ], [ 8.09167320343672, 51.997827738048699 ], [ 8.09819198994405, 51.998076379986401 ], [ 8.09988695544884, 51.998281568306702 ], [ 8.107451742235179, 51.9925209322341 ], [ 8.1148885473663, 51.971961595603801 ], [ 8.1103545822307, 51.967019716078603 ], [ 8.11307200034676, 51.9632763176932 ], [ 8.11987212188302, 51.955006650761199 ], [ 8.138426111670769, 51.945827582394301 ], [ 8.16233169187109, 51.932665163933898 ], [ 8.16890506817415, 51.9262783853952 ], [ 8.172935334363901, 51.919778486760698 ], [ 8.170946981084571, 51.911999696239 ], [ 8.16270662304621, 51.904998010841197 ], [ 8.16868337439513, 51.890022597409498 ], [ 8.190034769925189, 51.863404040724497 ], [ 8.200106944107279, 51.862573593998199 ], [ 8.20451199119718, 51.8596798872383 ], [ 8.2143723341505, 51.852625236288503 ], [ 8.218663660422861, 51.846452892956499 ], [ 8.218534983400801, 51.836262547956501 ], [ 8.23321539966423, 51.823854075512401 ], [ 8.25392607708225, 51.802351395398901 ], [ 8.263949350644349, 51.7732191570108 ], [ 8.278965146311361, 51.770225624199902 ], [ 8.30165538547832, 51.754224098675998 ], [ 8.30569540441614, 51.750123069522601 ], [ 8.31089135594015, 51.741858363980398 ], [ 8.319216338986269, 51.7266132236795 ], [ 8.30818257702829, 51.712837500478003 ], [ 8.304413142728469, 51.707466618919199 ], [ 8.29690315620358, 51.695581959895101 ], [ 8.29649149912021, 51.694809267603297 ], [ 8.296431097287631, 51.693359156761197 ], [ 8.296641873970531, 51.6889890488806 ], [ 8.296996112622219, 51.684945589564997 ], [ 8.29704500120757, 51.684532514068302 ], [ 8.29697686182138, 51.684144219979203 ], [ 8.29596451341483, 51.678716298044002 ], [ 8.295801512832959, 51.677894256268303 ], [ 8.295469390839759, 51.677276064417001 ], [ 8.294799436179099, 51.676759557083997 ], [ 8.293851685054889, 51.676300888549598 ], [ 8.268322441959739, 51.664886456155301 ], [ 8.25832290626877, 51.662204175165897 ], [ 8.2512830159244, 51.6608643950333 ], [ 8.25062321388144, 51.660743827726002 ], [ 8.21952094354052, 51.659049757525601 ], [ 8.218408642086651, 51.659010303193099 ], [ 8.208558296551869, 51.659782781627698 ], [ 8.196559686117981, 51.660962620032997 ], [ 8.194292391311579, 51.661440435766004 ], [ 8.20005715373123, 51.668825157924097 ], [ 8.210906894088239, 51.689178724610002 ], [ 8.21135775167083, 51.692319597722602 ], [ 8.21085413771503, 51.697746086338199 ], [ 8.15770120910933, 51.710683343628801 ], [ 8.14074476047198, 51.7147117516636 ], [ 8.119860209480921, 51.7178667698848 ], [ 8.11561892319336, 51.717781387962702 ], [ 8.109938425395679, 51.715569637242403 ], [ 8.10784610651808, 51.711531033159602 ], [ 8.09926511588329, 51.702230436819399 ], [ 8.09173612437151, 51.703535526385203 ], [ 8.07129777173752, 51.708131195853198 ], [ 8.06286834524208, 51.7116122163577 ], [ 8.05957864430138, 51.713794660163202 ], [ 8.05642380787228, 51.716699841828301 ], [ 8.053749394965401, 51.717121634224902 ], [ 7.97510103461585, 51.721932492941697 ], [ 7.97148858973741, 51.721999394629002 ], [ 7.96767843973922, 51.721449849915103 ], [ 7.96394829516162, 51.719722742595003 ], [ 7.96035277538691, 51.7174042946885 ], [ 7.95838319150826, 51.714517592539501 ], [ 7.95875079995788, 51.712599199909903 ], [ 7.96077273778436, 51.710635321981201 ], [ 7.96028453796063, 51.707168303730903 ], [ 7.95962169213661, 51.7047597113935 ], [ 7.958357970675, 51.7037784257315 ], [ 7.95709375359207, 51.702806117620703 ], [ 7.95388883619451, 51.701305944316999 ], [ 7.95237015580421, 51.701003212155598 ], [ 7.94564744316287, 51.699985089368603 ], [ 7.92244884561286, 51.706512022561 ], [ 7.88858144811291, 51.717543409731398 ], [ 7.87873429700169, 51.7259942909171 ], [ 7.87482464038193, 51.729202243722099 ], [ 7.82044404716802, 51.739424933837597 ], [ 7.80210559927755, 51.734705515865897 ], [ 7.78060840716547, 51.727345006111001 ], [ 7.77200778133243, 51.724752503682801 ], [ 7.76908601064, 51.724162990552003 ], [ 7.75976884480438, 51.729663989117597 ], [ 7.73539573454389, 51.738819632502803 ], [ 7.7023183954699, 51.712376519010697 ], [ 7.69452112482986, 51.718754708458299 ], [ 7.66642407250012, 51.719579619459701 ], [ 7.61329099211508, 51.7151622682942 ], [ 7.60602729691491, 51.709943156641401 ], [ 7.58754923657615, 51.7010988215822 ], [ 7.54984783840546, 51.687199690254403 ], [ 7.54233742763902, 51.684626163237901 ], [ 7.53876685457252, 51.686751610314701 ], [ 7.51824811044569, 51.706844744632903 ], [ 7.47721919854994, 51.728780438190597 ], [ 7.47207869670663, 51.735455694480002 ], [ 7.46725609418675, 51.736016495552803 ], [ 7.43531444254779, 51.723209740967697 ], [ 7.43398545960377, 51.7224910327296 ], [ 7.42426803762813, 51.716746486436698 ], [ 7.42510671022427, 51.706233790838802 ], [ 7.42672709194655, 51.705627632567797 ], [ 7.42966091144284, 51.705100561753703 ], [ 7.43674046752834, 51.7045548365979 ], [ 7.43788088029946, 51.704620385038702 ], [ 7.44958787573882, 51.693154973356201 ], [ 7.45230318330892, 51.689155285739403 ], [ 7.45144434604005, 51.6822722666601 ], [ 7.44837521812207, 51.6763946195777 ], [ 7.43586093279739, 51.669074832263099 ], [ 7.42970212533819, 51.667636445559502 ], [ 7.42443322378494, 51.670407704740803 ], [ 7.41366418643994, 51.670982359494602 ], [ 7.40929649951705, 51.670472037206302 ], [ 7.40909963175511, 51.664605241476302 ], [ 7.40607355183528, 51.666101766205301 ], [ 7.38149333552381, 51.678106550612497 ], [ 7.37939649642823, 51.678906596305403 ], [ 7.37783696901853, 51.679261610508703 ], [ 7.37011525778894, 51.680345002572899 ], [ 7.36840580408148, 51.6805608469436 ], [ 7.36713163510776, 51.680554101082002 ], [ 7.36633830761933, 51.680506056689303 ], [ 7.36300835892039, 51.6802736678763 ], [ 7.36090184378862, 51.680154725702103 ], [ 7.35957627053872, 51.680263576025297 ], [ 7.35895480668586, 51.680454155221298 ], [ 7.33957248350466, 51.687393149601597 ], [ 7.29930476583818, 51.706326959038499 ], [ 7.29860597381097, 51.706785266269797 ], [ 7.29811214056685, 51.707420242125302 ], [ 7.29805162755361, 51.708283038912498 ], [ 7.29841828510814, 51.7127682064773 ], [ 7.31145067547843, 51.722295708511403 ], [ 7.32382144533114, 51.736405044788903 ], [ 7.31023847269011, 51.746277708046001 ], [ 7.29550333662744, 51.7487161327713 ], [ 7.29226308979735, 51.748997557747302 ], [ 7.27965279046233, 51.749258508388998 ], [ 7.26806342837812, 51.761927236769303 ], [ 7.25793406513068, 51.773977570798998 ], [ 7.26208912869759, 51.782915628679298 ], [ 7.26385400384449, 51.792409525045699 ], [ 7.26085151954195, 51.796856737600201 ], [ 7.25645606741404, 51.7996449688141 ], [ 7.24820974111756, 51.804488521725901 ], [ 7.20934163398179, 51.816544634915502 ], [ 7.20610457690806, 51.817508293550503 ], [ 7.1914065057666, 51.820430797421999 ], [ 7.1862339194474, 51.820826631505298 ], [ 7.18512404567288, 51.820903657088003 ], [ 7.17299877237138, 51.821194396139298 ], [ 7.16903277509162, 51.820983991992399 ], [ 7.16790161251522, 51.820754103411502 ], [ 7.16668084831937, 51.820359604931198 ], [ 7.13316461786181, 51.8035726186882 ], [ 7.11501945933725, 51.788557319438098 ], [ 7.11367888642356, 51.787447372913597 ], [ 7.07449434936977, 51.777504492565399 ], [ 7.06050072794049, 51.777098975677902 ], [ 7.03349651417699, 51.7811208270858 ], [ 7.02277573703149, 51.7901366450739 ], [ 7.02036506527829, 51.800215409183302 ], [ 6.99458362654426, 51.801139658514103 ], [ 6.98718540808793, 51.800632427167201 ], [ 6.97380146240182, 51.798451754134298 ], [ 6.96919228924412, 51.792514564557401 ], [ 6.96733758859852, 51.789649397502203 ], [ 6.96437368400984, 51.784238340554097 ], [ 6.96301528392819, 51.7809735716218 ], [ 6.96175315413147, 51.777405459853803 ], [ 6.95466162599885, 51.771888712335603 ], [ 6.93586833927802, 51.773477117956297 ], [ 6.91654002311325, 51.7787120599369 ], [ 6.90952662033326, 51.754758413011103 ], [ 6.90924895232301, 51.753308939691998 ], [ 6.90886852768319, 51.749478612311698 ], [ 6.90915042781952, 51.748478453336702 ], [ 6.91125953861675, 51.746200690612703 ] ] ] ] } },
{ "type": "Feature", "properties": { "id": null, "Name": null, "description": null, "timestamp": null, "begin": null, "end": null, "altitudeMode": null, "tessellate": -1, "extrude": 0, "visibility": -1, "drawOrder": null, "icon": null, "USE": null, "RS": null, "RS_ALT": null, "GEN": null, "SHAPE_LENG": null, "SHAPE_AREA": null, "USE_2": 4, "RS_2": "05314", "RS_ALT_2": "053140000000", "GEN_2": "Bonn", "SHAPE_LE_1": 55924.451251112398, "SHAPE_AR_1": 143665641.802724, "StandortID": 3, "StandortNa": "Siegen", "USE_3": null, "RS_3": null, "RS_ALT_3": null, "GEN_3": null, "SHAPE_LE_2": null, "SHAPE_AR_2": null, "Standort_1": null, "Standort_2": null, "USE_4": null, "RS_4": null, "RS_ALT_4": null, "GEN_4": null, "SHAPE_LE_3": null, "SHAPE_AR_3": null, "Standort_3": null, "Standort_4": null }, "geometry": { "type": "MultiPolygon", "coordinates": [ [ [ [ 7.97046288102996, 50.406178332869302 ], [ 7.98379268255688, 50.406902888118303 ], [ 8.023348759287661, 50.399965196876202 ], [ 8.05823684552834, 50.3734067354128 ], [ 8.06577771993758, 50.366148674134003 ], [ 8.076050414930529, 50.348162984079799 ], [ 8.0820380379723, 50.330761585979602 ], [ 8.08301527242797, 50.330629110632202 ], [ 8.102670805440759, 50.326873107931597 ], [ 8.1073514697369, 50.322766690601597 ], [ 8.11655897425144, 50.302829289612497 ], [ 8.11967428159948, 50.293198611503399 ], [ 8.12160348658378, 50.277538858815397 ], [ 8.111840350320961, 50.270611351376601 ], [ 8.11161150180186, 50.270138483016098 ], [ 8.107636646916189, 50.261287494173402 ], [ 8.105207911729529, 50.260444603945601 ], [ 8.10279286312714, 50.259610944411598 ], [ 8.079538322473789, 50.260706789206502 ], [ 8.07432475310018, 50.267051294402897 ], [ 8.07355368328489, 50.2681152540898 ], [ 8.07376650920005, 50.271891717401203 ], [ 8.07173635935612, 50.273127074317003 ], [ 8.05121759184237, 50.273870133727598 ], [ 8.03569823773933, 50.271134056695701 ], [ 8.025147382778171, 50.2610130749378 ], [ 8.021351374384819, 50.2573570620469 ], [ 8.02511419067285, 50.253891377336203 ], [ 8.04399625180486, 50.242369217192604 ], [ 8.04874560182043, 50.240391332871901 ], [ 8.05976292518725, 50.234459818097598 ], [ 8.059153333159941, 50.233492585711602 ], [ 8.05852185738922, 50.2326779207825 ], [ 8.05748948329744, 50.232016753434003 ], [ 8.04969401978186, 50.227277127517397 ], [ 8.03349957215233, 50.218962483562201 ], [ 8.02316143893154, 50.217578089888796 ], [ 8.01212520594652, 50.217735053161597 ], [ 8.00356219341915, 50.223913587309397 ], [ 7.98521222078921, 50.227248347401797 ], [ 7.95831807182741, 50.219803768274602 ], [ 7.91928195781223, 50.207497335901998 ], [ 7.90756578095029, 50.200399463596298 ], [ 7.88430794900705, 50.180964137505399 ], [ 7.88467438274808, 50.168026167470202 ], [ 7.89047367405668, 50.162765747959703 ], [ 7.92236591137224, 50.146698406563701 ], [ 7.92940449499028, 50.142220372649199 ], [ 7.92749809184178, 50.105203102536002 ], [ 7.91995122408565, 50.108832125908599 ], [ 7.89731889104023, 50.121472182904398 ], [ 7.85423144156558, 50.128234728075597 ], [ 7.84890811599931, 50.126013692424003 ], [ 7.84707111661594, 50.1248096831876 ], [ 7.83707124368896, 50.109667950048298 ], [ 7.83516257343612, 50.105779119802101 ], [ 7.83269322240351, 50.099428294344797 ], [ 7.83201133432392, 50.094397624924298 ], [ 7.84036744435013, 50.087164865664697 ], [ 7.84021634027408, 50.085621817267899 ], [ 7.83568827110597, 50.083040443523501 ], [ 7.8308983276752, 50.081389077057104 ], [ 7.78160619164065, 50.066541436210301 ], [ 7.77430078681412, 50.067339649494301 ], [ 7.76549036367764, 50.083038043591699 ], [ 7.75399916927674, 50.0915317671152 ], [ 7.73597032603873, 50.104278218519902 ], [ 7.7320243348212, 50.1066406913314 ], [ 7.72638314641204, 50.110447509904198 ], [ 7.72349897480198, 50.1125923991939 ], [ 7.72275816884344, 50.113285674839602 ], [ 7.72248085071291, 50.113954217775103 ], [ 7.7222887507527, 50.1148408954 ], [ 7.72243165746342, 50.115744751634303 ], [ 7.72288693986787, 50.1165751422825 ], [ 7.72384930136814, 50.117354838473098 ], [ 7.72909566318063, 50.120777478041802 ], [ 7.73679498908243, 50.125852822600997 ], [ 7.73799268571094, 50.1269261683697 ], [ 7.73859851602986, 50.127823180672003 ], [ 7.73882991398194, 50.1286571053855 ], [ 7.73866705080717, 50.1295265152106 ], [ 7.73750630319737, 50.133568106008703 ], [ 7.73714201041978, 50.134288607489701 ], [ 7.73670692116762, 50.134782297275102 ], [ 7.72572086159026, 50.147013402694199 ], [ 7.70084078461119, 50.165612356949502 ], [ 7.69970742534642, 50.166286922284797 ], [ 7.69842433011357, 50.166885790964898 ], [ 7.69650707912541, 50.167541133611699 ], [ 7.69414662356271, 50.1681045314415 ], [ 7.69164986993487, 50.168601511409797 ], [ 7.6899702460766, 50.1687943842416 ], [ 7.68555733103409, 50.1692171490836 ], [ 7.68353196144676, 50.169329383467002 ], [ 7.67571046159118, 50.169550773764598 ], [ 7.67420568846302, 50.169630683541499 ], [ 7.67227772993615, 50.1697541214048 ], [ 7.67006228551347, 50.169996500248502 ], [ 7.66802174099922, 50.1703602014654 ], [ 7.66586059645056, 50.170864934443401 ], [ 7.65320222637802, 50.175034717187302 ], [ 7.65137764441928, 50.175763675370902 ], [ 7.64871166098903, 50.176957872258598 ], [ 7.64668743487897, 50.178204005810699 ], [ 7.64525068090893, 50.1792396758919 ], [ 7.64455824588355, 50.180023767933903 ], [ 7.64437203029258, 50.1807844536932 ], [ 7.64423181710984, 50.181942495952399 ], [ 7.64437872249519, 50.182990630554997 ], [ 7.64670826019874, 50.188991459264699 ], [ 7.64693601571529, 50.190095630493197 ], [ 7.647150865168, 50.191181491980601 ], [ 7.6470763876881, 50.192413206819801 ], [ 7.64685138598002, 50.194046343860101 ], [ 7.64621371622391, 50.196704671097201 ], [ 7.64480559827027, 50.200271228703102 ], [ 7.64423439148745, 50.2013645018883 ], [ 7.643257355039, 50.202672735428301 ], [ 7.64201358522641, 50.2039833199781 ], [ 7.64038552298731, 50.205383339020599 ], [ 7.61278186003707, 50.227966825331798 ], [ 7.61113837013536, 50.229131984528898 ], [ 7.60929178280892, 50.230174928038302 ], [ 7.60714908007981, 50.231237407648102 ], [ 7.60483955120458, 50.232043471321099 ], [ 7.60050387942087, 50.232924315351198 ], [ 7.59912088341211, 50.233042387081603 ], [ 7.59631173467203, 50.233295362809997 ], [ 7.58682232623013, 50.234198034943198 ], [ 7.58386632562783, 50.234780166166303 ], [ 7.58146998255322, 50.235844729661601 ], [ 7.57989174313446, 50.237299275363 ], [ 7.57911445105378, 50.239647646847601 ], [ 7.57902789935662, 50.241950598267103 ], [ 7.58004585975418, 50.243876480957198 ], [ 7.58343530584921, 50.246511051108001 ], [ 7.58859758018676, 50.248641309438597 ], [ 7.59350809782587, 50.249396262403003 ], [ 7.60003468775724, 50.249678606191203 ], [ 7.63932390423379, 50.246019798817798 ], [ 7.64283872216318, 50.246872835807103 ], [ 7.6453601059766, 50.248133214161001 ], [ 7.64964370656094, 50.251139180309202 ], [ 7.65146154236318, 50.253822583157501 ], [ 7.6522101024246, 50.256308325636297 ], [ 7.65173896605235, 50.260384526064001 ], [ 7.64962895475584, 50.264383976379698 ], [ 7.64719257888154, 50.266574423244201 ], [ 7.64204526366317, 50.269912856751603 ], [ 7.60516053691724, 50.293794768768599 ], [ 7.59630413655177, 50.304295256733703 ], [ 7.59051178803574, 50.312936965975503 ], [ 7.58893645601933, 50.322036592588901 ], [ 7.58990081495319, 50.324636361864499 ], [ 7.59211909906468, 50.3247015700966 ], [ 7.59619399235383, 50.324816582515503 ], [ 7.58682481294668, 50.366670956685802 ], [ 7.54405859659679, 50.392289284497899 ], [ 7.55235033565716, 50.398426628401801 ], [ 7.56981462687006, 50.411596649441499 ], [ 7.55334760094816, 50.399178677523302 ], [ 7.54761708968071, 50.4064842074309 ], [ 7.5367243158903, 50.420365684416403 ], [ 7.50306720112957, 50.413496637027599 ], [ 7.49569443956877, 50.412430768157897 ], [ 7.48978183934037, 50.4121140725901 ], [ 7.48369437011718, 50.412107671875198 ], [ 7.48033232609497, 50.412451703148498 ], [ 7.47803408105657, 50.412688488735 ], [ 7.472238863779, 50.414048923275203 ], [ 7.46729049047622, 50.415602532275599 ], [ 7.46400800574318, 50.417325957997598 ], [ 7.46006096483647, 50.420166425905897 ], [ 7.45511557416359, 50.4247003428057 ], [ 7.45224927372133, 50.427596186870197 ], [ 7.45085941929958, 50.429243328091502 ], [ 7.44600925759145, 50.435535476046603 ], [ 7.44410878726204, 50.437655312101199 ], [ 7.44281977799484, 50.4388277644303 ], [ 7.44080516639725, 50.440314147008202 ], [ 7.43787368311252, 50.4420192348109 ], [ 7.43624950738054, 50.4427054409921 ], [ 7.43403105024025, 50.443420818150997 ], [ 7.43184130897997, 50.443911783373899 ], [ 7.42905677592968, 50.4442247366553 ], [ 7.42568214610079, 50.444287734349501 ], [ 7.42427437815665, 50.444250117726803 ], [ 7.42150219508131, 50.444157992323497 ], [ 7.41771944618582, 50.443993696472702 ], [ 7.41732643767114, 50.443965149495298 ], [ 7.40936451725576, 50.443445408764298 ], [ 7.40369370023401, 50.443256911674403 ], [ 7.40046999561855, 50.443170127758101 ], [ 7.39820337032993, 50.443325221608198 ], [ 7.3966540528128, 50.4435085880176 ], [ 7.39485352066667, 50.443865271778897 ], [ 7.39275355630403, 50.4444840068319 ], [ 7.38963715089913, 50.445543541848799 ], [ 7.38482146862088, 50.447340480338603 ], [ 7.38116408791807, 50.449105592687502 ], [ 7.37324101942706, 50.4537086514066 ], [ 7.36337009459592, 50.459780127948903 ], [ 7.34390825390357, 50.476872661901901 ], [ 7.32999667893119, 50.488297336569701 ], [ 7.32032182674615, 50.496280148154099 ], [ 7.31052543453169, 50.504547078308498 ], [ 7.30329995493719, 50.5117228224521 ], [ 7.29986403962688, 50.5161215209354 ], [ 7.29766546131445, 50.518942408413203 ], [ 7.28268997722755, 50.546327473580497 ], [ 7.27893666198829, 50.5585612675129 ], [ 7.27802110517136, 50.560976371993497 ], [ 7.27571459634843, 50.564082124993199 ], [ 7.27343990155518, 50.566927559565997 ], [ 7.2709618636921, 50.569641174267197 ], [ 7.2672215824141, 50.572607581035797 ], [ 7.26304189684288, 50.574967136287299 ], [ 7.25836834258409, 50.576691263110398 ], [ 7.25546262039471, 50.5773931558223 ], [ 7.25041587637112, 50.578169785161599 ], [ 7.23966134786197, 50.579253454600497 ], [ 7.23424924650423, 50.580190208148998 ], [ 7.22832210623828, 50.581409321097098 ], [ 7.22397860817214, 50.582835220028898 ], [ 7.22095353302382, 50.584217388481001 ], [ 7.21833960660087, 50.585584145906097 ], [ 7.21459759016222, 50.588305764328503 ], [ 7.21212470111155, 50.590477989753403 ], [ 7.21091803891269, 50.592145863642898 ], [ 7.2103331719639, 50.593822439325599 ], [ 7.2102035689132, 50.595665082360497 ], [ 7.21079863824134, 50.597465352665097 ], [ 7.21342436405669, 50.601178804867999 ], [ 7.21408069013457, 50.602512449462303 ], [ 7.21423427178398, 50.603750712545903 ], [ 7.21366290998244, 50.610471389895203 ], [ 7.21185096913742, 50.624965439908699 ], [ 7.21188532253691, 50.649032057009201 ], [ 7.19542782681539, 50.6433747876372 ], [ 7.18891193400466, 50.628786557424 ], [ 7.1838706062288, 50.623003706408298 ], [ 7.17347029496035, 50.612770141524898 ], [ 7.14725132378139, 50.600374926275499 ], [ 7.14100584579994, 50.600634736132598 ], [ 7.12643454866754, 50.605857293401101 ], [ 7.11245523730301, 50.605988428129898 ], [ 7.11172246088997, 50.604381659429997 ], [ 7.10293360696562, 50.590153238691499 ], [ 7.09406559315796, 50.585829616007501 ], [ 7.08470896403736, 50.5862827131484 ], [ 7.06814567638972, 50.593744907735697 ], [ 7.06661309121366, 50.599779337216098 ], [ 7.0664125142922, 50.600584056115203 ], [ 7.05621025880323, 50.6063241693425 ], [ 7.04917837958219, 50.604366768000602 ], [ 7.03644142410369, 50.595554280357902 ], [ 7.02347672991072, 50.585490300927198 ], [ 7.0130050081097, 50.575644219000402 ], [ 7.00241954287519, 50.5670006125507 ], [ 6.99957052861808, 50.565193702141897 ], [ 6.97393112112336, 50.555603095224001 ], [ 6.96182571794427, 50.555998029957898 ], [ 6.93784217532662, 50.560664655152301 ], [ 6.92749174945652, 50.559164454574599 ], [ 6.92132650987357, 50.564891753784799 ], [ 6.9008709975055, 50.569912575379199 ], [ 6.89114183746227, 50.574464190059103 ], [ 6.88475877470124, 50.594092014773203 ], [ 6.88406626068174, 50.598655640573099 ], [ 6.88397454486755, 50.599292369118402 ], [ 6.88604092033386, 50.600942579677202 ], [ 6.88678789066405, 50.601533478484299 ], [ 6.89056948804797, 50.602786850141896 ], [ 6.89829061070486, 50.603802723212297 ], [ 6.90158541257725, 50.603662230299797 ], [ 6.91162886395932, 50.617766568297398 ], [ 6.91492618967281, 50.624066709296599 ], [ 6.91629933146729, 50.629244042929201 ], [ 6.91056775703846, 50.632137921286002 ], [ 6.89888242506023, 50.635449671275602 ], [ 6.87828285579266, 50.6367785583355 ], [ 6.87429314841983, 50.638905541633903 ], [ 6.86966675687279, 50.641381747239301 ], [ 6.86369975123561, 50.651427894119202 ], [ 6.8658412047606, 50.6606930350707 ], [ 6.87173137262836, 50.676453872965098 ], [ 6.87063551963923, 50.689454863317899 ], [ 6.85653041451132, 50.691020308109998 ], [ 6.85604902690546, 50.6915546674811 ], [ 6.85619066058323, 50.696279671125197 ], [ 6.85741965515903, 50.697615611204597 ], [ 6.86484874801942, 50.704758911875402 ], [ 6.86774139506521, 50.707327110992203 ], [ 6.88609895989639, 50.710991848417301 ], [ 6.89017806008488, 50.712182189417298 ], [ 6.89247085912688, 50.713172533781602 ], [ 6.89586387878381, 50.715350201505203 ], [ 6.90141445254979, 50.719729838924799 ], [ 6.91576869827348, 50.734030012616302 ], [ 6.90210855834472, 50.750650097932301 ], [ 6.89277119090159, 50.747819271334698 ], [ 6.88201477485006, 50.745907230313897 ], [ 6.87788592307529, 50.748976153195102 ], [ 6.87214146106631, 50.753273586149703 ], [ 6.86703425275892, 50.761770713616599 ], [ 6.86490172455137, 50.767622449950402 ], [ 6.86827504036808, 50.772457736835598 ], [ 6.87044695887225, 50.780138016141201 ], [ 6.86890000126327, 50.783395677193603 ], [ 6.86398456281193, 50.784836085107401 ], [ 6.87089788348813, 50.790764181843798 ], [ 6.88391081973421, 50.7939454579612 ], [ 6.93431179326201, 50.805424717856503 ], [ 6.97810706930981, 50.797584203684998 ], [ 6.99440094687104, 50.793168785648497 ], [ 7.02998662347836, 50.800229490443598 ], [ 7.03068341829446, 50.80747442434 ], [ 7.03064162036847, 50.809752097263399 ], [ 7.03009585858459, 50.8119245975005 ], [ 7.02840939755489, 50.814711516613499 ], [ 7.02554810359133, 50.8178055058357 ], [ 7.02080757865295, 50.820924174669798 ], [ 7.01660168233873, 50.822590463800303 ], [ 7.01306281172107, 50.8231326823514 ], [ 6.99904695886538, 50.824755261116998 ], [ 6.99409890022528, 50.825308409232598 ], [ 6.9907419296793, 50.826071667380504 ], [ 6.98706508552967, 50.827302545309003 ], [ 6.98436623623665, 50.829328627363999 ], [ 6.98267542665511, 50.831376186209802 ], [ 6.98175270721296, 50.833609182621402 ], [ 6.98154468777776, 50.834854967245903 ], [ 6.98127365549096, 50.836558228161799 ], [ 6.98139114000483, 50.838390390009899 ], [ 6.9822519844958, 50.840551349902398 ], [ 6.99295827335448, 50.837236248083599 ], [ 6.99900315831711, 50.836869343609401 ], [ 7.00617265490124, 50.837625918743598 ], [ 7.02251408756572, 50.839954376166403 ], [ 7.02716414238331, 50.8470294551202 ], [ 7.03276079033973, 50.849061318235101 ], [ 7.05778212101882, 50.849148589467099 ], [ 7.06181566512462, 50.844242032488303 ], [ 7.06270133084597, 50.830523032139503 ], [ 7.08049247328908, 50.830733501040399 ], [ 7.09036803880087, 50.833185881501898 ], [ 7.11287534240945, 50.843257502030198 ], [ 7.11351578004466, 50.846185486979898 ], [ 7.1632190088538, 50.8684668026238 ], [ 7.14324903382167, 50.878726499429298 ], [ 7.13747696638333, 50.882945897317398 ], [ 7.13678013452739, 50.906154567903499 ], [ 7.13678538164948, 50.9279243634804 ], [ 7.13067245887257, 50.943230267354103 ], [ 7.12823646797004, 50.943204694668601 ], [ 7.11433927423152, 50.943359415996802 ], [ 7.08673620277169, 50.957927786569499 ], [ 7.10048316805053, 50.966896006343198 ], [ 7.1004216533403, 50.972991994734102 ], [ 7.09984867556432, 50.981198669934301 ], [ 7.09577982622239, 50.985313082402101 ], [ 7.08729988083595, 50.987496722156997 ], [ 7.0826779522699, 50.9880546586243 ], [ 7.06898298797398, 50.989723498252701 ], [ 7.0667998653565, 50.9937664312585 ], [ 7.06189669946593, 51.013311566596201 ], [ 7.06827766422679, 51.018732911637002 ], [ 7.04380368592053, 51.019081227041497 ], [ 6.9977629719727, 51.0171836671881 ], [ 6.97314853824223, 51.0169274066063 ], [ 6.97316485634838, 51.020278762146098 ], [ 6.97227292045583, 51.022990117489996 ], [ 6.97119091851898, 51.024632787040503 ], [ 6.9697850099131, 51.026400761359099 ], [ 6.96565096597012, 51.029851489094703 ], [ 6.96313716232386, 51.031531735538103 ], [ 6.95899563783137, 51.033946137607799 ], [ 6.9429494791282, 51.0423572075482 ], [ 6.94046803021871, 51.043596599591801 ], [ 6.90469865021558, 51.061127414089597 ], [ 6.89946378125546, 51.0633710336352 ], [ 6.8969839510705, 51.064375406008601 ], [ 6.90444037114716, 51.067398090646002 ], [ 6.93726140564077, 51.071351067641601 ], [ 6.9722399869391, 51.066946753712898 ], [ 6.99308673169489, 51.075961609951797 ], [ 6.99379418316656, 51.087008103989596 ], [ 6.99653223341153, 51.1171484037732 ], [ 7.00153191704627, 51.122946006358603 ], [ 7.02316130256977, 51.129383832724699 ], [ 7.02497002804927, 51.1298880390326 ], [ 7.02635016115929, 51.130190307140801 ], [ 7.02692767914279, 51.1303155881617 ], [ 7.03533716336441, 51.131565199816201 ], [ 7.0816885012331, 51.137776924036601 ], [ 7.08265994601647, 51.137805352278299 ], [ 7.09787425122983, 51.138060380473497 ], [ 7.10846281665326, 51.1373595786104 ], [ 7.10936944796781, 51.1372958362657 ], [ 7.11013602220499, 51.1369938442365 ], [ 7.11754858596979, 51.132930534166597 ], [ 7.11909710604299, 51.130156256653798 ], [ 7.11657168281865, 51.124958258108997 ], [ 7.12014914773207, 51.122422896716003 ], [ 7.1354914865843, 51.1169125967821 ], [ 7.14609608444902, 51.116109911931503 ], [ 7.17188112001289, 51.126061475862599 ], [ 7.1702394239565, 51.1269964058786 ], [ 7.15889114818898, 51.133508185378297 ], [ 7.16037365939898, 51.145880510159401 ], [ 7.16657165217037, 51.153253699839397 ], [ 7.17048862175448, 51.152356658183002 ], [ 7.17116484327214, 51.152312883668401 ], [ 7.17170791110264, 51.152328355414298 ], [ 7.19385608428296, 51.153407519145503 ], [ 7.20387152405039, 51.1565454754097 ], [ 7.20456823137603, 51.156817303409198 ], [ 7.21721674515392, 51.161217101235998 ], [ 7.21842731511032, 51.161314144181702 ], [ 7.22684372239081, 51.160784662685202 ], [ 7.25457955897904, 51.157622620970599 ], [ 7.26764717375329, 51.145655731272697 ], [ 7.28127226161566, 51.144086665401801 ], [ 7.28740514945925, 51.144012335363698 ], [ 7.28861600440804, 51.144099644281802 ], [ 7.29057211761942, 51.145207088229498 ], [ 7.29407027561641, 51.147203371280703 ], [ 7.29534190168931, 51.148481036811603 ], [ 7.29602391096876, 51.149589438624702 ], [ 7.30719022885651, 51.182162475762901 ], [ 7.30762928394203, 51.183480283199899 ], [ 7.30767910518032, 51.184625371627597 ], [ 7.30580689799745, 51.194705586161902 ], [ 7.29716691499458, 51.195081670528801 ], [ 7.29463537823881, 51.195417572449898 ], [ 7.29534083855027, 51.200741245618097 ], [ 7.2964166379866, 51.205894972265099 ], [ 7.29908675751479, 51.215973334958498 ], [ 7.31028487365525, 51.230922194364197 ], [ 7.3123276612407, 51.233949692806398 ], [ 7.30514764567152, 51.239859714102899 ], [ 7.33792806106179, 51.247620837902502 ], [ 7.3386310243538, 51.242389681325001 ], [ 7.3390725246969, 51.240762621716698 ], [ 7.33968411067021, 51.240211811060298 ], [ 7.34066141954968, 51.239977021511002 ], [ 7.35238778235567, 51.2392662841076 ], [ 7.35247306731439, 51.2392776041318 ], [ 7.3595589223258, 51.240557544954001 ], [ 7.35885230208116, 51.242717865419202 ], [ 7.36575259927653, 51.244415672572501 ], [ 7.37173775631654, 51.245440241995503 ], [ 7.3743915803547, 51.245871331700798 ], [ 7.3899548184975, 51.246357800332397 ], [ 7.39447180410986, 51.2451179264879 ], [ 7.39942068640557, 51.242358469168202 ], [ 7.4303543239315, 51.224209212849701 ], [ 7.43074057480914, 51.218618284438499 ], [ 7.43025567951629, 51.215129647955997 ], [ 7.44003837755213, 51.224579874224197 ], [ 7.44500769714923, 51.227933460674599 ], [ 7.45096054429787, 51.230087761358398 ], [ 7.46854681869754, 51.232012324906002 ], [ 7.47952949733125, 51.232728462609302 ], [ 7.48801327852273, 51.236134721343397 ], [ 7.49948345097273, 51.241723952905502 ], [ 7.49969288229793, 51.2488699394017 ], [ 7.50263708746364, 51.253240522027802 ], [ 7.51262060129022, 51.264147894928598 ], [ 7.51880443025377, 51.264845713029999 ], [ 7.54920562839629, 51.269289222550697 ], [ 7.56490515934119, 51.280164471919598 ], [ 7.58291444128619, 51.296407340302203 ], [ 7.58388211329995, 51.299952000472601 ], [ 7.58450522232661, 51.3069005963103 ], [ 7.58441091247986, 51.307483505040302 ], [ 7.58414900522769, 51.307990219993499 ], [ 7.58303429802363, 51.3360280015455 ], [ 7.5911973773114, 51.357434896020898 ], [ 7.58880485250249, 51.3622917228804 ], [ 7.58428271929627, 51.377819288329697 ], [ 7.58701675066435, 51.390078366018798 ], [ 7.61025698710494, 51.388725595201599 ], [ 7.61529546435399, 51.3896147706905 ], [ 7.62080054817331, 51.392937145053502 ], [ 7.63089630991078, 51.405276002253203 ], [ 7.6313320673392, 51.4063670867884 ], [ 7.63134354680362, 51.40710566712 ], [ 7.62814472012696, 51.422819852996803 ], [ 7.62509369945423, 51.431073596765202 ], [ 7.62070251512809, 51.440924110169298 ], [ 7.63158282293274, 51.451715119538001 ], [ 7.66463925014979, 51.466417729089898 ], [ 7.69472798576902, 51.473396116896303 ], [ 7.69655358623526, 51.473718715470099 ], [ 7.69794392016237, 51.473850863956599 ], [ 7.69918357741694, 51.473853364235097 ], [ 7.70029863309227, 51.4737718509909 ], [ 7.71850081782919, 51.471250488463603 ], [ 7.73134165313786, 51.4679610829685 ], [ 7.78765302184905, 51.470730981827302 ], [ 7.83840326021007, 51.4785065782986 ], [ 7.86413744850379, 51.458173094948897 ], [ 7.87631133430285, 51.450154020658402 ], [ 7.89030069174436, 51.426077838576497 ], [ 7.90168177025316, 51.379643576906297 ], [ 7.90567616110199, 51.347593153409797 ], [ 7.90671546817773, 51.346751882889997 ], [ 7.91160911387134, 51.345365493717203 ], [ 7.92399647327822, 51.3410648230848 ], [ 7.92817331196678, 51.338338683550901 ], [ 7.93170269332818, 51.334328890287502 ], [ 7.93258454783712, 51.329498310133502 ], [ 7.94789409106242, 51.331317521720003 ], [ 8.922421361671629, 51.443220912429403 ], [ 8.93446754086985, 51.431348396199702 ], [ 8.948051735874291, 51.429809674782298 ], [ 8.94933512149305, 51.412252096788002 ], [ 8.94277452844617, 51.3969214376189 ], [ 8.93900283567956, 51.389798342211698 ], [ 8.93754403065131, 51.389553988639399 ], [ 8.93732778568728, 51.389569116093497 ], [ 8.93604372126495, 51.389687014101803 ], [ 8.91571351158888, 51.393230184634099 ], [ 8.91204788643687, 51.393162718135301 ], [ 8.890471249657059, 51.392761166950201 ], [ 8.88728355149636, 51.391781588363997 ], [ 8.87583988546279, 51.385504662676702 ], [ 8.862051068228769, 51.379751832044697 ], [ 8.85433165562592, 51.377664165869597 ], [ 8.837799123425739, 51.383523801285499 ], [ 8.819422674129139, 51.388949835532401 ], [ 8.811339405669489, 51.390120826951502 ], [ 8.804181715643271, 51.390755681130599 ], [ 8.77190925719669, 51.385641841620703 ], [ 8.75768854189287, 51.377953408838998 ], [ 8.73100899604739, 51.372083002828603 ], [ 8.710978879581591, 51.374326454954698 ], [ 8.70679492221171, 51.3750546225722 ], [ 8.620791909387849, 51.336639997647403 ], [ 8.604126655206249, 51.323691070846102 ], [ 8.570665499434391, 51.292575167130302 ], [ 8.568056619959499, 51.290149140871698 ], [ 8.56695819404915, 51.289127702308797 ], [ 8.566798242915411, 51.288978961957099 ], [ 8.56529140804026, 51.2875777393212 ], [ 8.56504629718822, 51.287349807993202 ], [ 8.55656517421493, 51.277842459925303 ], [ 8.55630250001785, 51.277548001865 ], [ 8.56231470744437, 51.272446109420798 ], [ 8.589200980374409, 51.249630716839803 ], [ 8.59327911215094, 51.247420142216598 ], [ 8.59766010415321, 51.246897395794399 ], [ 8.60940345482865, 51.2465745215966 ], [ 8.68202579545448, 51.268981702383698 ], [ 8.68339426447108, 51.269569922631902 ], [ 8.684359479547711, 51.270196844937402 ], [ 8.690079958237559, 51.274317219276199 ], [ 8.69381808094254, 51.277785789897301 ], [ 8.707164960418019, 51.276253743121899 ], [ 8.72195090908385, 51.273842089113003 ], [ 8.732128083963341, 51.258003704391001 ], [ 8.727339731300329, 51.2501106557932 ], [ 8.730873521773139, 51.240228434452497 ], [ 8.75033215931068, 51.198933364841402 ], [ 8.758042007638011, 51.177575139174799 ], [ 8.75771684309548, 51.176706323718101 ], [ 8.73609218513197, 51.160713578522397 ], [ 8.719915196781731, 51.1522605293762 ], [ 8.71844619795092, 51.151761157336097 ], [ 8.714143861843249, 51.151632503313301 ], [ 8.69416147609396, 51.135656623313999 ], [ 8.69238345605512, 51.132470152622297 ], [ 8.692449970932399, 51.129303191600201 ], [ 8.70185966285902, 51.116470465996699 ], [ 8.711958619162271, 51.117111516432303 ], [ 8.720227897992791, 51.115140825647501 ], [ 8.71859744166855, 51.111066023533297 ], [ 8.716837499514639, 51.109617170524899 ], [ 8.714566906080989, 51.108808478164399 ], [ 8.666218982403841, 51.098609217481901 ], [ 8.61944212027309, 51.100196179353297 ], [ 8.595483161350931, 51.101616889434098 ], [ 8.55378268706461, 51.102333309596503 ], [ 8.551659929173351, 51.101820880242997 ], [ 8.55011330777549, 51.100868015956699 ], [ 8.546171371601121, 51.096382883834501 ], [ 8.54474749823345, 51.095575983889603 ], [ 8.5431212649877, 51.095161732452702 ], [ 8.54144236268359, 51.094980568732097 ], [ 8.52760628514531, 51.095989694238398 ], [ 8.50980241699874, 51.084544815656201 ], [ 8.50903019784009, 51.083892603492899 ], [ 8.504897559783361, 51.079978765973102 ], [ 8.50418377296497, 51.079300507827597 ], [ 8.50381651390474, 51.078538190982499 ], [ 8.50372490363028, 51.077681554533299 ], [ 8.503823102081, 51.076729167891401 ], [ 8.504104201744671, 51.075842905001203 ], [ 8.50447937925202, 51.0750932867996 ], [ 8.505053681012139, 51.074365057963 ], [ 8.506012626916, 51.073661387907698 ], [ 8.507035982635349, 51.073120840624199 ], [ 8.51208251045146, 51.071046771255801 ], [ 8.51452825512067, 51.071646463559901 ], [ 8.5153292659159, 51.071624085899302 ], [ 8.516369429215761, 51.071353746713697 ], [ 8.523091842768761, 51.068155626916997 ], [ 8.526667211951271, 51.064705924232399 ], [ 8.5272108446809, 51.0636800614121 ], [ 8.52689018558414, 51.059471383264501 ], [ 8.522830244757589, 51.036469104464103 ], [ 8.531809175025501, 51.0290785229382 ], [ 8.538645108207, 51.0196531348262 ], [ 8.5306310816135, 51.0134695848297 ], [ 8.52436943105532, 51.009736346627001 ], [ 8.5160937406385, 51.005752457955303 ], [ 8.50065386350723, 50.998566974714997 ], [ 8.47390545843705, 50.975791777792999 ], [ 8.4742524570822, 50.973394598487502 ], [ 8.478768315795611, 50.969215688418402 ], [ 8.46617056427991, 50.968483243902803 ], [ 8.46024187351423, 50.965859261700302 ], [ 8.4501382163745, 50.941595287827703 ], [ 8.450722441541441, 50.933198679447301 ], [ 8.43252397149292, 50.917394896901698 ], [ 8.405620979637851, 50.902340659037201 ], [ 8.396173759468359, 50.894060025274499 ], [ 8.388516954675429, 50.885595043698203 ], [ 8.38486237773547, 50.875843256302801 ], [ 8.36826618448511, 50.864216326835297 ], [ 8.35949350487336, 50.861057541271101 ], [ 8.35574436821306, 50.861861535238297 ], [ 8.352320691953681, 50.865164776667903 ], [ 8.33937068173009, 50.865608719462202 ], [ 8.33744752055005, 50.865671936394001 ], [ 8.318546744883919, 50.8619699794233 ], [ 8.306571276947549, 50.861663419058203 ], [ 8.29521417735242, 50.8708190039006 ], [ 8.292229100737771, 50.8770634138723 ], [ 8.290817913621231, 50.881312314940402 ], [ 8.27165724494232, 50.881783589003 ], [ 8.260980545205291, 50.876267373531498 ], [ 8.23388447703323, 50.856838256113299 ], [ 8.187443882497631, 50.828628743620698 ], [ 8.17530069516433, 50.818762979490103 ], [ 8.16978749104779, 50.8082459893795 ], [ 8.160996393488659, 50.801956644583598 ], [ 8.1453952606341, 50.796122674337198 ], [ 8.12835871057041, 50.788429723507001 ], [ 8.13070598041522, 50.777179906806602 ], [ 8.14114545719762, 50.772054482400002 ], [ 8.152818524957439, 50.759580398673798 ], [ 8.16439029627319, 50.744186521645901 ], [ 8.167404580452811, 50.734696031492199 ], [ 8.15065463968434, 50.705352479697503 ], [ 8.14198562854954, 50.694553588006499 ], [ 8.131718240077481, 50.696909560751799 ], [ 8.127157326835549, 50.693224236393803 ], [ 8.12696968196502, 50.691897061346097 ], [ 8.12632378416513, 50.685924283199697 ], [ 8.112147069854061, 50.675793033061801 ], [ 8.11004423540415, 50.665666970541601 ], [ 8.109871871848171, 50.657408266310597 ], [ 8.11735050159151, 50.6487763536201 ], [ 8.138619416514519, 50.6190372297946 ], [ 8.14640277085979, 50.602433939127998 ], [ 8.15157487095782, 50.599433464158203 ], [ 8.15175873765636, 50.593234691453603 ], [ 8.13975377620981, 50.571330586633103 ], [ 8.121416545872661, 50.539401077015498 ], [ 8.118282842482481, 50.535465411220898 ], [ 8.10375633206027, 50.533373020716397 ], [ 8.070129486594491, 50.538746108235301 ], [ 8.06582151164786, 50.548522035271297 ], [ 8.04828084892052, 50.553228047691903 ], [ 8.04205097900677, 50.552924423704802 ], [ 8.028593223616371, 50.5508814020926 ], [ 7.99205557866446, 50.522058106291801 ], [ 7.98297096488558, 50.510570546278302 ], [ 7.97822648738977, 50.4856549311611 ], [ 7.98746835515343, 50.473027840133 ], [ 7.99425909695565, 50.467648059272101 ], [ 7.99943029840011, 50.463781246430301 ], [ 8.00012758535493, 50.463400272807299 ], [ 8.00116536637741, 50.462981653858002 ], [ 7.98890313992911, 50.439901783939 ], [ 7.96885862827947, 50.409807219338099 ], [ 7.97046288102996, 50.406178332869302 ] ], [ [ 7.95327110161076, 51.331910365350403 ], [ 7.95203176887402, 51.331790349800201 ], [ 7.95111531309117, 51.331673212949802 ], [ 7.95327110161076, 51.331910365350403 ] ] ] ] } },
{ "type": "Feature", "properties": { "id": null, "Name": null, "description": null, "timestamp": null, "begin": null, "end": null, "altitudeMode": null, "tessellate": -1, "extrude": 0, "visibility": -1, "drawOrder": null, "icon": null, "USE": null, "RS": null, "RS_ALT": null, "GEN": null, "SHAPE_LENG": null, "SHAPE_AREA": null, "USE_2": null, "RS_2": null, "RS_ALT_2": null, "GEN_2": null, "SHAPE_LE_1": null, "SHAPE_AR_1": null, "StandortID": null, "StandortNa": null, "USE_3": 4, "RS_3": "03251", "RS_ALT_3": "032510000000", "GEN_3": "Diepholz", "SHAPE_LE_2": 241723.51525398201, "SHAPE_AR_2": 1997582961.78512, "Standort_1": 2, "Standort_2": "Paderborn", "USE_4": null, "RS_4": null, "RS_ALT_4": null, "GEN_4": null, "SHAPE_LE_3": null, "SHAPE_AR_3": null, "Standort_3": null, "Standort_4": null }, "geometry": { "type": "MultiPolygon", "coordinates": [ [ [ [ 8.922421361671629, 51.443220912429403 ], [ 7.9326225553867, 51.329546613463201 ], [ 7.93170269332818, 51.334328890287502 ], [ 7.92817331196678, 51.338338683550901 ], [ 7.92399647327822, 51.3410648230848 ], [ 7.91160911387134, 51.345365493717203 ], [ 7.90671546817773, 51.346751882889997 ], [ 7.90567616110199, 51.347593153409797 ], [ 7.90548282977154, 51.349144416481003 ], [ 7.90168177025316, 51.379643576906297 ], [ 7.90144420914732, 51.380612814974803 ], [ 7.89030069174436, 51.426077838576497 ], [ 7.88441798832501, 51.436202180545003 ], [ 7.87823679181505, 51.446840239746798 ], [ 7.87631133430285, 51.450154020658402 ], [ 7.86413744850379, 51.458173094948897 ], [ 7.83840326021007, 51.4785065782986 ], [ 7.84085041594225, 51.478570865078098 ], [ 7.8427169616968, 51.478703073188697 ], [ 7.84430263037083, 51.478954900313603 ], [ 7.84573770848829, 51.479320363435903 ], [ 7.8489210613514, 51.4806164449055 ], [ 7.84976720254294, 51.481193660870801 ], [ 7.85013351979215, 51.481841072484102 ], [ 7.85013544392516, 51.484055722052901 ], [ 7.8489800891673, 51.488080780428596 ], [ 7.84783369000835, 51.489702422289298 ], [ 7.84427536465826, 51.494375475157398 ], [ 7.84064277164139, 51.495589852748502 ], [ 7.83666926749507, 51.496958423572103 ], [ 7.83136286687443, 51.505615710549101 ], [ 7.83269931254692, 51.539936146316997 ], [ 7.83959028029669, 51.552785154120798 ], [ 7.83877827163758, 51.558312281491098 ], [ 7.82730535254581, 51.5787130689829 ], [ 7.8757218430523, 51.593591247473 ], [ 7.91452018186293, 51.595770964702602 ], [ 7.91583911173881, 51.602362202535303 ], [ 7.91153710810584, 51.6137632879582 ], [ 7.91457260273878, 51.617106456040197 ], [ 7.93542395828638, 51.634907502189499 ], [ 7.94116343739538, 51.638587626203602 ], [ 7.95216339237629, 51.6675763569284 ], [ 7.95389814131087, 51.672555546246997 ], [ 7.96049568730311, 51.674713790407502 ], [ 7.96396525557769, 51.675328356087398 ], [ 7.96659465257018, 51.675168686338502 ], [ 7.98642422166791, 51.670002121975998 ], [ 7.99574115660199, 51.672486199235102 ], [ 7.99774010180857, 51.674580841117098 ], [ 7.98693703383391, 51.683317001135698 ], [ 7.98632078751978, 51.6837269639204 ], [ 7.9760016156, 51.689916094386803 ], [ 7.97543257315986, 51.690255002982603 ], [ 7.97309776060631, 51.691096276160302 ], [ 7.94564744316287, 51.699985089368603 ], [ 7.95237015580421, 51.701003212155598 ], [ 7.95388883619451, 51.701305944316999 ], [ 7.95709375359207, 51.702806117620703 ], [ 7.958357970675, 51.7037784257315 ], [ 7.95962169213661, 51.7047597113935 ], [ 7.96028453796063, 51.707168303730903 ], [ 7.96077273778436, 51.710635321981201 ], [ 7.95875079995788, 51.712599199909903 ], [ 7.95838319150826, 51.714517592539501 ], [ 7.96035277538691, 51.7174042946885 ], [ 7.96394829516162, 51.719722742595003 ], [ 7.96767843973922, 51.721449849915103 ], [ 7.97148858973741, 51.721999394629002 ], [ 7.97510103461585, 51.721932492941697 ], [ 8.053749394965401, 51.717121634224902 ], [ 8.05642380787228, 51.716699841828301 ], [ 8.05957864430138, 51.713794660163202 ], [ 8.06286834524208, 51.7116122163577 ], [ 8.07129777173752, 51.708131195853198 ], [ 8.09173612437151, 51.703535526385203 ], [ 8.09926511588329, 51.702230436819399 ], [ 8.10784610651808, 51.711531033159602 ], [ 8.109938425395679, 51.715569637242403 ], [ 8.11561892319336, 51.717781387962702 ], [ 8.119860209480921, 51.7178667698848 ], [ 8.14074476047198, 51.7147117516636 ], [ 8.15770120910933, 51.710683343628801 ], [ 8.21085413771503, 51.697746086338199 ], [ 8.21135775167083, 51.692319597722602 ], [ 8.210906894088239, 51.689178724610002 ], [ 8.20005715373123, 51.668825157924097 ], [ 8.194292391311579, 51.661440435766004 ], [ 8.196559686117981, 51.660962620032997 ], [ 8.208558296551869, 51.659782781627698 ], [ 8.218408642086651, 51.659010303193099 ], [ 8.21952094354052, 51.659049757525601 ], [ 8.25062321388144, 51.660743827726002 ], [ 8.2512830159244, 51.6608643950333 ], [ 8.25832290626877, 51.662204175165897 ], [ 8.268322441959739, 51.664886456155301 ], [ 8.293851685054889, 51.676300888549598 ], [ 8.294799436179099, 51.676759557083997 ], [ 8.295469390839759, 51.677276064417001 ], [ 8.295801512832959, 51.677894256268303 ], [ 8.29596451341483, 51.678716298044002 ], [ 8.29697686182138, 51.684144219979203 ], [ 8.29704500120757, 51.684532514068302 ], [ 8.296996112622219, 51.684945589564997 ], [ 8.296641873970531, 51.6889890488806 ], [ 8.296431097287631, 51.693359156761197 ], [ 8.29649149912021, 51.694809267603297 ], [ 8.29690315620358, 51.695581959895101 ], [ 8.304413142728469, 51.707466618919199 ], [ 8.30818257702829, 51.712837500478003 ], [ 8.319216338986269, 51.7266132236795 ], [ 8.31089135594015, 51.741858363980398 ], [ 8.30569540441614, 51.750123069522601 ], [ 8.30165538547832, 51.754224098675998 ], [ 8.278965146311361, 51.770225624199902 ], [ 8.263949350644349, 51.7732191570108 ], [ 8.25392607708225, 51.802351395398901 ], [ 8.23321539966423, 51.823854075512401 ], [ 8.218534983400801, 51.836262547956501 ], [ 8.218663660422861, 51.846452892956499 ], [ 8.2143723341505, 51.852625236288503 ], [ 8.20451199119718, 51.8596798872383 ], [ 8.200106944107279, 51.862573593998199 ], [ 8.190034769925189, 51.863404040724497 ], [ 8.16868337439513, 51.890022597409498 ], [ 8.16270662304621, 51.904998010841197 ], [ 8.170946981084571, 51.911999696239 ], [ 8.172935334363901, 51.919778486760698 ], [ 8.16890506817415, 51.9262783853952 ], [ 8.16233169187109, 51.932665163933898 ], [ 8.138426111670769, 51.945827582394301 ], [ 8.11987212188302, 51.955006650761199 ], [ 8.11307200034676, 51.9632763176932 ], [ 8.1103545822307, 51.967019716078603 ], [ 8.1148885473663, 51.971961595603801 ], [ 8.107451742235179, 51.9925209322341 ], [ 8.09988695544884, 51.998281568306702 ], [ 8.09819198994405, 51.998076379986401 ], [ 8.09167320343672, 51.997827738048699 ], [ 8.07567963414799, 52.010634009524203 ], [ 8.09730628946334, 52.057474539728801 ], [ 8.092406006057439, 52.063972388213898 ], [ 8.067094395290001, 52.0681835283224 ], [ 8.03182014121008, 52.068592713660401 ], [ 7.99350864884748, 52.049973713683102 ], [ 7.99289692863623, 52.049420849986298 ], [ 7.98884251612915, 52.044349466413998 ], [ 7.9885461577009, 52.0439022169084 ], [ 7.98764826906453, 52.040616263571003 ], [ 7.98717142492733, 52.040003203640197 ], [ 7.9838566297125, 52.0381962512133 ], [ 7.97459777712022, 52.037523412726003 ], [ 7.94290924918322, 52.045118974756797 ], [ 7.92987225997207, 52.048249718801898 ], [ 7.91683291624186, 52.051388012554803 ], [ 7.90624722067479, 52.0667198163354 ], [ 7.89335249120242, 52.078643186318999 ], [ 7.88382015525475, 52.084599756073402 ], [ 7.88508468154409, 52.085977524828103 ], [ 7.88668679482601, 52.086822676837599 ], [ 7.89940862761531, 52.092482809875499 ], [ 7.95905511314123, 52.105737796466897 ], [ 8.008697235096969, 52.115693932306499 ], [ 8.003555211159719, 52.144772465849101 ], [ 8.024904778584419, 52.1596068724322 ], [ 8.026478713939939, 52.162933255024598 ], [ 8.017338173538, 52.171356212305199 ], [ 8.007135596793271, 52.1761476161007 ], [ 7.99113823326388, 52.174787031250098 ], [ 7.93945269541507, 52.176049096005499 ], [ 7.93284580024161, 52.177680382407601 ], [ 7.90864699428066, 52.189677104747801 ], [ 7.90520941877373, 52.208988141067202 ], [ 7.91347031291283, 52.222567557507801 ], [ 7.94534569666099, 52.264973549857203 ], [ 7.95551325763786, 52.271939402716598 ], [ 7.93298296005181, 52.288386522631399 ], [ 7.92858887756805, 52.293124951659799 ], [ 7.93313070775916, 52.301510596430099 ], [ 7.93357581813487, 52.3019431075084 ], [ 7.93430207001736, 52.302336597656897 ], [ 7.94729132419984, 52.305745561134799 ], [ 7.95526807755981, 52.305915117106899 ], [ 7.9593480348064, 52.305677681578999 ], [ 7.97763445622596, 52.312858005277597 ], [ 7.96348877093688, 52.324438331096601 ], [ 7.95946006029366, 52.326080885068599 ], [ 7.95877303957511, 52.3265432872468 ], [ 7.94982373111641, 52.334146503980698 ], [ 7.94908514922607, 52.335255672778501 ], [ 7.94802739289497, 52.337329963829099 ], [ 7.94779873420269, 52.338512963406203 ], [ 7.94788943553403, 52.339504783429902 ], [ 7.95039880094617, 52.346820280391398 ], [ 7.95048453683483, 52.347641012776101 ], [ 7.95025354528346, 52.348347010414798 ], [ 7.93917234773722, 52.363868219750501 ], [ 7.89132166842672, 52.381403129847698 ], [ 7.86425295375446, 52.3755476570757 ], [ 7.86131245784735, 52.374790138893403 ], [ 7.84179846702198, 52.368600227846201 ], [ 7.8311188543833, 52.3694432510909 ], [ 7.80886725120945, 52.3712774550783 ], [ 7.8019342162232, 52.373614723950098 ], [ 7.75567397632216, 52.389539727133197 ], [ 7.73093884215915, 52.398034739143903 ], [ 7.71430487551623, 52.400314160441702 ], [ 7.70825418623807, 52.415059251352801 ], [ 7.70259599628541, 52.433368003690802 ], [ 7.70206841416221, 52.4342736905744 ], [ 7.69861368177066, 52.440088005331297 ], [ 7.69649120608308, 52.4436563881697 ], [ 7.68685701727491, 52.4549779306099 ], [ 7.68230375236004, 52.457814242595703 ], [ 7.6149175850994, 52.472011900915902 ], [ 7.60890402108065, 52.473622534210897 ], [ 7.61070300232869, 52.491692368172302 ], [ 7.61612740652371, 52.5485917916684 ], [ 7.62208470610775, 52.583399506263099 ], [ 7.62030650997294, 52.590601449874903 ], [ 7.61934730901471, 52.593107317878797 ], [ 7.61337353724377, 52.602557695697598 ], [ 7.6085664541668, 52.607185223824303 ], [ 7.60811110625224, 52.607597266082898 ], [ 7.60831883292943, 52.617420301694096 ], [ 7.60834906467308, 52.618095944632501 ], [ 7.61165330777772, 52.622566578639898 ], [ 7.61272230687548, 52.623645028108598 ], [ 7.61360031352294, 52.624475927515398 ], [ 7.61497280942447, 52.625435615079802 ], [ 7.65594348417848, 52.647167560460403 ], [ 7.6660361627639, 52.651562061497799 ], [ 7.68449740634104, 52.658445546186996 ], [ 7.69513848941862, 52.663381134147798 ], [ 7.68898377423557, 52.679345365597499 ], [ 7.76422116444818, 52.677687628822 ], [ 7.76945549738886, 52.679002666031998 ], [ 7.79494685475622, 52.687349737918197 ], [ 7.79828598441057, 52.697016034598697 ], [ 7.80425479801805, 52.699956479237102 ], [ 7.85453090766143, 52.709586848355499 ], [ 7.8898208132266, 52.697630967442002 ], [ 7.90349645020772, 52.690394467069602 ], [ 7.90446472590993, 52.689785437486499 ], [ 7.90490741157415, 52.6890481643619 ], [ 7.90848027510684, 52.6825926909098 ], [ 7.9180219571266, 52.679647718809797 ], [ 7.94065244896119, 52.687992324319097 ], [ 7.97011115148589, 52.695413838019398 ], [ 7.97664726174581, 52.695316428554598 ], [ 7.97825689929782, 52.695134057389403 ], [ 7.97982872009351, 52.694833912771301 ], [ 7.98118675870769, 52.694385370542904 ], [ 7.98258145917098, 52.6938116069175 ], [ 7.99001892461149, 52.689791543072403 ], [ 7.99107640345166, 52.689417614190099 ], [ 8.0085181186755, 52.685441592286999 ], [ 8.01749939474464, 52.683673943888401 ], [ 8.01833018150514, 52.683376105567604 ], [ 8.019299039652729, 52.682991137397799 ], [ 8.03254432115029, 52.675299868640799 ], [ 8.033527735989891, 52.674645155050897 ], [ 8.03437422089408, 52.673789704902497 ], [ 8.047092077517339, 52.654849000568703 ], [ 8.04893252951951, 52.652583120286899 ], [ 8.04967681189142, 52.651959429805203 ], [ 8.06010499096157, 52.644666991288297 ], [ 8.05388062522662, 52.6490196979424 ], [ 8.18896051010945, 52.636474874159198 ], [ 8.309102789574199, 52.594027564720101 ], [ 8.31208710019793, 52.5824524295532 ], [ 8.30980113416933, 52.591318921384698 ], [ 8.45246245419021, 52.5281750145665 ], [ 8.47627043280869, 52.501721576539197 ], [ 8.50968523054769, 52.5147791711289 ], [ 8.556896772590999, 52.500571632184197 ], [ 8.625928865181621, 52.5234617580983 ], [ 8.650333915302641, 52.531035148787304 ], [ 8.66672826598146, 52.521489581120001 ], [ 8.70288741610177, 52.500526202197001 ], [ 8.698086755836909, 52.486466467456403 ], [ 8.7033407254034, 52.444301503475998 ], [ 8.70447238047327, 52.4148840980505 ], [ 8.707503513176659, 52.395687080867198 ], [ 8.71642676743337, 52.3927972068877 ], [ 8.746988448050709, 52.387372623596001 ], [ 8.773443014752701, 52.394916311604 ], [ 8.77924723823531, 52.396564822102803 ], [ 8.78749654497499, 52.398895623201099 ], [ 8.811795601554531, 52.3952543154682 ], [ 8.85578886643353, 52.389324485845798 ], [ 8.93304149460841, 52.401007201785802 ], [ 8.937883971154839, 52.402158665450798 ], [ 8.97322233181872, 52.427763131533297 ], [ 9.016498150428029, 52.4665598862777 ], [ 9.02984887624735, 52.480719433494002 ], [ 9.054658996153201, 52.500349072939798 ], [ 9.08426397947237, 52.495348937548499 ], [ 9.127963854027421, 52.484548667206603 ], [ 9.132132237658579, 52.4816818853987 ], [ 9.132378293845949, 52.481342891303498 ], [ 9.135130994428151, 52.4755997086748 ], [ 9.12559729328064, 52.468493553395803 ], [ 9.102579060784869, 52.456625538973299 ], [ 9.09893793476134, 52.451573183890197 ], [ 9.094530820355329, 52.444209129133803 ], [ 9.09387386262058, 52.443095096949001 ], [ 9.09630767781124, 52.441990210812897 ], [ 9.10971929482708, 52.435723717700803 ], [ 9.12348318835803, 52.422156086676303 ], [ 9.125052871760831, 52.416534325833801 ], [ 9.1252319911741, 52.4121199405038 ], [ 9.12443520810524, 52.407874286199799 ], [ 9.123759522167109, 52.405923675144798 ], [ 9.097665361498001, 52.371612151100898 ], [ 9.07273449310723, 52.3486417160426 ], [ 9.06047259153493, 52.340273639701202 ], [ 9.04014372645597, 52.341737219734298 ], [ 9.03303199787053, 52.344097261064803 ], [ 9.03023812032586, 52.345097529393897 ], [ 9.02928762241398, 52.3454187055763 ], [ 9.028239028491409, 52.345594767968997 ], [ 9.02747466929879, 52.3456123876242 ], [ 9.02713964859532, 52.345527327701099 ], [ 9.02660228730644, 52.345340817688701 ], [ 8.99837032201996, 52.326901116598201 ], [ 8.99144580444392, 52.315344953151502 ], [ 8.98672427743217, 52.2885414553635 ], [ 8.98657016922864, 52.287451030558998 ], [ 8.985863935068229, 52.286641491950597 ], [ 8.981597301143999, 52.283097167557102 ], [ 8.96917631156669, 52.281292972491997 ], [ 8.964592155471051, 52.280667603410599 ], [ 8.963767060122009, 52.2786240110687 ], [ 8.971410681187709, 52.264706210441702 ], [ 8.972536324541551, 52.263937936067599 ], [ 8.97643005950744, 52.262386251069998 ], [ 8.98046763797981, 52.260908238291798 ], [ 9.00601886484263, 52.253439207937397 ], [ 9.042995079681461, 52.243171693340997 ], [ 9.074749140894729, 52.233955363917097 ], [ 9.075708323485349, 52.2332741136062 ], [ 9.076116612137289, 52.232406367866197 ], [ 9.07576818760166, 52.231376716867899 ], [ 9.0746694773266, 52.230446094653303 ], [ 9.06669121737011, 52.225178266504301 ], [ 9.0450966838117, 52.208437331460999 ], [ 9.04866635254082, 52.195778398022803 ], [ 9.042460948212449, 52.184386006558597 ], [ 9.021232074558149, 52.183720595592902 ], [ 9.005454995955001, 52.189479894096401 ], [ 8.984992857325629, 52.194260349009902 ], [ 8.99264788226715, 52.188149725847602 ], [ 9.007864852871061, 52.180774774089997 ], [ 9.01108823021694, 52.177549354955701 ], [ 9.016898731996619, 52.171720087659502 ], [ 9.017216078866021, 52.148216991398897 ], [ 9.044481555376329, 52.141643098612903 ], [ 9.09948652567491, 52.132701593950102 ], [ 9.104974266246151, 52.132513926038797 ], [ 9.10962366629553, 52.133440739115102 ], [ 9.113902994020931, 52.137385766033603 ], [ 9.127278012784901, 52.138421773151002 ], [ 9.143655777956569, 52.134902461501902 ], [ 9.145410384402579, 52.133914823352399 ], [ 9.153953989411869, 52.128298924239097 ], [ 9.15490268415169, 52.126870247124799 ], [ 9.158582296709531, 52.1200926617798 ], [ 9.145853778303341, 52.099563866364299 ], [ 9.15497690717805, 52.097328027534502 ], [ 9.174773021595559, 52.086214315829402 ], [ 9.17564077714939, 52.085504267217402 ], [ 9.18192436221057, 52.080338085594597 ], [ 9.189637910801549, 52.072119612720002 ], [ 9.18925756824952, 52.069119704447303 ], [ 9.18113074006858, 52.067977587493999 ], [ 9.173411459300411, 52.060407148279197 ], [ 9.173211566180431, 52.059757201421696 ], [ 9.1722111822708, 52.047574119693799 ], [ 9.173158940860221, 52.040117751107999 ], [ 9.175659675814559, 52.034414899648503 ], [ 9.180069506177301, 52.030244534829002 ], [ 9.18876767934071, 52.026526078032497 ], [ 9.197183072815481, 52.010263020206402 ], [ 9.18545189423153, 51.999536380206102 ], [ 9.173900515271519, 51.984339214492003 ], [ 9.17544774771642, 51.980748822445101 ], [ 9.189932546473999, 51.964490418551399 ], [ 9.205897546506939, 51.959276142298698 ], [ 9.210436758576989, 51.960449958714598 ], [ 9.210132310987291, 51.965529721136498 ], [ 9.21654638175745, 51.973569931831001 ], [ 9.2183718680835, 51.973922480785802 ], [ 9.229020789910461, 51.974945288882601 ], [ 9.255752990856321, 51.977017963695801 ], [ 9.26429294494945, 51.975829416071299 ], [ 9.27771572211544, 51.962068642366297 ], [ 9.27174013860721, 51.952551865466198 ], [ 9.26410250686609, 51.948037519260502 ], [ 9.262855386206031, 51.946252260577999 ], [ 9.27250379723341, 51.932911462424897 ], [ 9.28604188027265, 51.921345969900898 ], [ 9.295022441421381, 51.919026266587899 ], [ 9.30944439941795, 51.922212355846099 ], [ 9.31226144914174, 51.922429452402099 ], [ 9.33104335952603, 51.916857855494399 ], [ 9.340761619290779, 51.908298425419197 ], [ 9.34434042186229, 51.8968267790612 ], [ 9.34443521393063, 51.891951609405403 ], [ 9.344465644706229, 51.890179585410898 ], [ 9.34310504671944, 51.881934532376299 ], [ 9.340861786596079, 51.872412298246502 ], [ 9.338110130894121, 51.863487778174303 ], [ 9.336509369379909, 51.860737122658399 ], [ 9.33469967681247, 51.858209323617103 ], [ 9.334137041721039, 51.857484066692699 ], [ 9.333022253601889, 51.856762376093897 ], [ 9.331363643806609, 51.8557204511267 ], [ 9.33016544777538, 51.8554207623595 ], [ 9.323971656629571, 51.855035695786498 ], [ 9.32586023642301, 51.854478599544599 ], [ 9.32735192061056, 51.854097496552598 ], [ 9.32936093955365, 51.853937379824899 ], [ 9.333500440906571, 51.853978122432203 ], [ 9.336319375410049, 51.854527565265897 ], [ 9.338841684254, 51.855316989623098 ], [ 9.34279881429636, 51.856822083591403 ], [ 9.34630901280692, 51.8604908724053 ], [ 9.361195498227939, 51.864835970678001 ], [ 9.366038711423981, 51.864666390493397 ], [ 9.4238513232745, 51.855776063865797 ], [ 9.443988491361679, 51.846348635112598 ], [ 9.4404235277913, 51.825390981313703 ], [ 9.44765848645384, 51.7950199114171 ], [ 9.447213192666339, 51.794197256290097 ], [ 9.399523973548281, 51.758676780085999 ], [ 9.384561374188699, 51.7545692339543 ], [ 9.37627530790647, 51.744909224834501 ], [ 9.375844333631321, 51.744167367382303 ], [ 9.375615284885191, 51.743463454308902 ], [ 9.37564896505515, 51.742096231418699 ], [ 9.37611552831485, 51.740805089505997 ], [ 9.38733931018357, 51.722683262351197 ], [ 9.397027666783019, 51.707811965508903 ], [ 9.398064553937489, 51.706849940187197 ], [ 9.399176624970019, 51.705771654197001 ], [ 9.39993385638931, 51.704995966768799 ], [ 9.400516470926989, 51.704254638443999 ], [ 9.40097065589004, 51.703431130679299 ], [ 9.40121722430408, 51.7028126101212 ], [ 9.401407803137859, 51.702112623112797 ], [ 9.401485394131949, 51.701294622984697 ], [ 9.40145535154608, 51.700736514187597 ], [ 9.40128407161982, 51.700033155164803 ], [ 9.394628465847431, 51.680087685823501 ], [ 9.386483191026169, 51.670465334352997 ], [ 9.385047302991589, 51.670010966098999 ], [ 9.38425847124442, 51.669724581889803 ], [ 9.383599842530231, 51.669439471184099 ], [ 9.382758205029161, 51.668945678192301 ], [ 9.381819734372851, 51.668271019550502 ], [ 9.380842084425939, 51.667425037365099 ], [ 9.379914654116069, 51.666300606155602 ], [ 9.37902156638685, 51.664960579627 ], [ 9.37844995822257, 51.664082419063902 ], [ 9.378025588207411, 51.663097713723801 ], [ 9.377754208807479, 51.662366335308903 ], [ 9.375755399668069, 51.652459470247202 ], [ 9.37551160085213, 51.6511975225201 ], [ 9.375388646610659, 51.6503146358504 ], [ 9.382333858190099, 51.647240506046799 ], [ 9.387079462094521, 51.645971701632803 ], [ 9.394034492123559, 51.646018986153102 ], [ 9.41519370089377, 51.647177800750299 ], [ 9.438960918619459, 51.650668498166397 ], [ 9.44424098596992, 51.645614443672002 ], [ 9.43367418264063, 51.635487768529401 ], [ 9.42963028404751, 51.632824036858402 ], [ 9.424173852742189, 51.630615167564699 ], [ 9.416118880479029, 51.628886039164897 ], [ 9.398573708545911, 51.626276545943902 ], [ 9.3913313609351, 51.626874572925601 ], [ 9.376971578600889, 51.627080839782501 ], [ 9.371830134466309, 51.625709258517197 ], [ 9.33684167824817, 51.614564079246598 ], [ 9.336565543674039, 51.611781168867601 ], [ 9.349449024612991, 51.601713380922902 ], [ 9.356109761746429, 51.597657305969697 ], [ 9.36321510118643, 51.594846779049199 ], [ 9.3680111865227, 51.590169236810503 ], [ 9.34525515016432, 51.570361363162803 ], [ 9.32591076403523, 51.5550365929384 ], [ 9.319118584167439, 51.548643475848401 ], [ 9.31465819913155, 51.5403119165573 ], [ 9.31379203568312, 51.538656657835901 ], [ 9.31334858965721, 51.537392531193703 ], [ 9.31131124964695, 51.530272873936603 ], [ 9.28457172595315, 51.514272159856901 ], [ 9.24136032355103, 51.497694399493099 ], [ 9.22632184317912, 51.489488645737097 ], [ 9.22540350484781, 51.488821854108203 ], [ 9.217185389237169, 51.4811833274672 ], [ 9.216955961754479, 51.461034366911697 ], [ 9.215122424017069, 51.459124784436703 ], [ 9.1979523857775, 51.463219145465402 ], [ 9.18576284780805, 51.466340951703501 ], [ 9.175016041850199, 51.463341083034898 ], [ 9.17272938665023, 51.460219993724998 ], [ 9.162456047378591, 51.445490697159201 ], [ 9.157004438289411, 51.442828131877697 ], [ 9.15049877006248, 51.442249780226398 ], [ 9.10096727581899, 51.443668792223001 ], [ 9.08960590555083, 51.446025680636197 ], [ 9.07808653520318, 51.465080463965201 ], [ 9.07807321678504, 51.466906958867597 ], [ 9.08779262847983, 51.4815921641922 ], [ 9.091676831372091, 51.487451531860401 ], [ 9.09452383656437, 51.495673914133498 ], [ 9.07907671906349, 51.503847912752398 ], [ 9.05937132936389, 51.500495193040102 ], [ 9.03872140102192, 51.502445436063901 ], [ 9.024059662206209, 51.511368961623198 ], [ 9.018232076804219, 51.516775790043198 ], [ 8.98609527511544, 51.5085746554998 ], [ 8.96976550465625, 51.505304223942403 ], [ 8.965342859548899, 51.504319836808698 ], [ 8.94374369776394, 51.499213252399002 ], [ 8.910317934278121, 51.491073036981497 ], [ 8.897888488294059, 51.487053147364897 ], [ 8.893617525073511, 51.485123234238799 ], [ 8.890890815986531, 51.4819094354404 ], [ 8.891259143823209, 51.477568091501801 ], [ 8.893763991723681, 51.471465145244501 ], [ 8.922421361671629, 51.443220912429403 ] ] ] ] } },
{ "type": "Feature", "properties": { "id": null, "Name": null, "description": null, "timestamp": null, "begin": null, "end": null, "altitudeMode": null, "tessellate": -1, "extrude": 0, "visibility": -1, "drawOrder": null, "icon": null, "USE": null, "RS": null, "RS_ALT": null, "GEN": null, "SHAPE_LENG": null, "SHAPE_AREA": null, "USE_2": null, "RS_2": null, "RS_ALT_2": null, "GEN_2": null, "SHAPE_LE_1": null, "SHAPE_AR_1": null, "StandortID": null, "StandortNa": null, "USE_3": null, "RS_3": null, "RS_ALT_3": null, "GEN_3": null, "SHAPE_LE_2": null, "SHAPE_AR_2": null, "Standort_1": null, "Standort_2": null, "USE_4": 4, "RS_4": "05111", "RS_ALT_4": "051110000000", "GEN_4": "Düsseldorf", "SHAPE_LE_3": 91421.830277352099, "SHAPE_AR_3": 219764730.25949901, "Standort_3": 4, "Standort_4": "Bonn" }, "geometry": { "type": "MultiPolygon", "coordinates": [ [ [ [ 7.16657165217037, 51.153253699839397 ], [ 7.16037365939898, 51.145880510159401 ], [ 7.15889114818898, 51.133508185378297 ], [ 7.1702394239565, 51.1269964058786 ], [ 7.17188112001289, 51.126061475862599 ], [ 7.14609608444902, 51.116109911931503 ], [ 7.1354914865843, 51.1169125967821 ], [ 7.12014914773207, 51.122422896716003 ], [ 7.11657168281865, 51.124958258108997 ], [ 7.11909710604299, 51.130156256653798 ], [ 7.11754858596979, 51.132930534166597 ], [ 7.11013602220499, 51.1369938442365 ], [ 7.10936944796781, 51.1372958362657 ], [ 7.10846281665326, 51.1373595786104 ], [ 7.09787425122983, 51.138060380473497 ], [ 7.08265994601647, 51.137805352278299 ], [ 7.0816885012331, 51.137776924036601 ], [ 7.03533716336441, 51.131565199816201 ], [ 7.02692767914279, 51.1303155881617 ], [ 7.02635016115929, 51.130190307140801 ], [ 7.02497002804927, 51.1298880390326 ], [ 7.02316130256977, 51.129383832724699 ], [ 7.00153191704627, 51.122946006358603 ], [ 6.99653223341153, 51.1171484037732 ], [ 6.99379418316656, 51.087008103989596 ], [ 6.99308673169489, 51.075961609951797 ], [ 6.9722399869391, 51.066946753712898 ], [ 6.93726140564077, 51.071351067641601 ], [ 6.90444037114716, 51.067398090646002 ], [ 6.8969839510705, 51.064375406008601 ], [ 6.89946378125546, 51.0633710336352 ], [ 6.90469865021558, 51.061127414089597 ], [ 6.94046803021871, 51.043596599591801 ], [ 6.9429494791282, 51.0423572075482 ], [ 6.95899563783137, 51.033946137607799 ], [ 6.96313716232386, 51.031531735538103 ], [ 6.96565096597012, 51.029851489094703 ], [ 6.9697850099131, 51.026400761359099 ], [ 6.97119091851898, 51.024632787040503 ], [ 6.97227292045583, 51.022990117489996 ], [ 6.97316485634838, 51.020278762146098 ], [ 6.97314853824223, 51.0169274066063 ], [ 6.9977629719727, 51.0171836671881 ], [ 7.04380368592053, 51.019081227041497 ], [ 7.06827766422679, 51.018732911637002 ], [ 7.06189669946593, 51.013311566596201 ], [ 7.0667998653565, 50.9937664312585 ], [ 7.06898298797398, 50.989723498252701 ], [ 7.0826779522699, 50.9880546586243 ], [ 7.08729988083595, 50.987496722156997 ], [ 7.09577982622239, 50.985313082402101 ], [ 7.09984867556432, 50.981198669934301 ], [ 7.1004216533403, 50.972991994734102 ], [ 7.10048316805053, 50.966896006343198 ], [ 7.08673620277169, 50.957927786569499 ], [ 7.11433927423152, 50.943359415996802 ], [ 7.12823646797004, 50.943204694668601 ], [ 7.13067245887257, 50.943230267354103 ], [ 7.13678538164948, 50.9279243634804 ], [ 7.13678013452739, 50.906154567903499 ], [ 7.13747696638333, 50.882945897317398 ], [ 7.14324903382167, 50.878726499429298 ], [ 7.1632190088538, 50.8684668026238 ], [ 7.11351578004466, 50.846185486979898 ], [ 7.11287534240945, 50.843257502030198 ], [ 7.09036803880087, 50.833185881501898 ], [ 7.08049247328908, 50.830733501040399 ], [ 7.06270133084597, 50.830523032139503 ], [ 7.06181566512462, 50.844242032488303 ], [ 7.05778212101882, 50.849148589467099 ], [ 7.03276079033973, 50.849061318235101 ], [ 7.02716414238331, 50.8470294551202 ], [ 7.02251408756572, 50.839954376166403 ], [ 7.00617265490124, 50.837625918743598 ], [ 6.99900315831711, 50.836869343609401 ], [ 6.99295827335448, 50.837236248083599 ], [ 6.9822519844958, 50.840551349902398 ], [ 6.98139114000483, 50.838390390009899 ], [ 6.98127365549096, 50.836558228161799 ], [ 6.98154468777776, 50.834854967245903 ], [ 6.98175270721296, 50.833609182621402 ], [ 6.98267542665511, 50.831376186209802 ], [ 6.98436623623665, 50.829328627363999 ], [ 6.98706508552967, 50.827302545309003 ], [ 6.9907419296793, 50.826071667380504 ], [ 6.99409890022528, 50.825308409232598 ], [ 6.99904695886538, 50.824755261116998 ], [ 7.01306281172107, 50.8231326823514 ], [ 7.01660168233873, 50.822590463800303 ], [ 7.02080757865295, 50.820924174669798 ], [ 7.02554810359133, 50.8178055058357 ], [ 7.02840939755489, 50.814711516613499 ], [ 7.03009585858459, 50.8119245975005 ], [ 7.03064162036847, 50.809752097263399 ], [ 7.03068341829446, 50.80747442434 ], [ 7.02998662347836, 50.800229490443598 ], [ 6.99440094687104, 50.793168785648497 ], [ 6.97810706930981, 50.797584203684998 ], [ 6.93431179326201, 50.805424717856503 ], [ 6.88391081973421, 50.7939454579612 ], [ 6.87089788348813, 50.790764181843798 ], [ 6.86398456281193, 50.784836085107401 ], [ 6.86890000126327, 50.783395677193603 ], [ 6.87044695887225, 50.780138016141201 ], [ 6.86827504036808, 50.772457736835598 ], [ 6.86490172455137, 50.767622449950402 ], [ 6.86703425275892, 50.761770713616599 ], [ 6.87214146106631, 50.753273586149703 ], [ 6.87788592307529, 50.748976153195102 ], [ 6.88201477485006, 50.745907230313897 ], [ 6.89277119090159, 50.747819271334698 ], [ 6.90210855834472, 50.750650097932301 ], [ 6.91576869827348, 50.734030012616302 ], [ 6.90141445254979, 50.719729838924799 ], [ 6.89586387878381, 50.715350201505203 ], [ 6.89247085912688, 50.713172533781602 ], [ 6.89017806008488, 50.712182189417298 ], [ 6.88609895989639, 50.710991848417301 ], [ 6.86774139506521, 50.707327110992203 ], [ 6.86484874801942, 50.704758911875402 ], [ 6.85741965515903, 50.697615611204597 ], [ 6.85619066058323, 50.696279671125197 ], [ 6.85604902690546, 50.6915546674811 ], [ 6.85653041451132, 50.691020308109998 ], [ 6.87063551963923, 50.689454863317899 ], [ 6.87173137262836, 50.676453872965098 ], [ 6.8658412047606, 50.6606930350707 ], [ 6.86369975123561, 50.651427894119202 ], [ 6.86966675687279, 50.641381747239301 ], [ 6.87429314841983, 50.638905541633903 ], [ 6.87828285579266, 50.6367785583355 ], [ 6.89888242506023, 50.635449671275602 ], [ 6.91056775703846, 50.632137921286002 ], [ 6.91629933146729, 50.629244042929201 ], [ 6.91492618967281, 50.624066709296599 ], [ 6.91162886395932, 50.617766568297398 ], [ 6.90158541257725, 50.603662230299797 ], [ 6.89829061070486, 50.603802723212297 ], [ 6.89056948804797, 50.602786850141896 ], [ 6.88678789066405, 50.601533478484299 ], [ 6.88604092033386, 50.600942579677202 ], [ 6.88397454486755, 50.599292369118402 ], [ 6.88406626068174, 50.598655640573099 ], [ 6.88475877470124, 50.594092014773203 ], [ 6.89114183746227, 50.574464190059103 ], [ 6.9008709975055, 50.569912575379199 ], [ 6.92132650987357, 50.564891753784799 ], [ 6.92749174945652, 50.559164454574599 ], [ 6.92317758036017, 50.553256460107697 ], [ 6.90000233101514, 50.530644935916698 ], [ 6.88598507628109, 50.529143322977099 ], [ 6.88409402573476, 50.528192166070497 ], [ 6.88292313538202, 50.525786194828797 ], [ 6.88369871083743, 50.523062984319502 ], [ 6.8887148679663, 50.507122159026899 ], [ 6.90114649764357, 50.504538403800403 ], [ 6.90530925033252, 50.501830747291997 ], [ 6.90545195346892, 50.499970460676003 ], [ 6.90428330741069, 50.482989293491698 ], [ 6.90089113636908, 50.468325823198498 ], [ 6.85909159903564, 50.452957895779001 ], [ 6.85765228937417, 50.4527772192274 ], [ 6.85517945538603, 50.453005204908401 ], [ 6.81252313519013, 50.471501770713601 ], [ 6.80801355116684, 50.480906688132201 ], [ 6.80667842327822, 50.487638595836003 ], [ 6.80072589003209, 50.491312387140603 ], [ 6.77060690448451, 50.485584119436098 ], [ 6.74412196434361, 50.472470616525698 ], [ 6.74392003708674, 50.467589967491598 ], [ 6.76878238841611, 50.431695310779297 ], [ 6.78431917591743, 50.420909930953897 ], [ 6.77915119436518, 50.405166140449602 ], [ 6.77312359067159, 50.399943798108197 ], [ 6.76989135486494, 50.396451523438898 ], [ 6.76985395898668, 50.3924862888666 ], [ 6.78529307743135, 50.375463826478203 ], [ 6.80027080191971, 50.363442800408102 ], [ 6.8025094616945, 50.362019405501002 ], [ 6.78279209774729, 50.363094643010498 ], [ 6.77925115743878, 50.3624574506402 ], [ 6.73158418162387, 50.351479495561897 ], [ 6.69580098427858, 50.346299241841798 ], [ 6.68586863396937, 50.358348909963802 ], [ 6.66826620252144, 50.371971257363903 ], [ 6.66511795610142, 50.371190468286997 ], [ 6.66235657402062, 50.370503602787402 ], [ 6.66095149371513, 50.370114277349799 ], [ 6.65985697342659, 50.369717295982198 ], [ 6.65719537077971, 50.368673242751903 ], [ 6.6561281992131, 50.3681149629072 ], [ 6.65544406527052, 50.367695621154802 ], [ 6.65675021513154, 50.356549150531599 ], [ 6.65031554057124, 50.347936438463101 ], [ 6.63656316095653, 50.344798509072497 ], [ 6.62158852934256, 50.354619080424101 ], [ 6.62344168043922, 50.361006689433097 ], [ 6.62659739480641, 50.371934199641998 ], [ 6.62429571789511, 50.374901942416798 ], [ 6.60389390806106, 50.387483746830803 ], [ 6.52920109238684, 50.3692931522884 ], [ 6.51233461206392, 50.359698017787203 ], [ 6.50407438606065, 50.351652563313898 ], [ 6.48819152295775, 50.340231513413698 ], [ 6.48453562765543, 50.338031152972697 ], [ 6.45197791061474, 50.335319512382597 ], [ 6.45004013381386, 50.338855607987298 ], [ 6.45747429808945, 50.347534064319902 ], [ 6.46080569011902, 50.360879616382803 ], [ 6.44901834644221, 50.371791441384701 ], [ 6.4119828903024, 50.388871508513503 ], [ 6.39727640339397, 50.386346736045503 ], [ 6.38549365345729, 50.384249187224 ], [ 6.38521996571892, 50.383833862245403 ], [ 6.38949525917214, 50.371379693811399 ], [ 6.40392256218556, 50.345698762865702 ], [ 6.41540677015803, 50.332329570664797 ], [ 6.42663092829961, 50.322698943942903 ], [ 6.40389165116938, 50.323268118647498 ], [ 6.40632867581782, 50.334403129623198 ], [ 6.40637139014725, 50.335044465286103 ], [ 6.39770289419, 50.343061561410899 ], [ 6.39569465959737, 50.344611836067102 ], [ 6.35790792206934, 50.370379987438199 ], [ 6.35338102878385, 50.372658820391301 ], [ 6.34075692941027, 50.379006343252101 ], [ 6.3439040689379, 50.383256750847103 ], [ 6.34495601542658, 50.384430284824802 ], [ 6.35615877365488, 50.394522639098298 ], [ 6.36366112084865, 50.401056155997303 ], [ 6.36498812994989, 50.402798125897903 ], [ 6.36900479427748, 50.410350239064698 ], [ 6.37630987123673, 50.434908117756201 ], [ 6.37662129195139, 50.436180934154102 ], [ 6.37601701438763, 50.4432154366988 ], [ 6.37479822657939, 50.449371798248201 ], [ 6.37413174420627, 50.451492698139198 ], [ 6.37321226733324, 50.453280104441298 ], [ 6.37140667307063, 50.456153154721598 ], [ 6.36746120959762, 50.455272541587703 ], [ 6.36463582503866, 50.454657351418298 ], [ 6.36285497223667, 50.454683428112702 ], [ 6.36120210704501, 50.4548582961256 ], [ 6.35887343002129, 50.455333236312399 ], [ 6.34826875442612, 50.457924979621303 ], [ 6.34030102176334, 50.462287378778797 ], [ 6.3397481575743, 50.462790076601202 ], [ 6.33948095734723, 50.463573477780002 ], [ 6.33819533544135, 50.474557663432201 ], [ 6.33835091744333, 50.475509557775602 ], [ 6.34093338159604, 50.483010752658998 ], [ 6.34150929179204, 50.483842626146298 ], [ 6.33283670804001, 50.492261696771799 ], [ 6.31542061580229, 50.496974264101397 ], [ 6.31278336974206, 50.498500573880698 ], [ 6.30882099462962, 50.500780727045701 ], [ 6.28077043577697, 50.502685441310199 ], [ 6.22191847378885, 50.501857082970098 ], [ 6.19265076505347, 50.5212346764255 ], [ 6.18770156190262, 50.5270792682389 ], [ 6.17878265633307, 50.541598783555699 ], [ 6.17503919866205, 50.558078670728399 ], [ 6.2197891942313, 50.582073469212297 ], [ 6.24288790151944, 50.587083074063898 ], [ 6.268584456269, 50.617409196579203 ], [ 6.26967755545908, 50.6187921022198 ], [ 6.26985486026309, 50.619023925116899 ], [ 6.27038328510096, 50.620854793146698 ], [ 6.27035277174716, 50.6235394070479 ], [ 6.27031390448328, 50.624907885287399 ], [ 6.26972576838078, 50.625300911643201 ], [ 6.26594414385627, 50.627631738725903 ], [ 6.26361241627718, 50.628032883973098 ], [ 6.25749943814583, 50.625915814521797 ], [ 6.25578126886756, 50.625645357402902 ], [ 6.2337089415447, 50.624534502198003 ], [ 6.18903112076987, 50.627498655890001 ], [ 6.16662901758642, 50.643839311314998 ], [ 6.17035394770555, 50.644636971993698 ], [ 6.17208728625309, 50.644746991183403 ], [ 6.18334420905672, 50.645339490786498 ], [ 6.18038439825084, 50.650213094503798 ], [ 6.12008849822711, 50.7179330629532 ], [ 6.11812084610705, 50.7199857455903 ], [ 6.11314374464689, 50.722329952833498 ], [ 6.111971031849, 50.722871381679603 ], [ 6.11182529939996, 50.722910915303999 ], [ 6.09832110787758, 50.723064947064898 ], [ 6.07323403739041, 50.720926944492597 ], [ 6.04394720507025, 50.7184775285832 ], [ 6.04193490722867, 50.7184360248093 ], [ 6.039165087, 50.718446439774802 ], [ 6.03644843615865, 50.720126448930799 ], [ 6.03362871806546, 50.728067297272403 ], [ 6.03454848466938, 50.7334392080231 ], [ 6.0405848012341, 50.738043840907501 ], [ 6.03989240653212, 50.745426793586702 ], [ 5.99783788220583, 50.785571629280703 ], [ 5.97713882830837, 50.796493336583197 ], [ 5.97512306821845, 50.797622573404098 ], [ 5.97666191182853, 50.803010303807703 ], [ 5.98489383996247, 50.8109756381102 ], [ 6.0000024647761, 50.803927977996103 ], [ 6.00475075186285, 50.801750481315601 ], [ 6.01014500639745, 50.804077968115401 ], [ 6.02368266400834, 50.813742084529899 ], [ 6.02787201117511, 50.820042471857903 ], [ 6.0246802666445, 50.828221414199 ], [ 6.02143528454101, 50.830142359417202 ], [ 6.02113176954532, 50.830337953529899 ], [ 6.02001135101267, 50.8332513699456 ], [ 6.01999112788181, 50.833313687591698 ], [ 6.01999923954091, 50.833377098970097 ], [ 6.02175837054522, 50.845560185432298 ], [ 6.05509117147891, 50.855964383449702 ], [ 6.05633637335075, 50.856048107566998 ], [ 6.05734717785737, 50.855753329178199 ], [ 6.05776541205762, 50.855102309602401 ], [ 6.05805570070809, 50.851021074503102 ], [ 6.0734848175723, 50.847347248228502 ], [ 6.07424332137628, 50.8477547812994 ], [ 6.0881369504515, 50.872990654597899 ], [ 6.08838031635782, 50.877479718642498 ], [ 6.08106107470618, 50.883132391879997 ], [ 6.08003010433711, 50.8840846635444 ], [ 6.07571789831815, 50.889265605294803 ], [ 6.07529606336893, 50.890403300258498 ], [ 6.07528422924715, 50.892322788895299 ], [ 6.07559489440554, 50.894597082779597 ], [ 6.07612992737461, 50.896312053231398 ], [ 6.08037513020922, 50.907118961930799 ], [ 6.08088712782432, 50.908030797615098 ], [ 6.08702864854015, 50.913762660292399 ], [ 6.09291252596289, 50.917717664407 ], [ 6.09380452584848, 50.9185356702733 ], [ 6.09442062195617, 50.919857015044101 ], [ 6.0947812826178, 50.921466115614102 ], [ 6.09399352565956, 50.921652553993901 ], [ 6.07256738274985, 50.923217751358997 ], [ 6.05548992612641, 50.926414705584797 ], [ 6.01864564258553, 50.935023393327803 ], [ 6.01560597749402, 50.947877582532101 ], [ 6.01337191737807, 50.961682307602302 ], [ 6.01367759453437, 50.962063675388599 ], [ 6.02544226485833, 50.980968836596702 ], [ 6.02564689113017, 50.982103447721201 ], [ 6.0250558760526, 50.983640175795699 ], [ 5.98642388627241, 50.982057664220697 ], [ 5.96705844737358, 50.979294466740797 ], [ 5.91866442072796, 50.977840309469698 ], [ 5.90413652082418, 50.987255863570802 ], [ 5.87957710256506, 51.017412535953397 ], [ 5.87880487485328, 51.018562887031997 ], [ 5.86787934334263, 51.045345720092499 ], [ 5.86599881341562, 51.051130842131201 ], [ 5.91334573747496, 51.066526704653299 ], [ 5.91857295034917, 51.064018845294797 ], [ 5.92254685248086, 51.056097744447101 ], [ 5.92658082587113, 51.048133835900998 ], [ 5.93704158458591, 51.0368970448989 ], [ 5.95215794038993, 51.036568743668298 ], [ 5.9667637411655, 51.044809481353496 ], [ 5.96780879825222, 51.046112155823998 ], [ 5.96849810300257, 51.047689448516699 ], [ 5.96874563634116, 51.049105330755502 ], [ 5.97142608365978, 51.060883233999803 ], [ 5.97919569784839, 51.0697936077121 ], [ 5.98140677733565, 51.072205071490302 ], [ 5.99530021647019, 51.081901243490201 ], [ 5.99785588577707, 51.083433228208399 ], [ 6.01010939918991, 51.090774471957097 ], [ 6.01708445198339, 51.094125638420799 ], [ 6.01720379313722, 51.094076129873201 ], [ 6.02069092001573, 51.092803917386803 ], [ 6.02260539205358, 51.092841397333302 ], [ 6.03173830132506, 51.095057561849799 ], [ 6.0339227601247, 51.095709113469198 ], [ 6.03588295426889, 51.096460200209897 ], [ 6.08068476247819, 51.1222595977409 ], [ 6.08784587793713, 51.127361767623398 ], [ 6.09799555182166, 51.135244161390901 ], [ 6.13421590839171, 51.144905488970103 ], [ 6.13620456485499, 51.145241211548097 ], [ 6.15310013450846, 51.147962438720199 ], [ 6.15442647456107, 51.148029825583798 ], [ 6.16300918596018, 51.1489527800872 ], [ 6.1757454609343, 51.158627182446999 ], [ 6.17164926923074, 51.160278028897302 ], [ 6.13992760414323, 51.173050319370098 ], [ 6.14009515561191, 51.173705504109797 ], [ 6.17338524731242, 51.183973846310202 ], [ 6.17501607208019, 51.184475844384203 ], [ 6.17682845528294, 51.1850295878547 ], [ 6.18007597547307, 51.186032931428102 ], [ 6.18007681959087, 51.186790009416598 ], [ 6.1657482516773, 51.194136668959601 ], [ 6.12410427127025, 51.1816160679113 ], [ 6.12302459621007, 51.181206068911699 ], [ 6.12083967986387, 51.180051658142197 ], [ 6.11930105951754, 51.179038588883301 ], [ 6.11506585651437, 51.175770175910699 ], [ 6.11465450955751, 51.1754212585003 ], [ 6.11428261949644, 51.175109832789303 ], [ 6.11250225862467, 51.174078590668998 ], [ 6.10991877260414, 51.172899944506803 ], [ 6.10685774782521, 51.171919604066197 ], [ 6.10213450441911, 51.170930706377298 ], [ 6.09927866466731, 51.170507686765497 ], [ 6.09646094323993, 51.170437559842703 ], [ 6.09346975566662, 51.170532080920097 ], [ 6.0869790504448, 51.171089267368799 ], [ 6.08416980466663, 51.171379692470097 ], [ 6.08291627407167, 51.171593693517998 ], [ 6.0820832722644, 51.172057942262498 ], [ 6.07342116653141, 51.183294365982803 ], [ 6.06761072444456, 51.220353990362199 ], [ 6.071940361658, 51.242231338805503 ], [ 6.08557239349382, 51.2477308038305 ], [ 6.1171836443601, 51.2697571817571 ], [ 6.1238407827716, 51.274395525576097 ], [ 6.15383401823402, 51.307543881033098 ], [ 6.1582460591368, 51.314124450246403 ], [ 6.16290275938682, 51.323769129151003 ], [ 6.16908312193491, 51.332379273492101 ], [ 6.19027831039408, 51.339712341030697 ], [ 6.22599526941439, 51.360882244609797 ], [ 6.22426993117672, 51.365658858664098 ], [ 6.25858384088535, 51.361677429378901 ], [ 6.26613108033224, 51.356002246635903 ], [ 6.26830056549093, 51.356044482090297 ], [ 6.27140608858484, 51.3562375664429 ], [ 6.27402752612324, 51.3565302886457 ], [ 6.30421771933808, 51.359911915127398 ], [ 6.30722361031257, 51.360253674119299 ], [ 6.31089497351812, 51.3610336519233 ], [ 6.35726908436139, 51.376404221027101 ], [ 6.38743957955788, 51.394360688154997 ], [ 6.39308822195213, 51.401424658932797 ], [ 6.39813699103435, 51.413774678205598 ], [ 6.42666006257918, 51.411424294758703 ], [ 6.43458759288789, 51.406508885184302 ], [ 6.46135421744424, 51.405540162165302 ], [ 6.50894405062719, 51.418402457877299 ], [ 6.51654720111962, 51.424444893713698 ], [ 6.53443381345766, 51.406399547647098 ], [ 6.54865401123195, 51.393147914421803 ], [ 6.55909168380513, 51.3901651069189 ], [ 6.56358692822824, 51.389297796789002 ], [ 6.60931357694294, 51.393641889817999 ], [ 6.63587698877647, 51.3925189597173 ], [ 6.6373296474063, 51.400936296991098 ], [ 6.6435946193548, 51.416214455306203 ], [ 6.66311135935824, 51.4119705942271 ], [ 6.67798231792779, 51.449328657464598 ], [ 6.67564902296263, 51.459856179587 ], [ 6.66366628449036, 51.4800241249498 ], [ 6.65552292105682, 51.483884390405699 ], [ 6.65080856304119, 51.4859014056874 ], [ 6.6505109456958, 51.486008776223201 ], [ 6.64773571997012, 51.482800854842203 ], [ 6.64525886855582, 51.481026044071299 ], [ 6.64500518302955, 51.481125835129099 ], [ 6.63886994164392, 51.490420136414798 ], [ 6.6333708783355, 51.5041224468142 ], [ 6.63351331283798, 51.504487471343197 ], [ 6.63938743749498, 51.509301878430499 ], [ 6.65260414796752, 51.511284068270101 ], [ 6.65706484348979, 51.5090514318508 ], [ 6.67145095116156, 51.511213814366798 ], [ 6.68990998417895, 51.518758255509603 ], [ 6.69336257499818, 51.526563217866403 ], [ 6.69197304199978, 51.527121878590897 ], [ 6.69009021867862, 51.527880757799899 ], [ 6.68686485173645, 51.529325862053497 ], [ 6.68342151640034, 51.531304317470301 ], [ 6.68095784153912, 51.532963124916897 ], [ 6.67987232186046, 51.533855811702402 ], [ 6.67903840178778, 51.5346755809162 ], [ 6.67790781800152, 51.536107290173703 ], [ 6.67712446467154, 51.5375322752881 ], [ 6.67684705457482, 51.538433134390701 ], [ 6.67670452629582, 51.539275312013203 ], [ 6.67663361559026, 51.540471167939202 ], [ 6.6767361618731, 51.541492494891202 ], [ 6.67692250985729, 51.542894839354702 ], [ 6.67736032121117, 51.544746819131099 ], [ 6.67766013332168, 51.545828564165603 ], [ 6.67811249204009, 51.546987340870999 ], [ 6.68015614968484, 51.550548928715003 ], [ 6.68566704614287, 51.560024243608702 ], [ 6.69249288571713, 51.559452194776 ], [ 6.72094427702849, 51.551107361803503 ], [ 6.73479192193239, 51.545947516337399 ], [ 6.77238402364846, 51.534765776687699 ], [ 6.78423725615086, 51.531978461783602 ], [ 6.78378742368176, 51.5462508944875 ], [ 6.78901137483953, 51.551495976737499 ], [ 6.81522360504723, 51.573738803815203 ], [ 6.8222542708007, 51.576732650136201 ], [ 6.83162714906092, 51.579735909362199 ], [ 6.84215001363679, 51.582837110554998 ], [ 6.84795973017101, 51.585223993287002 ], [ 6.84851945486173, 51.5854574870243 ], [ 6.85793614493565, 51.589405660341498 ], [ 6.85935255631176, 51.5903231101234 ], [ 6.86466721999719, 51.596233701207403 ], [ 6.86526362540546, 51.596918619641997 ], [ 6.86277626357024, 51.600372809651802 ], [ 6.86242584347528, 51.615332135839601 ], [ 6.866173586528, 51.629895174126297 ], [ 6.86728408555335, 51.631037221812498 ], [ 6.90203498071774, 51.635253881087102 ], [ 6.89885121819122, 51.653071668009098 ], [ 6.91185616131544, 51.677020334864601 ], [ 6.9292773006281, 51.6991639764844 ], [ 6.93708586190224, 51.704227042772303 ], [ 6.94102695739042, 51.714847336809697 ], [ 6.93894770849543, 51.718639549802504 ], [ 6.92576955508445, 51.732490493573103 ], [ 6.91567050514066, 51.7421372864898 ], [ 6.91125953861675, 51.746200690612703 ], [ 6.90915042781952, 51.748478453336702 ], [ 6.90886852768319, 51.749478612311698 ], [ 6.90924895232301, 51.753308939691998 ], [ 6.90952662033326, 51.754758413011103 ], [ 6.91654002311325, 51.7787120599369 ], [ 6.93586833927802, 51.773477117956297 ], [ 6.95466162599885, 51.771888712335603 ], [ 6.96175315413147, 51.777405459853803 ], [ 6.96301528392819, 51.7809735716218 ], [ 6.96437368400984, 51.784238340554097 ], [ 6.96733758859852, 51.789649397502203 ], [ 6.96919228924412, 51.792514564557401 ], [ 6.97380146240182, 51.798451754134298 ], [ 6.98718540808793, 51.800632427167201 ], [ 6.99458362654426, 51.801139658514103 ], [ 7.02036506527829, 51.800215409183302 ], [ 7.02277573703149, 51.7901366450739 ], [ 7.03349651417699, 51.7811208270858 ], [ 7.06050072794049, 51.777098975677902 ], [ 7.07449434936977, 51.777504492565399 ], [ 7.11367888642356, 51.787447372913597 ], [ 7.11501945933725, 51.788557319438098 ], [ 7.13316461786181, 51.8035726186882 ], [ 7.16668084831937, 51.820359604931198 ], [ 7.16790161251522, 51.820754103411502 ], [ 7.16903277509162, 51.820983991992399 ], [ 7.17299877237138, 51.821194396139298 ], [ 7.18512404567288, 51.820903657088003 ], [ 7.1862339194474, 51.820826631505298 ], [ 7.1914065057666, 51.820430797421999 ], [ 7.20610457690806, 51.817508293550503 ], [ 7.20934163398179, 51.816544634915502 ], [ 7.24820974111756, 51.804488521725901 ], [ 7.25645606741404, 51.7996449688141 ], [ 7.26085151954195, 51.796856737600201 ], [ 7.26385400384449, 51.792409525045699 ], [ 7.26208912869759, 51.782915628679298 ], [ 7.25793406513068, 51.773977570798998 ], [ 7.26806342837812, 51.761927236769303 ], [ 7.27965279046233, 51.749258508388998 ], [ 7.29226308979735, 51.748997557747302 ], [ 7.29550333662744, 51.7487161327713 ], [ 7.31023847269011, 51.746277708046001 ], [ 7.32382144533114, 51.736405044788903 ], [ 7.31145067547843, 51.722295708511403 ], [ 7.29841828510814, 51.7127682064773 ], [ 7.29805162755361, 51.708283038912498 ], [ 7.29811214056685, 51.707420242125302 ], [ 7.29860597381097, 51.706785266269797 ], [ 7.29930476583818, 51.706326959038499 ], [ 7.33957248350466, 51.687393149601597 ], [ 7.35895480668586, 51.680454155221298 ], [ 7.35957627053872, 51.680263576025297 ], [ 7.36090184378862, 51.680154725702103 ], [ 7.36300835892039, 51.6802736678763 ], [ 7.36633830761933, 51.680506056689303 ], [ 7.36713163510776, 51.680554101082002 ], [ 7.36840580408148, 51.6805608469436 ], [ 7.37011525778894, 51.680345002572899 ], [ 7.37783696901853, 51.679261610508703 ], [ 7.37939649642823, 51.678906596305403 ], [ 7.38149333552381, 51.678106550612497 ], [ 7.40607355183528, 51.666101766205301 ], [ 7.40909963175511, 51.664605241476302 ], [ 7.40929649951705, 51.670472037206302 ], [ 7.41366418643994, 51.670982359494602 ], [ 7.42443322378494, 51.670407704740803 ], [ 7.42970212533819, 51.667636445559502 ], [ 7.43586093279739, 51.669074832263099 ], [ 7.44837521812207, 51.6763946195777 ], [ 7.45144434604005, 51.6822722666601 ], [ 7.45230318330892, 51.689155285739403 ], [ 7.44958787573882, 51.693154973356201 ], [ 7.43788088029946, 51.704620385038702 ], [ 7.43674046752834, 51.7045548365979 ], [ 7.42966091144284, 51.705100561753703 ], [ 7.42672709194655, 51.705627632567797 ], [ 7.42510671022427, 51.706233790838802 ], [ 7.42426803762813, 51.716746486436698 ], [ 7.43398545960377, 51.7224910327296 ], [ 7.43531444254779, 51.723209740967697 ], [ 7.46725609418675, 51.736016495552803 ], [ 7.47207869670663, 51.735455694480002 ], [ 7.47721919854994, 51.728780438190597 ], [ 7.51824811044569, 51.706844744632903 ], [ 7.53876685457252, 51.686751610314701 ], [ 7.54233742763902, 51.684626163237901 ], [ 7.54984783840546, 51.687199690254403 ], [ 7.58754923657615, 51.7010988215822 ], [ 7.60602729691491, 51.709943156641401 ], [ 7.61329099211508, 51.7151622682942 ], [ 7.66642407250012, 51.719579619459701 ], [ 7.69452112482986, 51.718754708458299 ], [ 7.7023183954699, 51.712376519010697 ], [ 7.73539573454389, 51.738819632502803 ], [ 7.75976884480438, 51.729663989117597 ], [ 7.76908601064, 51.724162990552003 ], [ 7.77200778133243, 51.724752503682801 ], [ 7.78060840716547, 51.727345006111001 ], [ 7.80210559927755, 51.734705515865897 ], [ 7.82044404716802, 51.739424933837597 ], [ 7.87482464038193, 51.729202243722099 ], [ 7.87873429700169, 51.7259942909171 ], [ 7.88858144811291, 51.717543409731398 ], [ 7.92244884561286, 51.706512022561 ], [ 7.94564744316287, 51.699985089368603 ], [ 7.97309776060631, 51.691096276160302 ], [ 7.97543257315986, 51.690255002982603 ], [ 7.9760016156, 51.689916094386803 ], [ 7.98632078751978, 51.6837269639204 ], [ 7.98693703383391, 51.683317001135698 ], [ 7.99774010180857, 51.674580841117098 ], [ 7.99574115660199, 51.672486199235102 ], [ 7.98642422166791, 51.670002121975998 ], [ 7.96659465257018, 51.675168686338502 ], [ 7.96396525557769, 51.675328356087398 ], [ 7.96049568730311, 51.674713790407502 ], [ 7.95389814131087, 51.672555546246997 ], [ 7.95216339237629, 51.6675763569284 ], [ 7.94116343739538, 51.638587626203602 ], [ 7.93542395828638, 51.634907502189499 ], [ 7.91457260273878, 51.617106456040197 ], [ 7.91153710810584, 51.6137632879582 ], [ 7.91583911173881, 51.602362202535303 ], [ 7.91452018186293, 51.595770964702602 ], [ 7.8757218430523, 51.593591247473 ], [ 7.82730535254581, 51.5787130689829 ], [ 7.83877827163758, 51.558312281491098 ], [ 7.83959028029669, 51.552785154120798 ], [ 7.83269931254692, 51.539936146316997 ], [ 7.83136286687443, 51.505615710549101 ], [ 7.83666926749507, 51.496958423572103 ], [ 7.84064277164139, 51.495589852748502 ], [ 7.84427536465826, 51.494375475157398 ], [ 7.84783369000835, 51.489702422289298 ], [ 7.8489800891673, 51.488080780428596 ], [ 7.85013544392516, 51.484055722052901 ], [ 7.85013351979215, 51.481841072484102 ], [ 7.84976720254294, 51.481193660870801 ], [ 7.8489210613514, 51.4806164449055 ], [ 7.84573770848829, 51.479320363435903 ], [ 7.84430263037083, 51.478954900313603 ], [ 7.8427169616968, 51.478703073188697 ], [ 7.84085041594225, 51.478570865078098 ], [ 7.83840326021007, 51.4785065782986 ], [ 7.78765302184905, 51.470730981827302 ], [ 7.73134165313786, 51.4679610829685 ], [ 7.71850081782919, 51.471250488463603 ], [ 7.70029863309227, 51.4737718509909 ], [ 7.69918357741694, 51.473853364235097 ], [ 7.69794392016237, 51.473850863956599 ], [ 7.69655358623526, 51.473718715470099 ], [ 7.69472798576902, 51.473396116896303 ], [ 7.66463925014979, 51.466417729089898 ], [ 7.63158282293274, 51.451715119538001 ], [ 7.62070251512809, 51.440924110169298 ], [ 7.62509369945423, 51.431073596765202 ], [ 7.62814472012696, 51.422819852996803 ], [ 7.63134354680362, 51.40710566712 ], [ 7.6313320673392, 51.4063670867884 ], [ 7.63089630991078, 51.405276002253203 ], [ 7.62080054817331, 51.392937145053502 ], [ 7.61529546435399, 51.3896147706905 ], [ 7.61025698710494, 51.388725595201599 ], [ 7.58701675066435, 51.390078366018798 ], [ 7.58428271929627, 51.377819288329697 ], [ 7.58880485250249, 51.3622917228804 ], [ 7.5911973773114, 51.357434896020898 ], [ 7.58303429802363, 51.3360280015455 ], [ 7.58414900522769, 51.307990219993499 ], [ 7.58441091247986, 51.307483505040302 ], [ 7.58450522232661, 51.3069005963103 ], [ 7.58388211329995, 51.299952000472601 ], [ 7.58291444128619, 51.296407340302203 ], [ 7.56490515934119, 51.280164471919598 ], [ 7.54920562839629, 51.269289222550697 ], [ 7.51880443025377, 51.264845713029999 ], [ 7.51262060129022, 51.264147894928598 ], [ 7.50263708746364, 51.253240522027802 ], [ 7.49969288229793, 51.2488699394017 ], [ 7.49948345097273, 51.241723952905502 ], [ 7.48801327852273, 51.236134721343397 ], [ 7.47952949733125, 51.232728462609302 ], [ 7.46854681869754, 51.232012324906002 ], [ 7.45096054429787, 51.230087761358398 ], [ 7.44500769714923, 51.227933460674599 ], [ 7.44003837755213, 51.224579874224197 ], [ 7.43025567951629, 51.215129647955997 ], [ 7.43074057480914, 51.218618284438499 ], [ 7.4303543239315, 51.224209212849701 ], [ 7.39942068640557, 51.242358469168202 ], [ 7.39447180410986, 51.2451179264879 ], [ 7.3899548184975, 51.246357800332397 ], [ 7.3743915803547, 51.245871331700798 ], [ 7.37173775631654, 51.245440241995503 ], [ 7.36575259927653, 51.244415672572501 ], [ 7.35885230208116, 51.242717865419202 ], [ 7.3595589223258, 51.240557544954001 ], [ 7.35247306731439, 51.2392776041318 ], [ 7.35238778235567, 51.2392662841076 ], [ 7.34066141954968, 51.239977021511002 ], [ 7.33968411067021, 51.240211811060298 ], [ 7.3390725246969, 51.240762621716698 ], [ 7.3386310243538, 51.242389681325001 ], [ 7.33792806106179, 51.247620837902502 ], [ 7.30514764567152, 51.239859714102899 ], [ 7.3123276612407, 51.233949692806398 ], [ 7.31028487365525, 51.230922194364197 ], [ 7.29908675751479, 51.215973334958498 ], [ 7.2964166379866, 51.205894972265099 ], [ 7.29534083855027, 51.200741245618097 ], [ 7.29463537823881, 51.195417572449898 ], [ 7.29716691499458, 51.195081670528801 ], [ 7.30580689799745, 51.194705586161902 ], [ 7.30767910518032, 51.184625371627597 ], [ 7.30762928394203, 51.183480283199899 ], [ 7.30719022885651, 51.182162475762901 ], [ 7.29602391096876, 51.149589438624702 ], [ 7.29534190168931, 51.148481036811603 ], [ 7.29407027561641, 51.147203371280703 ], [ 7.29057211761942, 51.145207088229498 ], [ 7.28861600440804, 51.144099644281802 ], [ 7.28740514945925, 51.144012335363698 ], [ 7.28127226161566, 51.144086665401801 ], [ 7.26764717375329, 51.145655731272697 ], [ 7.25457955897904, 51.157622620970599 ], [ 7.22684372239081, 51.160784662685202 ], [ 7.21842731511032, 51.161314144181702 ], [ 7.21721674515392, 51.161217101235998 ], [ 7.20456823137603, 51.156817303409198 ], [ 7.20387152405039, 51.1565454754097 ], [ 7.19385608428296, 51.153407519145503 ], [ 7.17170791110264, 51.152328355414298 ], [ 7.17116484327214, 51.152312883668401 ], [ 7.17048862175448, 51.152356658183002 ], [ 7.16657165217037, 51.153253699839397 ] ] ] ] } }
]
}
