{
"type": "FeatureCollection",
"name": "WenkerOrte_Muenster_Voronoi",
"crs": { "type": "name", "properties": { "name": "urn:ogc:def:crs:OGC:1.3:CRS84" } },
"features": [
{ "type": "Feature", "properties": { "id": 1 }, "geometry": { "type": "GeometryCollection", "geometries": [ { "type": "Polygon", "coordinates": [ [ [ 3.65794000013091, 54.810361723228787 ], [ 5.642548179527795, 52.896844354444738 ], [ 5.99443111277597, 51.809131961107454 ], [ 5.980131680905997, 51.77533393767844 ], [ 3.65794000013091, 52.124697117404558 ], [ 3.65794000013091, 54.810361723228787 ] ] ] }, { "type": "Polygon", "coordinates": [ [ [ 3.65794000013091, 52.124697117404558 ], [ 5.980131680905997, 51.77533393767844 ], [ 5.988425086364632, 51.763131998975275 ], [ 6.003229856863634, 51.725745231626213 ], [ 5.39075506859265, 50.998354834509065 ], [ 3.65794000013091, 49.605995985358369 ], [ 3.65794000013091, 52.124697117404558 ] ] ] }, { "type": "Polygon", "coordinates": [ [ [ 3.65794000013091, 49.081300000094977 ], [ 3.65794000013091, 49.605995985358369 ], [ 5.39075506859265, 50.998354834509065 ], [ 5.865446776557484, 51.339524377200995 ], [ 6.248055321117391, 51.401349873066849 ], [ 6.267888478824511, 51.28148323077621 ], [ 5.980987265619036, 49.081300000094977 ], [ 3.65794000013091, 49.081300000094977 ] ] ] }, { "type": "Polygon", "coordinates": [ [ [ 5.865446776557484, 51.339524377200995 ], [ 5.39075506859265, 50.998354834509065 ], [ 6.003229856863634, 51.725745231626213 ], [ 6.030189598742475, 51.72925617104594 ], [ 6.053987000018762, 51.692567683979348 ], [ 6.041291124286539, 51.541226620484359 ], [ 5.943597077266643, 51.399323269084398 ], [ 5.865446776557484, 51.339524377200995 ] ] ] }, { "type": "Polygon", "coordinates": [ [ [ 5.988425086364632, 51.763131998975275 ], [ 5.980131680905997, 51.77533393767844 ], [ 5.99443111277597, 51.809131961107454 ], [ 6.030775120243995, 51.804478155579581 ], [ 6.037542223055519, 51.792871619248494 ], [ 5.988425086364632, 51.763131998975275 ] ] ] }, { "type": "Polygon", "coordinates": [ [ [ 5.99443111277597, 51.809131961107454 ], [ 5.642548179527795, 52.896844354444738 ], [ 5.766118493541725, 52.783442051097744 ], [ 6.046570684044314, 51.843328191687924 ], [ 6.030775120243995, 51.804478155579581 ], [ 5.99443111277597, 51.809131961107454 ] ] ] }, { "type": "Polygon", "coordinates": [ [ [ 6.037542223055519, 51.792871619248494 ], [ 6.030775120243995, 51.804478155579581 ], [ 6.046570684044314, 51.843328191687924 ], [ 6.076706859071423, 51.819348670473914 ], [ 6.073182455045592, 51.806370290976453 ], [ 6.03879899787874, 51.791764927658747 ], [ 6.037542223055519, 51.792871619248494 ] ] ] }, { "type": "Polygon", "coordinates": [ [ [ 5.766118493541725, 52.783442051097744 ], [ 5.81249792553001, 52.743554872763141 ], [ 6.107730328986098, 51.892164731053867 ], [ 6.09572825395219, 51.84199801548899 ], [ 6.08427382126499, 51.821499336425525 ], [ 6.076706859071423, 51.819348670473914 ], [ 6.046570684044314, 51.843328191687924 ], [ 5.766118493541725, 52.783442051097744 ] ] ] }, { "type": "Polygon", "coordinates": [ [ [ 3.65794000013091, 54.948540000121 ], [ 6.55661373331304, 54.948540000121 ], [ 6.763685080649505, 52.599555833103373 ], [ 6.758296623423472, 52.577442780177471 ], [ 5.878007784478167, 52.692161274913083 ], [ 5.81249792553001, 52.743554872763141 ], [ 5.766118493541725, 52.783442051097744 ], [ 5.642548179527795, 52.896844354444738 ], [ 3.65794000013091, 54.810361723228787 ], [ 3.65794000013091, 54.948540000121 ] ] ] }, { "type": "Polygon", "coordinates": [ [ [ 6.03879899787874, 51.791764927658747 ], [ 6.0549839517126, 51.747353156420019 ], [ 6.030189598742475, 51.72925617104594 ], [ 6.003229856863634, 51.725745231626213 ], [ 5.988425086364632, 51.763131998975275 ], [ 6.037542223055519, 51.792871619248494 ], [ 6.03879899787874, 51.791764927658747 ] ] ] }, { "type": "Polygon", "coordinates": [ [ [ 6.0549839517126, 51.747353156420019 ], [ 6.03879899787874, 51.791764927658747 ], [ 6.073182455045592, 51.806370290976453 ], [ 6.085879096609069, 51.773194457581631 ], [ 6.077849307374825, 51.749455429085479 ], [ 6.0549839517126, 51.747353156420019 ] ] ] }, { "type": "Polygon", "coordinates": [ [ [ 6.041291124286539, 51.541226620484359 ], [ 6.07724361994595, 51.580551311350675 ], [ 6.164942160694402, 51.617344062192331 ], [ 6.212127218934691, 51.592921531423393 ], [ 6.211889984029965, 51.588260840028845 ], [ 6.107050155645723, 51.465676847740347 ], [ 6.079269398828191, 51.449914011752242 ], [ 5.943597077266643, 51.399323269084398 ], [ 6.041291124286539, 51.541226620484359 ] ] ] }, { "type": "Polygon", "coordinates": [ [ [ 6.07724361994595, 51.580551311350675 ], [ 6.041291124286539, 51.541226620484359 ], [ 6.053987000018762, 51.692567683979348 ], [ 6.093448754724207, 51.695478439687868 ], [ 6.104311725270215, 51.647123059194648 ], [ 6.07724361994595, 51.580551311350675 ] ] ] }, { "type": "Polygon", "coordinates": [ [ [ 6.085879096609069, 51.773194457581631 ], [ 6.073182455045592, 51.806370290976453 ], [ 6.076706859071423, 51.819348670473914 ], [ 6.08427382126499, 51.821499336425525 ], [ 6.107788030803969, 51.810686889624421 ], [ 6.112978005164904, 51.794059660462437 ], [ 6.085879096609069, 51.773194457581631 ] ] ] }, { "type": "Polygon", "coordinates": [ [ [ 6.030189598742475, 51.72925617104594 ], [ 6.0549839517126, 51.747353156420019 ], [ 6.077849307374825, 51.749455429085479 ], [ 6.105778548737132, 51.730771194024165 ], [ 6.093448754724207, 51.695478439687868 ], [ 6.053987000018762, 51.692567683979348 ], [ 6.030189598742475, 51.72925617104594 ] ] ] }, { "type": "Polygon", "coordinates": [ [ [ 6.077849307374825, 51.749455429085479 ], [ 6.085879096609069, 51.773194457581631 ], [ 6.112978005164904, 51.794059660462437 ], [ 6.117121267781643, 51.792717476811291 ], [ 6.147270673496555, 51.753174289791296 ], [ 6.14642324776317, 51.74711733616418 ], [ 6.123572641003869, 51.731855374917437 ], [ 6.105778548737132, 51.730771194024165 ], [ 6.077849307374825, 51.749455429085479 ] ] ] }, { "type": "Polygon", "coordinates": [ [ [ 5.81249792553001, 52.743554872763141 ], [ 5.878007784478167, 52.692161274913083 ], [ 6.27920270055009, 52.351103697981998 ], [ 6.226756502161625, 51.994193723925498 ], [ 6.155422719361787, 51.84572667829017 ], [ 6.141884205650919, 51.844193394440268 ], [ 6.107730328986098, 51.892164731053867 ], [ 5.81249792553001, 52.743554872763141 ] ] ] }, { "type": "Polygon", "coordinates": [ [ [ 6.107788030803969, 51.810686889624421 ], [ 6.08427382126499, 51.821499336425525 ], [ 6.09572825395219, 51.84199801548899 ], [ 6.11915921852614, 51.824092256548589 ], [ 6.107788030803969, 51.810686889624421 ] ] ] }, { "type": "Polygon", "coordinates": [ [ [ 6.112978005164904, 51.794059660462437 ], [ 6.107788030803969, 51.810686889624421 ], [ 6.11915921852614, 51.824092256548589 ], [ 6.140169375186233, 51.837583699922568 ], [ 6.146656038921684, 51.813927172691102 ], [ 6.144497270588062, 51.80752313514121 ], [ 6.117121267781643, 51.792717476811291 ], [ 6.112978005164904, 51.794059660462437 ] ] ] }, { "type": "Polygon", "coordinates": [ [ [ 6.09572825395219, 51.84199801548899 ], [ 6.107730328986098, 51.892164731053867 ], [ 6.141884205650919, 51.844193394440268 ], [ 6.140169375186233, 51.837583699922568 ], [ 6.11915921852614, 51.824092256548589 ], [ 6.09572825395219, 51.84199801548899 ] ] ] }, { "type": "Polygon", "coordinates": [ [ [ 6.093448754724207, 51.695478439687868 ], [ 6.105778548737132, 51.730771194024165 ], [ 6.123572641003869, 51.731855374917437 ], [ 6.143082049882467, 51.687390182225066 ], [ 6.136920428212956, 51.671480430410021 ], [ 6.104311725270215, 51.647123059194648 ], [ 6.093448754724207, 51.695478439687868 ] ] ] }, { "type": "Polygon", "coordinates": [ [ [ 6.143082049882467, 51.687390182225066 ], [ 6.123572641003869, 51.731855374917437 ], [ 6.14642324776317, 51.74711733616418 ], [ 6.191808409206243, 51.724370991106831 ], [ 6.199310407774857, 51.697434506579846 ], [ 6.143082049882467, 51.687390182225066 ] ] ] }, { "type": "Polygon", "coordinates": [ [ [ 6.140169375186233, 51.837583699922568 ], [ 6.141884205650919, 51.844193394440268 ], [ 6.155422719361787, 51.84572667829017 ], [ 6.179737987786639, 51.841655336856896 ], [ 6.187712920192455, 51.830359009338615 ], [ 6.180491058850683, 51.80743327708182 ], [ 6.146656038921684, 51.813927172691102 ], [ 6.140169375186233, 51.837583699922568 ] ] ] }, { "type": "Polygon", "coordinates": [ [ [ 6.147270673496555, 51.753174289791296 ], [ 6.117121267781643, 51.792717476811291 ], [ 6.144497270588062, 51.80752313514121 ], [ 6.158515965044545, 51.771903116492823 ], [ 6.147270673496555, 51.753174289791296 ] ] ] }, { "type": "Polygon", "coordinates": [ [ [ 6.158515965044545, 51.771903116492823 ], [ 6.144497270588062, 51.80752313514121 ], [ 6.146656038921684, 51.813927172691102 ], [ 6.180491058850683, 51.80743327708182 ], [ 6.185556356365944, 51.788975534603786 ], [ 6.158515965044545, 51.771903116492823 ] ] ] }, { "type": "Polygon", "coordinates": [ [ [ 6.179610702370033, 51.648988262348873 ], [ 6.164942160694402, 51.617344062192331 ], [ 6.07724361994595, 51.580551311350675 ], [ 6.104311725270215, 51.647123059194648 ], [ 6.136920428212956, 51.671480430410021 ], [ 6.179610702370033, 51.648988262348873 ] ] ] }, { "type": "Polygon", "coordinates": [ [ [ 6.164942160694402, 51.617344062192331 ], [ 6.179610702370033, 51.648988262348873 ], [ 6.216216056676581, 51.676358784172848 ], [ 6.222699711820646, 51.669258761287821 ], [ 6.237976631467651, 51.642379857378124 ], [ 6.239038292983702, 51.621529862089311 ], [ 6.212127218934691, 51.592921531423393 ], [ 6.164942160694402, 51.617344062192331 ] ] ] }, { "type": "Polygon", "coordinates": [ [ [ 6.191808409206243, 51.724370991106831 ], [ 6.14642324776317, 51.74711733616418 ], [ 6.147270673496555, 51.753174289791296 ], [ 6.158515965044545, 51.771903116492823 ], [ 6.185556356365944, 51.788975534603786 ], [ 6.186270069430327, 51.788730735890105 ], [ 6.200807608559873, 51.736276018938121 ], [ 6.191808409206243, 51.724370991106831 ] ] ] }, { "type": "Polygon", "coordinates": [ [ [ 6.136920428212956, 51.671480430410021 ], [ 6.143082049882467, 51.687390182225066 ], [ 6.199310407774857, 51.697434506579846 ], [ 6.216175458477398, 51.676622382299271 ], [ 6.216216056676581, 51.676358784172848 ], [ 6.179610702370033, 51.648988262348873 ], [ 6.136920428212956, 51.671480430410021 ] ] ] }, { "type": "Polygon", "coordinates": [ [ [ 6.27920270055009, 52.351103697981998 ], [ 5.878007784478167, 52.692161274913083 ], [ 6.758296623423472, 52.577442780177471 ], [ 6.761242885504327, 52.574539945533928 ], [ 6.698137251837914, 52.403520268473571 ], [ 6.641255652076824, 52.306440710017945 ], [ 6.300448173868425, 52.33636344469123 ], [ 6.27920270055009, 52.351103697981998 ] ] ] }, { "type": "Polygon", "coordinates": [ [ [ 6.179737987786639, 51.841655336856896 ], [ 6.155422719361787, 51.84572667829017 ], [ 6.226756502161625, 51.994193723925498 ], [ 6.219216861930523, 51.915227416856922 ], [ 6.179737987786639, 51.841655336856896 ] ] ] }, { "type": "Polygon", "coordinates": [ [ [ 6.191808409206243, 51.724370991106831 ], [ 6.200807608559873, 51.736276018938121 ], [ 6.228091820636658, 51.756481121501047 ], [ 6.26142308507104, 51.731749934905103 ], [ 6.262765095298306, 51.723894667905853 ], [ 6.261494419828058, 51.720922673736304 ], [ 6.216175458477398, 51.676622382299271 ], [ 6.199310407774857, 51.697434506579846 ], [ 6.191808409206243, 51.724370991106831 ] ] ] }, { "type": "Polygon", "coordinates": [ [ [ 6.185556356365944, 51.788975534603786 ], [ 6.180491058850683, 51.80743327708182 ], [ 6.187712920192455, 51.830359009338615 ], [ 6.219375440221742, 51.82870879148625 ], [ 6.226342120133108, 51.814980426584249 ], [ 6.20866182295959, 51.788781987387267 ], [ 6.186270069430327, 51.788730735890105 ], [ 6.185556356365944, 51.788975534603786 ] ] ] }, { "type": "Polygon", "coordinates": [ [ [ 6.219216861930523, 51.915227416856922 ], [ 6.226756502161625, 51.994193723925498 ], [ 6.27920270055009, 52.351103697981998 ], [ 6.300448173868425, 52.33636344469123 ], [ 6.358369318069875, 52.208558446637063 ], [ 6.344832253722744, 51.95415865354272 ], [ 6.278854149388793, 51.83218160633804 ], [ 6.229127112067804, 51.854191933821824 ], [ 6.219216861930523, 51.915227416856922 ] ] ] }, { "type": "Polygon", "coordinates": [ [ [ 6.179737987786639, 51.841655336856896 ], [ 6.219216861930523, 51.915227416856922 ], [ 6.229127112067804, 51.854191933821824 ], [ 6.219375440221742, 51.82870879148625 ], [ 6.187712920192455, 51.830359009338615 ], [ 6.179737987786639, 51.841655336856896 ] ] ] }, { "type": "Polygon", "coordinates": [ [ [ 5.865446776557484, 51.339524377200995 ], [ 5.943597077266643, 51.399323269084398 ], [ 6.079269398828191, 51.449914011752242 ], [ 6.242545645962418, 51.438289064502079 ], [ 6.271958659990887, 51.41648676205638 ], [ 6.248055321117391, 51.401349873066849 ], [ 5.865446776557484, 51.339524377200995 ] ] ] }, { "type": "Polygon", "coordinates": [ [ [ 6.200807608559873, 51.736276018938121 ], [ 6.186270069430327, 51.788730735890105 ], [ 6.20866182295959, 51.788781987387267 ], [ 6.22855919092764, 51.762588094043792 ], [ 6.228091820636658, 51.756481121501047 ], [ 6.200807608559873, 51.736276018938121 ] ] ] }, { "type": "Polygon", "coordinates": [ [ [ 6.22855919092764, 51.762588094043792 ], [ 6.20866182295959, 51.788781987387267 ], [ 6.226342120133108, 51.814980426584249 ], [ 6.267672606795444, 51.802372109684647 ], [ 6.265225629136041, 51.795453578979014 ], [ 6.22855919092764, 51.762588094043792 ] ] ] }, { "type": "Polygon", "coordinates": [ [ [ 6.216216056676581, 51.676358784172848 ], [ 6.216175458477398, 51.676622382299271 ], [ 6.261494419828058, 51.720922673736304 ], [ 6.287134376343801, 51.682356461755035 ], [ 6.222699711820646, 51.669258761287821 ], [ 6.216216056676581, 51.676358784172848 ] ] ] }, { "type": "Polygon", "coordinates": [ [ [ 6.219375440221742, 51.82870879148625 ], [ 6.229127112067804, 51.854191933821824 ], [ 6.278854149388793, 51.83218160633804 ], [ 6.278719573361617, 51.830759005410307 ], [ 6.270026506183831, 51.803996319063401 ], [ 6.267672606795444, 51.802372109684647 ], [ 6.226342120133108, 51.814980426584249 ], [ 6.219375440221742, 51.82870879148625 ] ] ] }, { "type": "Polygon", "coordinates": [ [ [ 6.237053202575964, 51.559235317524724 ], [ 6.212960388772806, 51.516905878577106 ], [ 6.14377580033681, 51.478632747125488 ], [ 6.107050155645723, 51.465676847740347 ], [ 6.211889984029965, 51.588260840028845 ], [ 6.237053202575964, 51.559235317524724 ] ] ] }, { "type": "Polygon", "coordinates": [ [ [ 6.212960388772806, 51.516905878577106 ], [ 6.237053202575964, 51.559235317524724 ], [ 6.252631931893891, 51.558332352941406 ], [ 6.26384390539902, 51.517618570746649 ], [ 6.212960388772806, 51.516905878577106 ] ] ] }, { "type": "Polygon", "coordinates": [ [ [ 6.211889984029965, 51.588260840028845 ], [ 6.212127218934691, 51.592921531423393 ], [ 6.239038292983702, 51.621529862089311 ], [ 6.254091794786229, 51.611525855966967 ], [ 6.269563809025706, 51.578756783477239 ], [ 6.266651693418349, 51.56783635033409 ], [ 6.252631931893891, 51.558332352941406 ], [ 6.237053202575964, 51.559235317524724 ], [ 6.211889984029965, 51.588260840028845 ] ] ] }, { "type": "Polygon", "coordinates": [ [ [ 6.228091820636658, 51.756481121501047 ], [ 6.22855919092764, 51.762588094043792 ], [ 6.265225629136041, 51.795453578979014 ], [ 6.275337344200901, 51.752298466581742 ], [ 6.26142308507104, 51.731749934905103 ], [ 6.228091820636658, 51.756481121501047 ] ] ] }, { "type": "Polygon", "coordinates": [ [ [ 6.242545645962418, 51.438289064502079 ], [ 6.079269398828191, 51.449914011752242 ], [ 6.107050155645723, 51.465676847740347 ], [ 6.14377580033681, 51.478632747125488 ], [ 6.226954832584603, 51.480991739398441 ], [ 6.256456928269195, 51.455967655820977 ], [ 6.242545645962418, 51.438289064502079 ] ] ] }, { "type": "Polygon", "coordinates": [ [ [ 6.269315023187627, 51.483463721167283 ], [ 6.226954832584603, 51.480991739398441 ], [ 6.14377580033681, 51.478632747125488 ], [ 6.212960388772806, 51.516905878577106 ], [ 6.26384390539902, 51.517618570746649 ], [ 6.266924556313262, 51.515765085030395 ], [ 6.272647768727365, 51.503606566346072 ], [ 6.269315023187627, 51.483463721167283 ] ] ] }, { "type": "Polygon", "coordinates": [ [ [ 6.226954832584603, 51.480991739398441 ], [ 6.269315023187627, 51.483463721167283 ], [ 6.273174957278695, 51.475086774030167 ], [ 6.256456928269195, 51.455967655820977 ], [ 6.226954832584603, 51.480991739398441 ] ] ] }, { "type": "Polygon", "coordinates": [ [ [ 5.980987265619036, 49.081300000094977 ], [ 6.267888478824511, 51.28148323077621 ], [ 6.283782696499445, 51.371814171056755 ], [ 6.322073572387129, 51.398310499262578 ], [ 6.347763917722629, 51.38109139798614 ], [ 6.485336156180828, 50.951912377956816 ], [ 6.506454149264403, 50.758324033459196 ], [ 6.592301678162958, 49.081300000094977 ], [ 5.980987265619036, 49.081300000094977 ] ] ] }, { "type": "Polygon", "coordinates": [ [ [ 6.248055321117391, 51.401349873066849 ], [ 6.271958659990887, 51.41648676205638 ], [ 6.274908934437378, 51.415819300556649 ], [ 6.283782696499445, 51.371814171056755 ], [ 6.267888478824511, 51.28148323077621 ], [ 6.248055321117391, 51.401349873066849 ] ] ] }, { "type": "Polygon", "coordinates": [ [ [ 6.266924556313262, 51.515765085030395 ], [ 6.26384390539902, 51.517618570746649 ], [ 6.252631931893891, 51.558332352941406 ], [ 6.266651693418349, 51.56783635033409 ], [ 6.295305578036555, 51.545983387645201 ], [ 6.266924556313262, 51.515765085030395 ] ] ] }, { "type": "Polygon", "coordinates": [ [ [ 6.242545645962418, 51.438289064502079 ], [ 6.256456928269195, 51.455967655820977 ], [ 6.273174957278695, 51.475086774030167 ], [ 6.310168600854793, 51.448614258443619 ], [ 6.311266994184152, 51.444684691114631 ], [ 6.310436526446538, 51.443134676567048 ], [ 6.274908934437378, 51.415819300556649 ], [ 6.271958659990887, 51.41648676205638 ], [ 6.242545645962418, 51.438289064502079 ] ] ] }, { "type": "Polygon", "coordinates": [ [ [ 6.265225629136041, 51.795453578979014 ], [ 6.267672606795444, 51.802372109684647 ], [ 6.270026506183831, 51.803996319063401 ], [ 6.289825124339846, 51.794852359923809 ], [ 6.309724916058279, 51.760569550416122 ], [ 6.30809635394934, 51.756679391282503 ], [ 6.275337344200901, 51.752298466581742 ], [ 6.265225629136041, 51.795453578979014 ] ] ] }, { "type": "Polygon", "coordinates": [ [ [ 6.273174957278695, 51.475086774030167 ], [ 6.269315023187627, 51.483463721167283 ], [ 6.272647768727365, 51.503606566346072 ], [ 6.312199874714026, 51.507395916713598 ], [ 6.327237461715153, 51.490659251384628 ], [ 6.310168600854793, 51.448614258443619 ], [ 6.273174957278695, 51.475086774030167 ] ] ] }, { "type": "Polygon", "coordinates": [ [ [ 6.358369318069875, 52.208558446637063 ], [ 6.418414925469488, 52.130715395952905 ], [ 6.45691585398725, 51.881333639538425 ], [ 6.456552051980774, 51.878745030691384 ], [ 6.440379349858, 51.834250153740626 ], [ 6.436052369567891, 51.832696097476308 ], [ 6.384199830307126, 51.84471070915572 ], [ 6.37929425398614, 51.847906693267845 ], [ 6.3461279245895, 51.947593842201989 ], [ 6.344832253722744, 51.95415865354272 ], [ 6.358369318069875, 52.208558446637063 ] ] ] }, { "type": "Polygon", "coordinates": [ [ [ 6.418414925469488, 52.130715395952905 ], [ 6.358369318069875, 52.208558446637063 ], [ 6.300448173868425, 52.33636344469123 ], [ 6.641255652076824, 52.306440710017945 ], [ 6.647321896596043, 52.304892945588144 ], [ 6.686209706606363, 52.290723632168906 ], [ 6.697206406487627, 52.246465361491204 ], [ 6.735339810137916, 52.013632792034876 ], [ 6.726047814332381, 51.968455383292259 ], [ 6.718181942736171, 51.963223909924984 ], [ 6.616059321068798, 51.981046505764155 ], [ 6.511750812388346, 52.038748070487884 ], [ 6.418414925469488, 52.130715395952905 ] ] ] }, { "type": "Polygon", "coordinates": [ [ [ 6.278719573361617, 51.830759005410307 ], [ 6.278854149388793, 51.83218160633804 ], [ 6.344832253722744, 51.95415865354272 ], [ 6.3461279245895, 51.947593842201989 ], [ 6.326605429862585, 51.813205437910078 ], [ 6.278719573361617, 51.830759005410307 ] ] ] }, { "type": "Polygon", "coordinates": [ [ [ 6.261494419828058, 51.720922673736304 ], [ 6.262765095298306, 51.723894667905853 ], [ 6.312048534301727, 51.718189579552785 ], [ 6.318670831474244, 51.667887793195504 ], [ 6.287134376343801, 51.682356461755035 ], [ 6.261494419828058, 51.720922673736304 ] ] ] }, { "type": "Polygon", "coordinates": [ [ [ 6.237976631467651, 51.642379857378124 ], [ 6.222699711820646, 51.669258761287821 ], [ 6.287134376343801, 51.682356461755035 ], [ 6.318670831474244, 51.667887793195504 ], [ 6.324611586013154, 51.658319586586572 ], [ 6.237976631467651, 51.642379857378124 ] ] ] }, { "type": "Polygon", "coordinates": [ [ [ 6.262765095298306, 51.723894667905853 ], [ 6.26142308507104, 51.731749934905103 ], [ 6.275337344200901, 51.752298466581742 ], [ 6.30809635394934, 51.756679391282503 ], [ 6.317832082691538, 51.727712683333067 ], [ 6.312048534301727, 51.718189579552785 ], [ 6.262765095298306, 51.723894667905853 ] ] ] }, { "type": "Polygon", "coordinates": [ [ [ 6.266651693418349, 51.56783635033409 ], [ 6.269563809025706, 51.578756783477239 ], [ 6.307245064325016, 51.589959669913519 ], [ 6.315329153864696, 51.547878916312158 ], [ 6.3149225663927, 51.547547422633436 ], [ 6.295305578036555, 51.545983387645201 ], [ 6.266651693418349, 51.56783635033409 ] ] ] }, { "type": "Polygon", "coordinates": [ [ [ 6.239038292983702, 51.621529862089311 ], [ 6.237976631467651, 51.642379857378124 ], [ 6.324611586013154, 51.658319586586572 ], [ 6.326831635660787, 51.656636654723442 ], [ 6.32966007046341, 51.636114765271088 ], [ 6.327574825802079, 51.625654537854778 ], [ 6.320178132156157, 51.618610213114096 ], [ 6.254091794786229, 51.611525855966967 ], [ 6.239038292983702, 51.621529862089311 ] ] ] }, { "type": "Polygon", "coordinates": [ [ [ 6.272647768727365, 51.503606566346072 ], [ 6.266924556313262, 51.515765085030395 ], [ 6.295305578036555, 51.545983387645201 ], [ 6.3149225663927, 51.547547422633436 ], [ 6.312199874714026, 51.507395916713598 ], [ 6.272647768727365, 51.503606566346072 ] ] ] }, { "type": "Polygon", "coordinates": [ [ [ 6.269563809025706, 51.578756783477239 ], [ 6.254091794786229, 51.611525855966967 ], [ 6.320178132156157, 51.618610213114096 ], [ 6.307245064325016, 51.589959669913519 ], [ 6.269563809025706, 51.578756783477239 ] ] ] }, { "type": "Polygon", "coordinates": [ [ [ 6.320178132156157, 51.618610213114096 ], [ 6.327574825802079, 51.625654537854778 ], [ 6.350424994785639, 51.596329139188043 ], [ 6.342004448791687, 51.548587135424306 ], [ 6.315329153864696, 51.547878916312158 ], [ 6.307245064325016, 51.589959669913519 ], [ 6.320178132156157, 51.618610213114096 ] ] ] }, { "type": "Polygon", "coordinates": [ [ [ 6.309724916058279, 51.760569550416122 ], [ 6.289825124339846, 51.794852359923809 ], [ 6.327991692888071, 51.801476421940301 ], [ 6.336497744359836, 51.776718762374493 ], [ 6.309724916058279, 51.760569550416122 ] ] ] }, { "type": "Polygon", "coordinates": [ [ [ 6.270026506183831, 51.803996319063401 ], [ 6.278719573361617, 51.830759005410307 ], [ 6.326605429862585, 51.813205437910078 ], [ 6.328916755819725, 51.80421147236617 ], [ 6.327991692888071, 51.801476421940301 ], [ 6.289825124339846, 51.794852359923809 ], [ 6.270026506183831, 51.803996319063401 ] ] ] }, { "type": "Polygon", "coordinates": [ [ [ 6.324611586013154, 51.658319586586572 ], [ 6.318670831474244, 51.667887793195504 ], [ 6.312048534301727, 51.718189579552785 ], [ 6.317832082691538, 51.727712683333067 ], [ 6.321916349695003, 51.728420194176024 ], [ 6.357716569731063, 51.70488225566573 ], [ 6.34658852197604, 51.668973015117857 ], [ 6.326831635660787, 51.656636654723442 ], [ 6.324611586013154, 51.658319586586572 ] ] ] }, { "type": "Polygon", "coordinates": [ [ [ 6.30809635394934, 51.756679391282503 ], [ 6.309724916058279, 51.760569550416122 ], [ 6.336497744359836, 51.776718762374493 ], [ 6.349267781546272, 51.771401393410372 ], [ 6.35484895727465, 51.758305595618047 ], [ 6.353234736632595, 51.742170692058281 ], [ 6.321916349695003, 51.728420194176024 ], [ 6.317832082691538, 51.727712683333067 ], [ 6.30809635394934, 51.756679391282503 ] ] ] }, { "type": "Polygon", "coordinates": [ [ [ 6.312199874714026, 51.507395916713598 ], [ 6.3149225663927, 51.547547422633436 ], [ 6.315329153864696, 51.547878916312158 ], [ 6.342004448791687, 51.548587135424306 ], [ 6.356072370581657, 51.539947879682487 ], [ 6.358527314560983, 51.525726398168395 ], [ 6.327270895303568, 51.490669895384379 ], [ 6.327237461715153, 51.490659251384628 ], [ 6.312199874714026, 51.507395916713598 ] ] ] }, { "type": "Polygon", "coordinates": [ [ [ 6.274908934437378, 51.415819300556649 ], [ 6.310436526446538, 51.443134676567048 ], [ 6.322073572387129, 51.398310499262578 ], [ 6.283782696499445, 51.371814171056755 ], [ 6.274908934437378, 51.415819300556649 ] ] ] }, { "type": "Polygon", "coordinates": [ [ [ 6.310436526446538, 51.443134676567048 ], [ 6.311266994184152, 51.444684691114631 ], [ 6.347168322724176, 51.438677154236721 ], [ 6.36296967035724, 51.426517307541459 ], [ 6.347763917722629, 51.38109139798614 ], [ 6.322073572387129, 51.398310499262578 ], [ 6.310436526446538, 51.443134676567048 ] ] ] }, { "type": "Polygon", "coordinates": [ [ [ 6.328916755819725, 51.80421147236617 ], [ 6.326605429862585, 51.813205437910078 ], [ 6.3461279245895, 51.947593842201989 ], [ 6.37929425398614, 51.847906693267845 ], [ 6.374721638946098, 51.830870325821863 ], [ 6.359370188660249, 51.81318469743173 ], [ 6.328916755819725, 51.80421147236617 ] ] ] }, { "type": "Polygon", "coordinates": [ [ [ 6.311266994184152, 51.444684691114631 ], [ 6.310168600854793, 51.448614258443619 ], [ 6.327237461715153, 51.490659251384628 ], [ 6.327270895303568, 51.490669895384379 ], [ 6.368465690871926, 51.479000184645891 ], [ 6.361845828825024, 51.465487423356763 ], [ 6.347168322724176, 51.438677154236721 ], [ 6.311266994184152, 51.444684691114631 ] ] ] }, { "type": "Polygon", "coordinates": [ [ [ 6.336497744359836, 51.776718762374493 ], [ 6.327991692888071, 51.801476421940301 ], [ 6.328916755819725, 51.80421147236617 ], [ 6.359370188660249, 51.81318469743173 ], [ 6.361687231500762, 51.782564329878177 ], [ 6.349267781546272, 51.771401393410372 ], [ 6.336497744359836, 51.776718762374493 ] ] ] }, { "type": "Polygon", "coordinates": [ [ [ 6.350424994785639, 51.596329139188043 ], [ 6.327574825802079, 51.625654537854778 ], [ 6.32966007046341, 51.636114765271088 ], [ 6.414385197539304, 51.621428045930628 ], [ 6.415266134498185, 51.583268326464328 ], [ 6.40991803772148, 51.579651050445364 ], [ 6.350424994785639, 51.596329139188043 ] ] ] }, { "type": "Polygon", "coordinates": [ [ [ 6.321916349695003, 51.728420194176024 ], [ 6.353234736632595, 51.742170692058281 ], [ 6.370646540758856, 51.722904941619447 ], [ 6.357716569731063, 51.70488225566573 ], [ 6.321916349695003, 51.728420194176024 ] ] ] }, { "type": "Polygon", "coordinates": [ [ [ 6.347763917722629, 51.38109139798614 ], [ 6.36296967035724, 51.426517307541459 ], [ 6.389075329053171, 51.426615808536411 ], [ 6.40686180065174, 51.408440495981928 ], [ 6.473414288338767, 51.215628108088204 ], [ 6.485336156180828, 50.951912377956816 ], [ 6.347763917722629, 51.38109139798614 ] ] ] }, { "type": "Polygon", "coordinates": [ [ [ 6.327270895303568, 51.490669895384379 ], [ 6.358527314560983, 51.525726398168395 ], [ 6.392815311274881, 51.492094287417189 ], [ 6.392640306831049, 51.489501795819663 ], [ 6.368465690871926, 51.479000184645891 ], [ 6.327270895303568, 51.490669895384379 ] ] ] }, { "type": "Polygon", "coordinates": [ [ [ 6.37929425398614, 51.847906693267845 ], [ 6.384199830307126, 51.84471070915572 ], [ 6.417332590501564, 51.803530299255321 ], [ 6.419117133157343, 51.78995947417858 ], [ 6.394576355382426, 51.784091957761341 ], [ 6.38835692686801, 51.787662401511881 ], [ 6.374721638946098, 51.830870325821863 ], [ 6.37929425398614, 51.847906693267845 ] ] ] }, { "type": "Polygon", "coordinates": [ [ [ 6.361687231500762, 51.782564329878177 ], [ 6.359370188660249, 51.81318469743173 ], [ 6.374721638946098, 51.830870325821863 ], [ 6.38835692686801, 51.787662401511881 ], [ 6.361687231500762, 51.782564329878177 ] ] ] }, { "type": "Polygon", "coordinates": [ [ [ 6.342004448791687, 51.548587135424306 ], [ 6.350424994785639, 51.596329139188043 ], [ 6.40991803772148, 51.579651050445364 ], [ 6.401447166190519, 51.564894207934003 ], [ 6.356072370581657, 51.539947879682487 ], [ 6.342004448791687, 51.548587135424306 ] ] ] }, { "type": "Polygon", "coordinates": [ [ [ 6.347168322724176, 51.438677154236721 ], [ 6.361845828825024, 51.465487423356763 ], [ 6.392986868363364, 51.439776942042904 ], [ 6.389075329053171, 51.426615808536411 ], [ 6.36296967035724, 51.426517307541459 ], [ 6.347168322724176, 51.438677154236721 ] ] ] }, { "type": "Polygon", "coordinates": [ [ [ 6.34658852197604, 51.668973015117857 ], [ 6.357716569731063, 51.70488225566573 ], [ 6.370646540758856, 51.722904941619447 ], [ 6.387949819962821, 51.722823489172875 ], [ 6.390301293551851, 51.720318526904151 ], [ 6.397861196412601, 51.672944041824096 ], [ 6.34658852197604, 51.668973015117857 ] ] ] }, { "type": "Polygon", "coordinates": [ [ [ 6.349267781546272, 51.771401393410372 ], [ 6.361687231500762, 51.782564329878177 ], [ 6.38835692686801, 51.787662401511881 ], [ 6.394576355382426, 51.784091957761341 ], [ 6.389789222924739, 51.759155946392681 ], [ 6.35484895727465, 51.758305595618047 ], [ 6.349267781546272, 51.771401393410372 ] ] ] }, { "type": "Polygon", "coordinates": [ [ [ 6.368465690871926, 51.479000184645891 ], [ 6.392640306831049, 51.489501795819663 ], [ 6.403640109696503, 51.472438114853368 ], [ 6.392986868363364, 51.439776942042904 ], [ 6.361845828825024, 51.465487423356763 ], [ 6.368465690871926, 51.479000184645891 ] ] ] }, { "type": "Polygon", "coordinates": [ [ [ 6.32966007046341, 51.636114765271088 ], [ 6.326831635660787, 51.656636654723442 ], [ 6.34658852197604, 51.668973015117857 ], [ 6.397861196412601, 51.672944041824096 ], [ 6.406364629769334, 51.668550577640154 ], [ 6.417097830884103, 51.655016674488131 ], [ 6.421210958434976, 51.637868730060852 ], [ 6.414385197539304, 51.621428045930628 ], [ 6.32966007046341, 51.636114765271088 ] ] ] }, { "type": "Polygon", "coordinates": [ [ [ 6.392815311274881, 51.492094287417189 ], [ 6.358527314560983, 51.525726398168395 ], [ 6.356072370581657, 51.539947879682487 ], [ 6.401447166190519, 51.564894207934003 ], [ 6.408898356694552, 51.511938115919634 ], [ 6.392815311274881, 51.492094287417189 ] ] ] }, { "type": "Polygon", "coordinates": [ [ [ 6.389075329053171, 51.426615808536411 ], [ 6.392986868363364, 51.439776942042904 ], [ 6.403640109696503, 51.472438114853368 ], [ 6.439425310533847, 51.464021771490408 ], [ 6.446809820428964, 51.449272904511162 ], [ 6.40686180065174, 51.408440495981928 ], [ 6.389075329053171, 51.426615808536411 ] ] ] }, { "type": "Polygon", "coordinates": [ [ [ 6.506454149264403, 50.758324033459196 ], [ 6.485336156180828, 50.951912377956816 ], [ 6.473414288338767, 51.215628108088204 ], [ 6.492926599973071, 51.369279334951543 ], [ 6.521415996869269, 51.426601656378317 ], [ 6.537013020292587, 51.433177907583534 ], [ 6.573533979709232, 51.421592476711027 ], [ 6.589640540170025, 51.369541596960204 ], [ 6.506454149264403, 50.758324033459196 ] ] ] }, { "type": "Polygon", "coordinates": [ [ [ 6.392640306831049, 51.489501795819663 ], [ 6.392815311274881, 51.492094287417189 ], [ 6.408898356694552, 51.511938115919634 ], [ 6.442459980730301, 51.515418341570623 ], [ 6.455555334380418, 51.488817730132226 ], [ 6.439425310533847, 51.464021771490408 ], [ 6.403640109696503, 51.472438114853368 ], [ 6.392640306831049, 51.489501795819663 ] ] ] }, { "type": "Polygon", "coordinates": [ [ [ 6.353234736632595, 51.742170692058281 ], [ 6.35484895727465, 51.758305595618047 ], [ 6.389789222924739, 51.759155946392681 ], [ 6.396786692497169, 51.74628275220654 ], [ 6.387949819962821, 51.722823489172875 ], [ 6.370646540758856, 51.722904941619447 ], [ 6.353234736632595, 51.742170692058281 ] ] ] }, { "type": "Polygon", "coordinates": [ [ [ 6.397861196412601, 51.672944041824096 ], [ 6.390301293551851, 51.720318526904151 ], [ 6.435107419701388, 51.716989373942525 ], [ 6.435610987996681, 51.716316454507293 ], [ 6.406364629769334, 51.668550577640154 ], [ 6.397861196412601, 51.672944041824096 ] ] ] }, { "type": "Polygon", "coordinates": [ [ [ 6.396786692497169, 51.74628275220654 ], [ 6.389789222924739, 51.759155946392681 ], [ 6.394576355382426, 51.784091957761341 ], [ 6.419117133157343, 51.78995947417858 ], [ 6.43016111601694, 51.783371336062643 ], [ 6.435048109836742, 51.757697454200077 ], [ 6.432301192717239, 51.753008429324815 ], [ 6.396786692497169, 51.74628275220654 ] ] ] }, { "type": "Polygon", "coordinates": [ [ [ 6.390301293551851, 51.720318526904151 ], [ 6.387949819962821, 51.722823489172875 ], [ 6.396786692497169, 51.74628275220654 ], [ 6.432301192717239, 51.753008429324815 ], [ 6.435107419701388, 51.716989373942525 ], [ 6.390301293551851, 51.720318526904151 ] ] ] }, { "type": "Polygon", "coordinates": [ [ [ 6.401447166190519, 51.564894207934003 ], [ 6.40991803772148, 51.579651050445364 ], [ 6.415266134498185, 51.583268326464328 ], [ 6.436499145654858, 51.575493619663348 ], [ 6.458598858431333, 51.543848917928457 ], [ 6.442459980730301, 51.515418341570623 ], [ 6.408898356694552, 51.511938115919634 ], [ 6.401447166190519, 51.564894207934003 ] ] ] }, { "type": "Polygon", "coordinates": [ [ [ 6.414385197539304, 51.621428045930628 ], [ 6.421210958434976, 51.637868730060852 ], [ 6.451752028042831, 51.637806477503005 ], [ 6.486073049810242, 51.603079193904499 ], [ 6.436499145654858, 51.575493619663348 ], [ 6.415266134498185, 51.583268326464328 ], [ 6.414385197539304, 51.621428045930628 ] ] ] }, { "type": "Polygon", "coordinates": [ [ [ 6.419117133157343, 51.78995947417858 ], [ 6.417332590501564, 51.803530299255321 ], [ 6.436052369567891, 51.832696097476308 ], [ 6.440379349858, 51.834250153740626 ], [ 6.465145711155915, 51.803696065493526 ], [ 6.43016111601694, 51.783371336062643 ], [ 6.419117133157343, 51.78995947417858 ] ] ] }, { "type": "Polygon", "coordinates": [ [ [ 6.417097830884103, 51.655016674488131 ], [ 6.406364629769334, 51.668550577640154 ], [ 6.435610987996681, 51.716316454507293 ], [ 6.458059567301056, 51.707676258395345 ], [ 6.462342647829553, 51.703367061538778 ], [ 6.442738469453272, 51.673546801564108 ], [ 6.417097830884103, 51.655016674488131 ] ] ] }, { "type": "Polygon", "coordinates": [ [ [ 6.432301192717239, 51.753008429324815 ], [ 6.435048109836742, 51.757697454200077 ], [ 6.471963324292299, 51.753572738706126 ], [ 6.458059567301056, 51.707676258395345 ], [ 6.435610987996681, 51.716316454507293 ], [ 6.435107419701388, 51.716989373942525 ], [ 6.432301192717239, 51.753008429324815 ] ] ] }, { "type": "Polygon", "coordinates": [ [ [ 6.417332590501564, 51.803530299255321 ], [ 6.384199830307126, 51.84471070915572 ], [ 6.436052369567891, 51.832696097476308 ], [ 6.417332590501564, 51.803530299255321 ] ] ] }, { "type": "Polygon", "coordinates": [ [ [ 6.446809820428964, 51.449272904511162 ], [ 6.439425310533847, 51.464021771490408 ], [ 6.455555334380418, 51.488817730132226 ], [ 6.489102698117372, 51.490513902280945 ], [ 6.500690650461553, 51.476119786166372 ], [ 6.500540904788363, 51.468152286618427 ], [ 6.455793559423669, 51.443613992077452 ], [ 6.446809820428964, 51.449272904511162 ] ] ] }, { "type": "Polygon", "coordinates": [ [ [ 6.418414925469488, 52.130715395952905 ], [ 6.511750812388346, 52.038748070487884 ], [ 6.52414193900469, 51.977992404358979 ], [ 6.530439801315607, 51.85865646660104 ], [ 6.524781121674926, 51.847761139832699 ], [ 6.500573441176149, 51.839365449752009 ], [ 6.45691585398725, 51.881333639538425 ], [ 6.418414925469488, 52.130715395952905 ] ] ] }, { "type": "Polygon", "coordinates": [ [ [ 6.465145711155915, 51.803696065493526 ], [ 6.440379349858, 51.834250153740626 ], [ 6.456552051980774, 51.878745030691384 ], [ 6.482030573084177, 51.806364729551291 ], [ 6.48115873778755, 51.802673389436279 ], [ 6.465145711155915, 51.803696065493526 ] ] ] }, { "type": "Polygon", "coordinates": [ [ [ 6.421210958434976, 51.637868730060852 ], [ 6.417097830884103, 51.655016674488131 ], [ 6.442738469453272, 51.673546801564108 ], [ 6.478574899821572, 51.659303700747515 ], [ 6.478945110291691, 51.65850786823782 ], [ 6.451752028042831, 51.637806477503005 ], [ 6.421210958434976, 51.637868730060852 ] ] ] }, { "type": "Polygon", "coordinates": [ [ [ 6.40686180065174, 51.408440495981928 ], [ 6.446809820428964, 51.449272904511162 ], [ 6.455793559423669, 51.443613992077452 ], [ 6.492926599973071, 51.369279334951543 ], [ 6.473414288338767, 51.215628108088204 ], [ 6.40686180065174, 51.408440495981928 ] ] ] }, { "type": "Polygon", "coordinates": [ [ [ 6.462342647829553, 51.703367061538778 ], [ 6.458059567301056, 51.707676258395345 ], [ 6.471963324292299, 51.753572738706126 ], [ 6.474758117975294, 51.754747535725542 ], [ 6.502384918416809, 51.738628031682609 ], [ 6.490833711401687, 51.70634091768823 ], [ 6.470846438390788, 51.700676733056277 ], [ 6.462342647829553, 51.703367061538778 ] ] ] }, { "type": "Polygon", "coordinates": [ [ [ 6.435048109836742, 51.757697454200077 ], [ 6.43016111601694, 51.783371336062643 ], [ 6.465145711155915, 51.803696065493526 ], [ 6.48115873778755, 51.802673389436279 ], [ 6.484862958118345, 51.798573878283058 ], [ 6.474758117975294, 51.754747535725542 ], [ 6.471963324292299, 51.753572738706126 ], [ 6.435048109836742, 51.757697454200077 ] ] ] }, { "type": "Polygon", "coordinates": [ [ [ 6.442459980730301, 51.515418341570623 ], [ 6.458598858431333, 51.543848917928457 ], [ 6.49559898810725, 51.537149712416436 ], [ 6.489102698117372, 51.490513902280945 ], [ 6.455555334380418, 51.488817730132226 ], [ 6.442459980730301, 51.515418341570623 ] ] ] }, { "type": "Polygon", "coordinates": [ [ [ 6.486073049810242, 51.603079193904499 ], [ 6.451752028042831, 51.637806477503005 ], [ 6.478945110291691, 51.65850786823782 ], [ 6.506780877919282, 51.649080524105891 ], [ 6.510978000901488, 51.614715904918896 ], [ 6.491996742004742, 51.603270432000194 ], [ 6.486073049810242, 51.603079193904499 ] ] ] }, { "type": "Polygon", "coordinates": [ [ [ 6.478574899821572, 51.659303700747515 ], [ 6.442738469453272, 51.673546801564108 ], [ 6.462342647829553, 51.703367061538778 ], [ 6.470846438390788, 51.700676733056277 ], [ 6.478574899821572, 51.659303700747515 ] ] ] }, { "type": "Polygon", "coordinates": [ [ [ 6.478945110291691, 51.65850786823782 ], [ 6.478574899821572, 51.659303700747515 ], [ 6.470846438390788, 51.700676733056277 ], [ 6.490833711401687, 51.70634091768823 ], [ 6.519410162283449, 51.68693434591539 ], [ 6.523146561563367, 51.670453322590738 ], [ 6.506780877919282, 51.649080524105891 ], [ 6.478945110291691, 51.65850786823782 ] ] ] }, { "type": "Polygon", "coordinates": [ [ [ 6.456552051980774, 51.878745030691384 ], [ 6.45691585398725, 51.881333639538425 ], [ 6.500573441176149, 51.839365449752009 ], [ 6.482030573084177, 51.806364729551291 ], [ 6.456552051980774, 51.878745030691384 ] ] ] }, { "type": "Polygon", "coordinates": [ [ [ 6.474758117975294, 51.754747535725542 ], [ 6.484862958118345, 51.798573878283058 ], [ 6.492236318180009, 51.79674719792984 ], [ 6.53424665409927, 51.756010425542172 ], [ 6.534740260340092, 51.750742503485334 ], [ 6.502384918416809, 51.738628031682609 ], [ 6.474758117975294, 51.754747535725542 ] ] ] }, { "type": "Polygon", "coordinates": [ [ [ 6.436499145654858, 51.575493619663348 ], [ 6.486073049810242, 51.603079193904499 ], [ 6.491996742004742, 51.603270432000194 ], [ 6.498865879400843, 51.538981389339163 ], [ 6.49559898810725, 51.537149712416436 ], [ 6.458598858431333, 51.543848917928457 ], [ 6.436499145654858, 51.575493619663348 ] ] ] }, { "type": "Polygon", "coordinates": [ [ [ 6.49559898810725, 51.537149712416436 ], [ 6.498865879400843, 51.538981389339163 ], [ 6.508130289985451, 51.539436691553789 ], [ 6.530365978975894, 51.520181326223863 ], [ 6.531570651039034, 51.513808024453873 ], [ 6.531609672334741, 51.488889277552829 ], [ 6.500690650461553, 51.476119786166372 ], [ 6.489102698117372, 51.490513902280945 ], [ 6.49559898810725, 51.537149712416436 ] ] ] }, { "type": "Polygon", "coordinates": [ [ [ 6.48115873778755, 51.802673389436279 ], [ 6.482030573084177, 51.806364729551291 ], [ 6.500573441176149, 51.839365449752009 ], [ 6.524781121674926, 51.847761139832699 ], [ 6.534904663878434, 51.814072788421441 ], [ 6.492236318180009, 51.79674719792984 ], [ 6.484862958118345, 51.798573878283058 ], [ 6.48115873778755, 51.802673389436279 ] ] ] }, { "type": "Polygon", "coordinates": [ [ [ 6.491996742004742, 51.603270432000194 ], [ 6.510978000901488, 51.614715904918896 ], [ 6.52330954476331, 51.609629486269903 ], [ 6.53736996470905, 51.575079206830523 ], [ 6.531910275371812, 51.559236579173692 ], [ 6.508130289985451, 51.539436691553789 ], [ 6.498865879400843, 51.538981389339163 ], [ 6.491996742004742, 51.603270432000194 ] ] ] }, { "type": "Polygon", "coordinates": [ [ [ 6.455793559423669, 51.443613992077452 ], [ 6.500540904788363, 51.468152286618427 ], [ 6.521415996869269, 51.426601656378317 ], [ 6.492926599973071, 51.369279334951543 ], [ 6.455793559423669, 51.443613992077452 ] ] ] }, { "type": "Polygon", "coordinates": [ [ [ 6.519410162283449, 51.68693434591539 ], [ 6.490833711401687, 51.70634091768823 ], [ 6.502384918416809, 51.738628031682609 ], [ 6.534740260340092, 51.750742503485334 ], [ 6.550794660993559, 51.735731380498429 ], [ 6.551750566864877, 51.730346856776116 ], [ 6.519410162283449, 51.68693434591539 ] ] ] }, { "type": "Polygon", "coordinates": [ [ [ 6.510978000901488, 51.614715904918896 ], [ 6.506780877919282, 51.649080524105891 ], [ 6.523146561563367, 51.670453322590738 ], [ 6.568865201667707, 51.663155554782414 ], [ 6.555373112357097, 51.619723572450241 ], [ 6.52330954476331, 51.609629486269903 ], [ 6.510978000901488, 51.614715904918896 ] ] ] }, { "type": "Polygon", "coordinates": [ [ [ 6.52414193900469, 51.977992404358979 ], [ 6.511750812388346, 52.038748070487884 ], [ 6.616059321068798, 51.981046505764155 ], [ 6.629014061644809, 51.869530252797283 ], [ 6.596318281172841, 51.85189260925339 ], [ 6.58491845726083, 51.856591305905503 ], [ 6.52414193900469, 51.977992404358979 ] ] ] }, { "type": "Polygon", "coordinates": [ [ [ 6.534904663878434, 51.814072788421441 ], [ 6.524781121674926, 51.847761139832699 ], [ 6.530439801315607, 51.85865646660104 ], [ 6.561948206667062, 51.845750692531333 ], [ 6.562812353511747, 51.821112909701974 ], [ 6.551817792763599, 51.803702455827413 ], [ 6.534904663878434, 51.814072788421441 ] ] ] }, { "type": "Polygon", "coordinates": [ [ [ 6.523146561563367, 51.670453322590738 ], [ 6.519410162283449, 51.68693434591539 ], [ 6.551750566864877, 51.730346856776116 ], [ 6.589377632695073, 51.687110533030541 ], [ 6.579746286568182, 51.66886890629285 ], [ 6.568865201667707, 51.663155554782414 ], [ 6.523146561563367, 51.670453322590738 ] ] ] }, { "type": "Polygon", "coordinates": [ [ [ 6.500540904788363, 51.468152286618427 ], [ 6.500690650461553, 51.476119786166372 ], [ 6.531609672334741, 51.488889277552829 ], [ 6.562490072568089, 51.475821073615215 ], [ 6.537013020292587, 51.433177907583534 ], [ 6.521415996869269, 51.426601656378317 ], [ 6.500540904788363, 51.468152286618427 ] ] ] }, { "type": "Polygon", "coordinates": [ [ [ 6.53424665409927, 51.756010425542172 ], [ 6.492236318180009, 51.79674719792984 ], [ 6.534904663878434, 51.814072788421441 ], [ 6.551817792763599, 51.803702455827413 ], [ 6.553962208253658, 51.798349601925274 ], [ 6.53424665409927, 51.756010425542172 ] ] ] }, { "type": "Polygon", "coordinates": [ [ [ 6.530365978975894, 51.520181326223863 ], [ 6.508130289985451, 51.539436691553789 ], [ 6.531910275371812, 51.559236579173692 ], [ 6.574000238212024, 51.534001435213568 ], [ 6.574500692747081, 51.53059088725869 ], [ 6.530365978975894, 51.520181326223863 ] ] ] }, { "type": "Polygon", "coordinates": [ [ [ 6.53424665409927, 51.756010425542172 ], [ 6.553962208253658, 51.798349601925274 ], [ 6.592694257900606, 51.788115597176443 ], [ 6.592776992820794, 51.761292886147551 ], [ 6.588305715046722, 51.75480732741736 ], [ 6.550794660993559, 51.735731380498429 ], [ 6.534740260340092, 51.750742503485334 ], [ 6.53424665409927, 51.756010425542172 ] ] ] }, { "type": "Polygon", "coordinates": [ [ [ 6.537013020292587, 51.433177907583534 ], [ 6.562490072568089, 51.475821073615215 ], [ 6.569089826488278, 51.478152957683669 ], [ 6.583759994942669, 51.467993953404545 ], [ 6.58859502632184, 51.43733257629772 ], [ 6.573533979709232, 51.421592476711027 ], [ 6.537013020292587, 51.433177907583534 ] ] ] }, { "type": "Polygon", "coordinates": [ [ [ 6.530365978975894, 51.520181326223863 ], [ 6.574500692747081, 51.53059088725869 ], [ 6.582573856006303, 51.518328098923845 ], [ 6.574663080173362, 51.498844015083094 ], [ 6.531570651039034, 51.513808024453873 ], [ 6.530365978975894, 51.520181326223863 ] ] ] }, { "type": "Polygon", "coordinates": [ [ [ 6.531910275371812, 51.559236579173692 ], [ 6.53736996470905, 51.575079206830523 ], [ 6.56195317472215, 51.57616965054315 ], [ 6.575176805930523, 51.537861193133729 ], [ 6.574000238212024, 51.534001435213568 ], [ 6.531910275371812, 51.559236579173692 ] ] ] }, { "type": "Polygon", "coordinates": [ [ [ 6.53736996470905, 51.575079206830523 ], [ 6.52330954476331, 51.609629486269903 ], [ 6.555373112357097, 51.619723572450241 ], [ 6.559587384328447, 51.616851396296795 ], [ 6.56508204842916, 51.578597062347328 ], [ 6.56195317472215, 51.57616965054315 ], [ 6.53736996470905, 51.575079206830523 ] ] ] }, { "type": "Polygon", "coordinates": [ [ [ 6.531609672334741, 51.488889277552829 ], [ 6.531570651039034, 51.513808024453873 ], [ 6.574663080173362, 51.498844015083094 ], [ 6.569089826488278, 51.478152957683669 ], [ 6.562490072568089, 51.475821073615215 ], [ 6.531609672334741, 51.488889277552829 ] ] ] }, { "type": "Polygon", "coordinates": [ [ [ 6.530439801315607, 51.85865646660104 ], [ 6.52414193900469, 51.977992404358979 ], [ 6.58491845726083, 51.856591305905503 ], [ 6.561948206667062, 51.845750692531333 ], [ 6.530439801315607, 51.85865646660104 ] ] ] }, { "type": "Polygon", "coordinates": [ [ [ 6.555373112357097, 51.619723572450241 ], [ 6.568865201667707, 51.663155554782414 ], [ 6.579746286568182, 51.66886890629285 ], [ 6.605106152748364, 51.633959178158221 ], [ 6.590424278145621, 51.607550819957105 ], [ 6.559587384328447, 51.616851396296795 ], [ 6.555373112357097, 51.619723572450241 ] ] ] }, { "type": "Polygon", "coordinates": [ [ [ 6.574000238212024, 51.534001435213568 ], [ 6.575176805930523, 51.537861193133729 ], [ 6.60142253399638, 51.571403130739348 ], [ 6.624925413930828, 51.551619211799888 ], [ 6.61090267486695, 51.517792172667974 ], [ 6.610439234183062, 51.517740971953728 ], [ 6.582573856006303, 51.518328098923845 ], [ 6.574500692747081, 51.53059088725869 ], [ 6.574000238212024, 51.534001435213568 ] ] ] }, { "type": "Polygon", "coordinates": [ [ [ 6.551750566864877, 51.730346856776116 ], [ 6.550794660993559, 51.735731380498429 ], [ 6.588305715046722, 51.75480732741736 ], [ 6.620020140002758, 51.70511981083952 ], [ 6.609089411589322, 51.694308821053063 ], [ 6.589377632695073, 51.687110533030541 ], [ 6.551750566864877, 51.730346856776116 ] ] ] }, { "type": "Polygon", "coordinates": [ [ [ 6.553962208253658, 51.798349601925274 ], [ 6.551817792763599, 51.803702455827413 ], [ 6.562812353511747, 51.821112909701974 ], [ 6.596427168016199, 51.828797736216323 ], [ 6.610047568508982, 51.803263701427682 ], [ 6.592694257900606, 51.788115597176443 ], [ 6.553962208253658, 51.798349601925274 ] ] ] }, { "type": "Polygon", "coordinates": [ [ [ 6.592301678162958, 49.081300000094977 ], [ 6.506454149264403, 50.758324033459196 ], [ 6.589640540170025, 51.369541596960204 ], [ 6.619701265854595, 51.416650273977538 ], [ 6.641298098519056, 51.416432421662769 ], [ 7.330493370404481, 50.684350800979495 ], [ 7.779547638550952, 49.458233415706225 ], [ 7.842906776578118, 49.081300000094977 ], [ 6.592301678162958, 49.081300000094977 ] ] ] }, { "type": "Polygon", "coordinates": [ [ [ 6.56508204842916, 51.578597062347328 ], [ 6.559587384328447, 51.616851396296795 ], [ 6.590424278145621, 51.607550819957105 ], [ 6.598643058210895, 51.585508404383546 ], [ 6.56508204842916, 51.578597062347328 ] ] ] }, { "type": "Polygon", "coordinates": [ [ [ 6.569089826488278, 51.478152957683669 ], [ 6.574663080173362, 51.498844015083094 ], [ 6.582573856006303, 51.518328098923845 ], [ 6.610439234183062, 51.517740971953728 ], [ 6.600775067304261, 51.469741333711973 ], [ 6.583759994942669, 51.467993953404545 ], [ 6.569089826488278, 51.478152957683669 ] ] ] }, { "type": "Polygon", "coordinates": [ [ [ 6.562812353511747, 51.821112909701974 ], [ 6.561948206667062, 51.845750692531333 ], [ 6.58491845726083, 51.856591305905503 ], [ 6.596318281172841, 51.85189260925339 ], [ 6.596427168016199, 51.828797736216323 ], [ 6.562812353511747, 51.821112909701974 ] ] ] }, { "type": "Polygon", "coordinates": [ [ [ 6.589640540170025, 51.369541596960204 ], [ 6.573533979709232, 51.421592476711027 ], [ 6.58859502632184, 51.43733257629772 ], [ 6.591545001411474, 51.436485599875624 ], [ 6.619124086992151, 51.417709190127923 ], [ 6.619701265854595, 51.416650273977538 ], [ 6.589640540170025, 51.369541596960204 ] ] ] }, { "type": "Polygon", "coordinates": [ [ [ 6.56195317472215, 51.57616965054315 ], [ 6.56508204842916, 51.578597062347328 ], [ 6.598643058210895, 51.585508404383546 ], [ 6.598944565003854, 51.585254133652327 ], [ 6.60142253399638, 51.571403130739348 ], [ 6.575176805930523, 51.537861193133729 ], [ 6.56195317472215, 51.57616965054315 ] ] ] }, { "type": "Polygon", "coordinates": [ [ [ 6.596427168016199, 51.828797736216323 ], [ 6.596318281172841, 51.85189260925339 ], [ 6.629014061644809, 51.869530252797283 ], [ 6.656670114081154, 51.846465052096043 ], [ 6.658169227265387, 51.827062034586795 ], [ 6.653675391753977, 51.802882339212083 ], [ 6.610047568508982, 51.803263701427682 ], [ 6.596427168016199, 51.828797736216323 ] ] ] }, { "type": "Polygon", "coordinates": [ [ [ 6.592776992820794, 51.761292886147551 ], [ 6.592694257900606, 51.788115597176443 ], [ 6.610047568508982, 51.803263701427682 ], [ 6.653675391753977, 51.802882339212083 ], [ 6.662563855124939, 51.787704693516666 ], [ 6.659733458821572, 51.764666770347851 ], [ 6.648913519747844, 51.749890746749159 ], [ 6.592776992820794, 51.761292886147551 ] ] ] }, { "type": "Polygon", "coordinates": [ [ [ 6.598944565003854, 51.585254133652327 ], [ 6.598643058210895, 51.585508404383546 ], [ 6.590424278145621, 51.607550819957105 ], [ 6.605106152748364, 51.633959178158221 ], [ 6.615145262606245, 51.633342111726805 ], [ 6.632951642049638, 51.600347460481025 ], [ 6.631026563623995, 51.596743259543409 ], [ 6.598944565003854, 51.585254133652327 ] ] ] }, { "type": "Polygon", "coordinates": [ [ [ 6.588305715046722, 51.75480732741736 ], [ 6.592776992820794, 51.761292886147551 ], [ 6.648913519747844, 51.749890746749159 ], [ 6.640720581302607, 51.715091139739997 ], [ 6.620020140002758, 51.70511981083952 ], [ 6.588305715046722, 51.75480732741736 ] ] ] }, { "type": "Polygon", "coordinates": [ [ [ 6.579746286568182, 51.66886890629285 ], [ 6.589377632695073, 51.687110533030541 ], [ 6.609089411589322, 51.694308821053063 ], [ 6.625678108930192, 51.671500435906793 ], [ 6.62198122213098, 51.636890579724188 ], [ 6.615145262606245, 51.633342111726805 ], [ 6.605106152748364, 51.633959178158221 ], [ 6.579746286568182, 51.66886890629285 ] ] ] }, { "type": "Polygon", "coordinates": [ [ [ 6.629014061644809, 51.869530252797283 ], [ 6.616059321068798, 51.981046505764155 ], [ 6.718181942736171, 51.963223909924984 ], [ 6.720359315499867, 51.944900741452003 ], [ 6.700073224306589, 51.880099880075733 ], [ 6.656670114081154, 51.846465052096043 ], [ 6.629014061644809, 51.869530252797283 ] ] ] }, { "type": "Polygon", "coordinates": [ [ [ 6.600775067304261, 51.469741333711973 ], [ 6.610439234183062, 51.517740971953728 ], [ 6.61090267486695, 51.517792172667974 ], [ 6.632493311559904, 51.503449875195358 ], [ 6.611148923263643, 51.468870848609441 ], [ 6.600775067304261, 51.469741333711973 ] ] ] }, { "type": "Polygon", "coordinates": [ [ [ 6.58859502632184, 51.43733257629772 ], [ 6.583759994942669, 51.467993953404545 ], [ 6.600775067304261, 51.469741333711973 ], [ 6.611148923263643, 51.468870848609441 ], [ 6.612901643808326, 51.467170641450501 ], [ 6.615653168580418, 51.44815665507339 ], [ 6.591545001411474, 51.436485599875624 ], [ 6.58859502632184, 51.43733257629772 ] ] ] }, { "type": "Polygon", "coordinates": [ [ [ 6.615653168580418, 51.44815665507339 ], [ 6.612901643808326, 51.467170641450501 ], [ 6.638782612006513, 51.461619854115398 ], [ 6.63808979213501, 51.455248478199728 ], [ 6.625574924260245, 51.443846042064997 ], [ 6.621186450167374, 51.442110731377262 ], [ 6.615653168580418, 51.44815665507339 ] ] ] }, { "type": "Polygon", "coordinates": [ [ [ 6.632493311559904, 51.503449875195358 ], [ 6.61090267486695, 51.517792172667974 ], [ 6.624925413930828, 51.551619211799888 ], [ 6.633799993575836, 51.553592467274271 ], [ 6.65507122212145, 51.52837106270708 ], [ 6.642359513072674, 51.502286341410638 ], [ 6.632493311559904, 51.503449875195358 ] ] ] }, { "type": "Polygon", "coordinates": [ [ [ 6.619701265854595, 51.416650273977538 ], [ 6.619124086992151, 51.417709190127923 ], [ 6.621186450167374, 51.442110731377262 ], [ 6.625574924260245, 51.443846042064997 ], [ 6.645350685067277, 51.433207243413108 ], [ 6.645503790201054, 51.427672148784602 ], [ 6.641298098519056, 51.416432421662769 ], [ 6.619701265854595, 51.416650273977538 ] ] ] }, { "type": "Polygon", "coordinates": [ [ [ 6.591545001411474, 51.436485599875624 ], [ 6.615653168580418, 51.44815665507339 ], [ 6.621186450167374, 51.442110731377262 ], [ 6.619124086992151, 51.417709190127923 ], [ 6.591545001411474, 51.436485599875624 ] ] ] }, { "type": "Polygon", "coordinates": [ [ [ 6.625678108930192, 51.671500435906793 ], [ 6.609089411589322, 51.694308821053063 ], [ 6.620020140002758, 51.70511981083952 ], [ 6.640720581302607, 51.715091139739997 ], [ 6.672418633087476, 51.69281197312317 ], [ 6.644550361772056, 51.660172720210774 ], [ 6.625678108930192, 51.671500435906793 ] ] ] }, { "type": "Polygon", "coordinates": [ [ [ 6.60142253399638, 51.571403130739348 ], [ 6.598944565003854, 51.585254133652327 ], [ 6.631026563623995, 51.596743259543409 ], [ 6.645333466477232, 51.573535920213892 ], [ 6.646589600869196, 51.566482242488327 ], [ 6.633799993575836, 51.553592467274271 ], [ 6.624925413930828, 51.551619211799888 ], [ 6.60142253399638, 51.571403130739348 ] ] ] }, { "type": "Polygon", "coordinates": [ [ [ 6.612901643808326, 51.467170641450501 ], [ 6.611148923263643, 51.468870848609441 ], [ 6.632493311559904, 51.503449875195358 ], [ 6.642359513072674, 51.502286341410638 ], [ 6.664147993580769, 51.481454586911418 ], [ 6.638782612006513, 51.461619854115398 ], [ 6.612901643808326, 51.467170641450501 ] ] ] }, { "type": "Polygon", "coordinates": [ [ [ 6.62198122213098, 51.636890579724188 ], [ 6.625678108930192, 51.671500435906793 ], [ 6.644550361772056, 51.660172720210774 ], [ 6.649690762007228, 51.639878622600349 ], [ 6.62198122213098, 51.636890579724188 ] ] ] }, { "type": "Polygon", "coordinates": [ [ [ 6.615145262606245, 51.633342111726805 ], [ 6.62198122213098, 51.636890579724188 ], [ 6.649690762007228, 51.639878622600349 ], [ 6.660905906544472, 51.632792832521474 ], [ 6.659802902811817, 51.615626084644454 ], [ 6.632951642049638, 51.600347460481025 ], [ 6.615145262606245, 51.633342111726805 ] ] ] }, { "type": "Polygon", "coordinates": [ [ [ 6.648913519747844, 51.749890746749159 ], [ 6.659733458821572, 51.764666770347851 ], [ 6.707181369745897, 51.732895064930752 ], [ 6.710068697630089, 51.703590764332866 ], [ 6.707787234102585, 51.694370523202267 ], [ 6.698755480535912, 51.684678594669862 ], [ 6.672418633087476, 51.69281197312317 ], [ 6.640720581302607, 51.715091139739997 ], [ 6.648913519747844, 51.749890746749159 ] ] ] }, { "type": "Polygon", "coordinates": [ [ [ 6.625574924260245, 51.443846042064997 ], [ 6.63808979213501, 51.455248478199728 ], [ 6.646164833280246, 51.437517032214039 ], [ 6.645350685067277, 51.433207243413108 ], [ 6.625574924260245, 51.443846042064997 ] ] ] }, { "type": "Polygon", "coordinates": [ [ [ 6.645350685067277, 51.433207243413108 ], [ 6.646164833280246, 51.437517032214039 ], [ 6.693082312712798, 51.473276827825572 ], [ 6.701141626066354, 51.472288470418533 ], [ 6.750603057961007, 51.45663235468119 ], [ 6.751129056742007, 51.456054160523003 ], [ 6.645503790201054, 51.427672148784602 ], [ 6.645350685067277, 51.433207243413108 ] ] ] }, { "type": "Polygon", "coordinates": [ [ [ 6.63808979213501, 51.455248478199728 ], [ 6.638782612006513, 51.461619854115398 ], [ 6.664147993580769, 51.481454586911418 ], [ 6.693082312712798, 51.473276827825572 ], [ 6.646164833280246, 51.437517032214039 ], [ 6.63808979213501, 51.455248478199728 ] ] ] }, { "type": "Polygon", "coordinates": [ [ [ 6.631026563623995, 51.596743259543409 ], [ 6.632951642049638, 51.600347460481025 ], [ 6.659802902811817, 51.615626084644454 ], [ 6.660921461390996, 51.61428581175263 ], [ 6.666111693647863, 51.595384269803084 ], [ 6.645333466477232, 51.573535920213892 ], [ 6.631026563623995, 51.596743259543409 ] ] ] }, { "type": "Polygon", "coordinates": [ [ [ 6.642359513072674, 51.502286341410638 ], [ 6.65507122212145, 51.52837106270708 ], [ 6.670312384810667, 51.534893928902136 ], [ 6.701141626066354, 51.472288470418533 ], [ 6.693082312712798, 51.473276827825572 ], [ 6.664147993580769, 51.481454586911418 ], [ 6.642359513072674, 51.502286341410638 ] ] ] }, { "type": "Polygon", "coordinates": [ [ [ 6.660921461390996, 51.61428581175263 ], [ 6.659802902811817, 51.615626084644454 ], [ 6.660905906544472, 51.632792832521474 ], [ 6.701022306314344, 51.657552685825515 ], [ 6.718199866588729, 51.63828890819503 ], [ 6.731213920909534, 51.610503352431145 ], [ 6.726532171586586, 51.607885800996179 ], [ 6.706520506873284, 51.602367878812032 ], [ 6.660921461390996, 51.61428581175263 ] ] ] }, { "type": "Polygon", "coordinates": [ [ [ 6.649690762007228, 51.639878622600349 ], [ 6.644550361772056, 51.660172720210774 ], [ 6.672418633087476, 51.69281197312317 ], [ 6.698755480535912, 51.684678594669862 ], [ 6.701022306314344, 51.657552685825515 ], [ 6.660905906544472, 51.632792832521474 ], [ 6.649690762007228, 51.639878622600349 ] ] ] }, { "type": "Polygon", "coordinates": [ [ [ 6.633799993575836, 51.553592467274271 ], [ 6.646589600869196, 51.566482242488327 ], [ 6.677626716182311, 51.5603977743176 ], [ 6.683215637714309, 51.55283778419826 ], [ 6.670312384810667, 51.534893928902136 ], [ 6.65507122212145, 51.52837106270708 ], [ 6.633799993575836, 51.553592467274271 ] ] ] }, { "type": "Polygon", "coordinates": [ [ [ 6.645333466477232, 51.573535920213892 ], [ 6.666111693647863, 51.595384269803084 ], [ 6.679650469015204, 51.580751613045884 ], [ 6.677626716182311, 51.5603977743176 ], [ 6.646589600869196, 51.566482242488327 ], [ 6.645333466477232, 51.573535920213892 ] ] ] }, { "type": "Polygon", "coordinates": [ [ [ 6.641298098519056, 51.416432421662769 ], [ 6.645503790201054, 51.427672148784602 ], [ 6.751129056742007, 51.456054160523003 ], [ 7.220377574257284, 51.006533108102026 ], [ 7.330493370404481, 50.684350800979495 ], [ 6.641298098519056, 51.416432421662769 ] ] ] }, { "type": "Polygon", "coordinates": [ [ [ 6.666111693647863, 51.595384269803084 ], [ 6.660921461390996, 51.61428581175263 ], [ 6.706520506873284, 51.602367878812032 ], [ 6.679650469015204, 51.580751613045884 ], [ 6.666111693647863, 51.595384269803084 ] ] ] }, { "type": "Polygon", "coordinates": [ [ [ 6.653675391753977, 51.802882339212083 ], [ 6.658169227265387, 51.827062034586795 ], [ 6.728061597373093, 51.832562516891315 ], [ 6.73287327457527, 51.828507475148072 ], [ 6.669337086824622, 51.788180374427874 ], [ 6.662563855124939, 51.787704693516666 ], [ 6.653675391753977, 51.802882339212083 ] ] ] }, { "type": "Polygon", "coordinates": [ [ [ 6.656670114081154, 51.846465052096043 ], [ 6.700073224306589, 51.880099880075733 ], [ 6.728061597373093, 51.832562516891315 ], [ 6.658169227265387, 51.827062034586795 ], [ 6.656670114081154, 51.846465052096043 ] ] ] }, { "type": "Polygon", "coordinates": [ [ [ 7.143204087508196, 51.475040596156148 ], [ 7.158126550998024, 51.593726820004782 ], [ 7.170878716263513, 51.643492622230191 ], [ 7.286244056754036, 51.780655191416464 ], [ 7.338462030632636, 51.78520641041851 ], [ 7.356649497425071, 51.769485377209818 ], [ 7.360814200458794, 51.743975696701142 ], [ 7.19241768404148, 51.517674134775881 ], [ 7.145422055262227, 51.463440355099152 ], [ 7.143204087508196, 51.475040596156148 ] ] ] }, { "type": "Polygon", "coordinates": [ [ [ 7.158126550998024, 51.593726820004782 ], [ 7.143204087508196, 51.475040596156148 ], [ 6.989764798429644, 51.681558439089052 ], [ 6.960642180349441, 51.734108499808023 ], [ 6.962719090121298, 51.746457042374061 ], [ 6.988264747641193, 51.816548880655489 ], [ 7.060301249578661, 51.806976928726691 ], [ 7.158126550998024, 51.593726820004782 ] ] ] }, { "type": "Polygon", "coordinates": [ [ [ 6.677626716182311, 51.5603977743176 ], [ 6.679650469015204, 51.580751613045884 ], [ 6.706520506873284, 51.602367878812032 ], [ 6.726532171586586, 51.607885800996179 ], [ 6.692799123634677, 51.550948057439612 ], [ 6.683215637714309, 51.55283778419826 ], [ 6.677626716182311, 51.5603977743176 ] ] ] }, { "type": "Polygon", "coordinates": [ [ [ 6.750603057961007, 51.45663235468119 ], [ 6.701141626066354, 51.472288470418533 ], [ 6.670312384810667, 51.534893928902136 ], [ 6.683215637714309, 51.55283778419826 ], [ 6.692799123634677, 51.550948057439612 ], [ 6.70448902376451, 51.543401271572748 ], [ 6.743607890192624, 51.486421389269623 ], [ 6.750603057961007, 51.45663235468119 ] ] ] }, { "type": "Polygon", "coordinates": [ [ [ 6.710068697630089, 51.703590764332866 ], [ 6.707181369745897, 51.732895064930752 ], [ 6.735358781827594, 51.764336932677807 ], [ 6.76139957407222, 51.73087741778491 ], [ 6.710068697630089, 51.703590764332866 ] ] ] }, { "type": "Polygon", "coordinates": [ [ [ 6.698755480535912, 51.684678594669862 ], [ 6.707787234102585, 51.694370523202267 ], [ 6.770761801070587, 51.684712885022421 ], [ 6.772252541888048, 51.676915451158521 ], [ 6.718199866588729, 51.63828890819503 ], [ 6.701022306314344, 51.657552685825515 ], [ 6.698755480535912, 51.684678594669862 ] ] ] }, { "type": "Polygon", "coordinates": [ [ [ 6.743607890192624, 51.486421389269623 ], [ 6.70448902376451, 51.543401271572748 ], [ 6.721738552164023, 51.560757797549236 ], [ 6.747018685321112, 51.551254951884395 ], [ 6.751173841591958, 51.536390113445719 ], [ 6.743607890192624, 51.486421389269623 ] ] ] }, { "type": "Polygon", "coordinates": [ [ [ 6.751129056742007, 51.456054160523003 ], [ 6.750603057961007, 51.45663235468119 ], [ 6.743607890192624, 51.486421389269623 ], [ 6.751173841591958, 51.536390113445719 ], [ 6.779887613994798, 51.564073165304066 ], [ 6.866381521529786, 51.573325546346481 ], [ 7.148500320354867, 51.3444073692011 ], [ 7.220377574257284, 51.006533108102026 ], [ 6.751129056742007, 51.456054160523003 ] ] ] }, { "type": "Polygon", "coordinates": [ [ [ 6.736309496268116, 51.775828019273199 ], [ 6.735358781827594, 51.764336932677807 ], [ 6.707181369745897, 51.732895064930752 ], [ 6.659733458821572, 51.764666770347851 ], [ 6.662563855124939, 51.787704693516666 ], [ 6.669337086824622, 51.788180374427874 ], [ 6.736309496268116, 51.775828019273199 ] ] ] }, { "type": "Polygon", "coordinates": [ [ [ 6.735358781827594, 51.764336932677807 ], [ 6.736309496268116, 51.775828019273199 ], [ 6.749673471347337, 51.792453003741663 ], [ 6.771054790192458, 51.791433417887923 ], [ 6.805438212161704, 51.727854867137061 ], [ 6.788738424705191, 51.71965502442692 ], [ 6.76139957407222, 51.73087741778491 ], [ 6.735358781827594, 51.764336932677807 ] ] ] }, { "type": "Polygon", "coordinates": [ [ [ 6.70448902376451, 51.543401271572748 ], [ 6.692799123634677, 51.550948057439612 ], [ 6.726532171586586, 51.607885800996179 ], [ 6.731213920909534, 51.610503352431145 ], [ 6.733017222517433, 51.609639783376593 ], [ 6.736586732491983, 51.607174575411975 ], [ 6.736785770551362, 51.606314041707641 ], [ 6.721738552164023, 51.560757797549236 ], [ 6.70448902376451, 51.543401271572748 ] ] ] }, { "type": "Polygon", "coordinates": [ [ [ 6.73287327457527, 51.828507475148072 ], [ 6.728061597373093, 51.832562516891315 ], [ 6.700073224306589, 51.880099880075733 ], [ 6.720359315499867, 51.944900741452003 ], [ 6.772807863303496, 51.869943362948597 ], [ 6.769721847337, 51.861121131425385 ], [ 6.734482863771937, 51.827844703127283 ], [ 6.73287327457527, 51.828507475148072 ] ] ] }, { "type": "Polygon", "coordinates": [ [ [ 6.669337086824622, 51.788180374427874 ], [ 6.73287327457527, 51.828507475148072 ], [ 6.734482863771937, 51.827844703127283 ], [ 6.749673471347337, 51.792453003741663 ], [ 6.736309496268116, 51.775828019273199 ], [ 6.669337086824622, 51.788180374427874 ] ] ] }, { "type": "Polygon", "coordinates": [ [ [ 6.721738552164023, 51.560757797549236 ], [ 6.736785770551362, 51.606314041707641 ], [ 6.746046496411491, 51.586315418996506 ], [ 6.747018685321112, 51.551254951884395 ], [ 6.721738552164023, 51.560757797549236 ] ] ] }, { "type": "Polygon", "coordinates": [ [ [ 6.731213920909534, 51.610503352431145 ], [ 6.718199866588729, 51.63828890819503 ], [ 6.772252541888048, 51.676915451158521 ], [ 6.776771685370329, 51.669291017217525 ], [ 6.733017222517433, 51.609639783376593 ], [ 6.731213920909534, 51.610503352431145 ] ] ] }, { "type": "Polygon", "coordinates": [ [ [ 6.751173841591958, 51.536390113445719 ], [ 6.747018685321112, 51.551254951884395 ], [ 6.746046496411491, 51.586315418996506 ], [ 6.779887613994798, 51.564073165304066 ], [ 6.751173841591958, 51.536390113445719 ] ] ] }, { "type": "Polygon", "coordinates": [ [ [ 6.710068697630089, 51.703590764332866 ], [ 6.76139957407222, 51.73087741778491 ], [ 6.788738424705191, 51.71965502442692 ], [ 6.770761801070587, 51.684712885022421 ], [ 6.707787234102585, 51.694370523202267 ], [ 6.710068697630089, 51.703590764332866 ] ] ] }, { "type": "Polygon", "coordinates": [ [ [ 6.720359315499867, 51.944900741452003 ], [ 6.718181942736171, 51.963223909924984 ], [ 6.726047814332381, 51.968455383292259 ], [ 6.738914549355768, 51.968334324060358 ], [ 6.814492317271903, 51.909877966628592 ], [ 6.776336446609093, 51.870315908123146 ], [ 6.772807863303496, 51.869943362948597 ], [ 6.720359315499867, 51.944900741452003 ] ] ] }, { "type": "Polygon", "coordinates": [ [ [ 6.698137251837914, 52.403520268473571 ], [ 6.761242885504327, 52.574539945533928 ], [ 6.809576848495433, 52.556417396666347 ], [ 6.809534743969444, 52.553254685707579 ], [ 6.698137251837914, 52.403520268473571 ] ] ] }, { "type": "Polygon", "coordinates": [ [ [ 6.641255652076824, 52.306440710017945 ], [ 6.698137251837914, 52.403520268473571 ], [ 6.809534743969444, 52.553254685707579 ], [ 6.839495515287069, 52.503235773925248 ], [ 6.647321896596043, 52.304892945588144 ], [ 6.641255652076824, 52.306440710017945 ] ] ] }, { "type": "Polygon", "coordinates": [ [ [ 6.758296623423472, 52.577442780177471 ], [ 6.763685080649505, 52.599555833103373 ], [ 6.81911417212526, 52.625927546009549 ], [ 6.822049851504485, 52.5683345101165 ], [ 6.809576848495433, 52.556417396666347 ], [ 6.761242885504327, 52.574539945533928 ], [ 6.758296623423472, 52.577442780177471 ] ] ] }, { "type": "Polygon", "coordinates": [ [ [ 6.735339810137916, 52.013632792034876 ], [ 6.697206406487627, 52.246465361491204 ], [ 6.786853419071897, 52.05653753142667 ], [ 6.735339810137916, 52.013632792034876 ] ] ] }, { "type": "Polygon", "coordinates": [ [ [ 6.772252541888048, 51.676915451158521 ], [ 6.770761801070587, 51.684712885022421 ], [ 6.788738424705191, 51.71965502442692 ], [ 6.805438212161704, 51.727854867137061 ], [ 6.814203458367369, 51.72794783045746 ], [ 6.821270344197382, 51.725089501984989 ], [ 6.831673708059172, 51.715619612108824 ], [ 6.839550929318657, 51.67316871318274 ], [ 6.839546968790362, 51.673149422279728 ], [ 6.778958880840051, 51.667096376480657 ], [ 6.776771685370329, 51.669291017217525 ], [ 6.772252541888048, 51.676915451158521 ] ] ] }, { "type": "Polygon", "coordinates": [ [ [ 6.736586732491983, 51.607174575411975 ], [ 6.733017222517433, 51.609639783376593 ], [ 6.776771685370329, 51.669291017217525 ], [ 6.778958880840051, 51.667096376480657 ], [ 6.800713353305042, 51.615884042789986 ], [ 6.736586732491983, 51.607174575411975 ] ] ] }, { "type": "Polygon", "coordinates": [ [ [ 6.866381521529786, 51.573325546346481 ], [ 6.779887613994798, 51.564073165304066 ], [ 6.746046496411491, 51.586315418996506 ], [ 6.736785770551362, 51.606314041707641 ], [ 6.736586732491983, 51.607174575411975 ], [ 6.800713353305042, 51.615884042789986 ], [ 6.846724162670473, 51.596862616243335 ], [ 6.866381521529786, 51.573325546346481 ] ] ] }, { "type": "Polygon", "coordinates": [ [ [ 6.726047814332381, 51.968455383292259 ], [ 6.735339810137916, 52.013632792034876 ], [ 6.786853419071897, 52.05653753142667 ], [ 6.807143979010542, 52.056293329263937 ], [ 6.806232454665556, 51.984131067264975 ], [ 6.738914549355768, 51.968334324060358 ], [ 6.726047814332381, 51.968455383292259 ] ] ] }, { "type": "Polygon", "coordinates": [ [ [ 6.697206406487627, 52.246465361491204 ], [ 6.686209706606363, 52.290723632168906 ], [ 6.786699640790263, 52.278218528012566 ], [ 6.860651307630127, 52.08817634771885 ], [ 6.807143979010542, 52.056293329263937 ], [ 6.786853419071897, 52.05653753142667 ], [ 6.697206406487627, 52.246465361491204 ] ] ] }, { "type": "Polygon", "coordinates": [ [ [ 6.785989335229593, 51.830977524194331 ], [ 6.769721847337, 51.861121131425385 ], [ 6.772807863303496, 51.869943362948597 ], [ 6.776336446609093, 51.870315908123146 ], [ 6.808363617289342, 51.862993524634135 ], [ 6.819880068476203, 51.836558999466753 ], [ 6.785989335229593, 51.830977524194331 ] ] ] }, { "type": "Polygon", "coordinates": [ [ [ 6.769721847337, 51.861121131425385 ], [ 6.785989335229593, 51.830977524194331 ], [ 6.782929918861378, 51.79894859605507 ], [ 6.771054790192458, 51.791433417887923 ], [ 6.749673471347337, 51.792453003741663 ], [ 6.734482863771937, 51.827844703127283 ], [ 6.769721847337, 51.861121131425385 ] ] ] }, { "type": "Polygon", "coordinates": [ [ [ 6.771054790192458, 51.791433417887923 ], [ 6.782929918861378, 51.79894859605507 ], [ 6.810853191483417, 51.800314749800499 ], [ 6.82451320892985, 51.790041024582997 ], [ 6.814203458367369, 51.72794783045746 ], [ 6.805438212161704, 51.727854867137061 ], [ 6.771054790192458, 51.791433417887923 ] ] ] }, { "type": "Polygon", "coordinates": [ [ [ 6.782929918861378, 51.79894859605507 ], [ 6.785989335229593, 51.830977524194331 ], [ 6.819880068476203, 51.836558999466753 ], [ 6.821342894961413, 51.835182085505878 ], [ 6.810853191483417, 51.800314749800499 ], [ 6.782929918861378, 51.79894859605507 ] ] ] }, { "type": "Polygon", "coordinates": [ [ [ 7.170878716263513, 51.643492622230191 ], [ 7.158126550998024, 51.593726820004782 ], [ 7.060301249578661, 51.806976928726691 ], [ 7.083181453762599, 51.85590684130235 ], [ 7.140249703816986, 51.852734311195078 ], [ 7.170615912169292, 51.764435082995767 ], [ 7.170878716263513, 51.643492622230191 ] ] ] }, { "type": "Polygon", "coordinates": [ [ [ 6.87223566585603, 54.948540000121 ], [ 6.968232457232188, 53.509411892621195 ], [ 6.81911417212526, 52.625927546009549 ], [ 6.763685080649505, 52.599555833103373 ], [ 6.55661373331304, 54.948540000121 ], [ 6.87223566585603, 54.948540000121 ] ] ] }, { "type": "Polygon", "coordinates": [ [ [ 6.81911417212526, 52.625927546009549 ], [ 6.968232457232188, 53.509411892621195 ], [ 6.988301175209205, 53.319270754111812 ], [ 6.885033496278423, 52.593059033712997 ], [ 6.876380733689787, 52.570913771592224 ], [ 6.822049851504485, 52.5683345101165 ], [ 6.81911417212526, 52.625927546009549 ] ] ] }, { "type": "Polygon", "coordinates": [ [ [ 6.776336446609093, 51.870315908123146 ], [ 6.814492317271903, 51.909877966628592 ], [ 6.827979571956455, 51.907633448022032 ], [ 6.83764047024234, 51.885447308493312 ], [ 6.808363617289342, 51.862993524634135 ], [ 6.776336446609093, 51.870315908123146 ] ] ] }, { "type": "Polygon", "coordinates": [ [ [ 6.814492317271903, 51.909877966628592 ], [ 6.738914549355768, 51.968334324060358 ], [ 6.806232454665556, 51.984131067264975 ], [ 6.830515933878535, 51.982839654467007 ], [ 6.84155797026261, 51.929016834042258 ], [ 6.827979571956455, 51.907633448022032 ], [ 6.814492317271903, 51.909877966628592 ] ] ] }, { "type": "Polygon", "coordinates": [ [ [ 6.686209706606363, 52.290723632168906 ], [ 6.647321896596043, 52.304892945588144 ], [ 6.839495515287069, 52.503235773925248 ], [ 6.853737883612416, 52.500353023498327 ], [ 6.866547152503232, 52.477952894280868 ], [ 6.874407842787797, 52.437107504333071 ], [ 6.846269661002523, 52.291212293277319 ], [ 6.786699640790263, 52.278218528012566 ], [ 6.686209706606363, 52.290723632168906 ] ] ] }, { "type": "Polygon", "coordinates": [ [ [ 6.82451320892985, 51.790041024582997 ], [ 6.810853191483417, 51.800314749800499 ], [ 6.821342894961413, 51.835182085505878 ], [ 6.835974798236511, 51.835751123172336 ], [ 6.868304627867133, 51.807504061422243 ], [ 6.867537847418133, 51.797167573149508 ], [ 6.82451320892985, 51.790041024582997 ] ] ] }, { "type": "Polygon", "coordinates": [ [ [ 6.800713353305042, 51.615884042789986 ], [ 6.778958880840051, 51.667096376480657 ], [ 6.839546968790362, 51.673149422279728 ], [ 6.846724162670473, 51.596862616243335 ], [ 6.800713353305042, 51.615884042789986 ] ] ] }, { "type": "Polygon", "coordinates": [ [ [ 6.821342894961413, 51.835182085505878 ], [ 6.819880068476203, 51.836558999466753 ], [ 6.808363617289342, 51.862993524634135 ], [ 6.83764047024234, 51.885447308493312 ], [ 6.847371185019895, 51.880500211340497 ], [ 6.850435240624936, 51.861045318935986 ], [ 6.835974798236511, 51.835751123172336 ], [ 6.821342894961413, 51.835182085505878 ] ] ] }, { "type": "Polygon", "coordinates": [ [ [ 6.84155797026261, 51.929016834042258 ], [ 6.830515933878535, 51.982839654467007 ], [ 6.853416959338087, 51.993666248715137 ], [ 6.870394368922272, 51.982879572080535 ], [ 6.889042825935926, 51.929577030968105 ], [ 6.886985676693445, 51.921338021873389 ], [ 6.84155797026261, 51.929016834042258 ] ] ] }, { "type": "Polygon", "coordinates": [ [ [ 6.809534743969444, 52.553254685707579 ], [ 6.809576848495433, 52.556417396666347 ], [ 6.822049851504485, 52.5683345101165 ], [ 6.876380733689787, 52.570913771592224 ], [ 6.89384000704291, 52.546546565374712 ], [ 6.893898443869454, 52.545367717517486 ], [ 6.884488086978478, 52.525711085812567 ], [ 6.853737883612416, 52.500353023498327 ], [ 6.839495515287069, 52.503235773925248 ], [ 6.809534743969444, 52.553254685707579 ] ] ] }, { "type": "Polygon", "coordinates": [ [ [ 6.839550929318657, 51.67316871318274 ], [ 6.831673708059172, 51.715619612108824 ], [ 6.852744496394394, 51.717889194588281 ], [ 6.883712421353859, 51.681075284193142 ], [ 6.839550929318657, 51.67316871318274 ] ] ] }, { "type": "Polygon", "coordinates": [ [ [ 6.846724162670473, 51.596862616243335 ], [ 6.839546968790362, 51.673149422279728 ], [ 6.839550929318657, 51.67316871318274 ], [ 6.883712421353859, 51.681075284193142 ], [ 6.989764798429644, 51.681558439089052 ], [ 7.143204087508196, 51.475040596156148 ], [ 7.145422055262227, 51.463440355099152 ], [ 7.148500320354867, 51.3444073692011 ], [ 6.866381521529786, 51.573325546346481 ], [ 6.846724162670473, 51.596862616243335 ] ] ] }, { "type": "Polygon", "coordinates": [ [ [ 6.806232454665556, 51.984131067264975 ], [ 6.807143979010542, 52.056293329263937 ], [ 6.860651307630127, 52.08817634771885 ], [ 6.878591728555217, 52.07018479292779 ], [ 6.853416959338087, 51.993666248715137 ], [ 6.830515933878535, 51.982839654467007 ], [ 6.806232454665556, 51.984131067264975 ] ] ] }, { "type": "Polygon", "coordinates": [ [ [ 6.83764047024234, 51.885447308493312 ], [ 6.827979571956455, 51.907633448022032 ], [ 6.84155797026261, 51.929016834042258 ], [ 6.886985676693445, 51.921338021873389 ], [ 6.891806609874148, 51.907918884704756 ], [ 6.886808774809187, 51.892066454760041 ], [ 6.847371185019895, 51.880500211340497 ], [ 6.83764047024234, 51.885447308493312 ] ] ] }, { "type": "Polygon", "coordinates": [ [ [ 6.835974798236511, 51.835751123172336 ], [ 6.850435240624936, 51.861045318935986 ], [ 6.887533112890745, 51.836013432820295 ], [ 6.868304627867133, 51.807504061422243 ], [ 6.835974798236511, 51.835751123172336 ] ] ] }, { "type": "Polygon", "coordinates": [ [ [ 6.874407842787797, 52.437107504333071 ], [ 6.866547152503232, 52.477952894280868 ], [ 6.903339883661208, 52.492112798539743 ], [ 6.913832639029467, 52.486073066272859 ], [ 6.911945388630874, 52.473659652711746 ], [ 6.874407842787797, 52.437107504333071 ] ] ] }, { "type": "Polygon", "coordinates": [ [ [ 6.814203458367369, 51.72794783045746 ], [ 6.82451320892985, 51.790041024582997 ], [ 6.867537847418133, 51.797167573149508 ], [ 6.87617584722002, 51.783234619960879 ], [ 6.821270344197382, 51.725089501984989 ], [ 6.814203458367369, 51.72794783045746 ] ] ] }, { "type": "Polygon", "coordinates": [ [ [ 6.831673708059172, 51.715619612108824 ], [ 6.821270344197382, 51.725089501984989 ], [ 6.87617584722002, 51.783234619960879 ], [ 6.947213987557117, 51.737663196260748 ], [ 6.852744496394394, 51.717889194588281 ], [ 6.831673708059172, 51.715619612108824 ] ] ] }, { "type": "Polygon", "coordinates": [ [ [ 7.048149014196214, 52.932621926631178 ], [ 7.062551562534113, 52.779071155509662 ], [ 7.059717492675085, 52.771402946879668 ], [ 6.935114505707854, 52.58525978616035 ], [ 6.885033496278423, 52.593059033712997 ], [ 6.988301175209205, 53.319270754111812 ], [ 7.048149014196214, 52.932621926631178 ] ] ] }, { "type": "Polygon", "coordinates": [ [ [ 7.062551562534113, 52.779071155509662 ], [ 7.048149014196214, 52.932621926631178 ], [ 7.261862202077694, 52.62568513050708 ], [ 7.246828142475019, 52.604954404755695 ], [ 7.131238455752809, 52.623703850668413 ], [ 7.125423115359715, 52.629291310385852 ], [ 7.062551562534113, 52.779071155509662 ] ] ] }, { "type": "Polygon", "coordinates": [ [ [ 6.89384000704291, 52.546546565374712 ], [ 6.876380733689787, 52.570913771592224 ], [ 6.885033496278423, 52.593059033712997 ], [ 6.935114505707854, 52.58525978616035 ], [ 6.932586140249274, 52.561054292000847 ], [ 6.89384000704291, 52.546546565374712 ] ] ] }, { "type": "Polygon", "coordinates": [ [ [ 6.884488086978478, 52.525711085812567 ], [ 6.893898443869454, 52.545367717517486 ], [ 6.932672124059749, 52.513883386160686 ], [ 6.919504128733378, 52.489697110356452 ], [ 6.913832639029467, 52.486073066272859 ], [ 6.903339883661208, 52.492112798539743 ], [ 6.884488086978478, 52.525711085812567 ] ] ] }, { "type": "Polygon", "coordinates": [ [ [ 6.887533112890745, 51.836013432820295 ], [ 6.850435240624936, 51.861045318935986 ], [ 6.847371185019895, 51.880500211340497 ], [ 6.886808774809187, 51.892066454760041 ], [ 6.90634539539728, 51.853625075574428 ], [ 6.900879566423107, 51.844602593525551 ], [ 6.887533112890745, 51.836013432820295 ] ] ] }, { "type": "Polygon", "coordinates": [ [ [ 6.867537847418133, 51.797167573149508 ], [ 6.868304627867133, 51.807504061422243 ], [ 6.887533112890745, 51.836013432820295 ], [ 6.900879566423107, 51.844602593525551 ], [ 6.962719090121298, 51.746457042374061 ], [ 6.960642180349441, 51.734108499808023 ], [ 6.947213987557117, 51.737663196260748 ], [ 6.87617584722002, 51.783234619960879 ], [ 6.867537847418133, 51.797167573149508 ] ] ] }, { "type": "Polygon", "coordinates": [ [ [ 6.786699640790263, 52.278218528012566 ], [ 6.846269661002523, 52.291212293277319 ], [ 6.852830091940841, 52.291199453686112 ], [ 6.955191520890708, 52.174238957477449 ], [ 6.951817958486683, 52.120074124296856 ], [ 6.931647835931167, 52.085517406298237 ], [ 6.910708444351014, 52.066639458299512 ], [ 6.878591728555217, 52.07018479292779 ], [ 6.860651307630127, 52.08817634771885 ], [ 6.786699640790263, 52.278218528012566 ] ] ] }, { "type": "Polygon", "coordinates": [ [ [ 6.886985676693445, 51.921338021873389 ], [ 6.889042825935926, 51.929577030968105 ], [ 6.928960150261339, 51.956626288592943 ], [ 6.940464833584247, 51.938075583456737 ], [ 6.942107631546974, 51.909907920009616 ], [ 6.891806609874148, 51.907918884704756 ], [ 6.886985676693445, 51.921338021873389 ] ] ] }, { "type": "Polygon", "coordinates": [ [ [ 6.866547152503232, 52.477952894280868 ], [ 6.853737883612416, 52.500353023498327 ], [ 6.884488086978478, 52.525711085812567 ], [ 6.903339883661208, 52.492112798539743 ], [ 6.866547152503232, 52.477952894280868 ] ] ] }, { "type": "Polygon", "coordinates": [ [ [ 6.889042825935926, 51.929577030968105 ], [ 6.870394368922272, 51.982879572080535 ], [ 6.889878659400481, 51.981967605312249 ], [ 6.92940110849869, 51.965792426192913 ], [ 6.928960150261339, 51.956626288592943 ], [ 6.889042825935926, 51.929577030968105 ] ] ] }, { "type": "Polygon", "coordinates": [ [ [ 6.853416959338087, 51.993666248715137 ], [ 6.878591728555217, 52.07018479292779 ], [ 6.910708444351014, 52.066639458299512 ], [ 6.928466819584363, 52.046061632395627 ], [ 6.928846378738256, 52.017524202548778 ], [ 6.889878659400481, 51.981967605312249 ], [ 6.870394368922272, 51.982879572080535 ], [ 6.853416959338087, 51.993666248715137 ] ] ] }, { "type": "Polygon", "coordinates": [ [ [ 6.852744496394394, 51.717889194588281 ], [ 6.947213987557117, 51.737663196260748 ], [ 6.960642180349441, 51.734108499808023 ], [ 6.989764798429644, 51.681558439089052 ], [ 6.883712421353859, 51.681075284193142 ], [ 6.852744496394394, 51.717889194588281 ] ] ] }, { "type": "Polygon", "coordinates": [ [ [ 7.170878716263513, 51.643492622230191 ], [ 7.170615912169292, 51.764435082995767 ], [ 7.218749225417613, 51.819704225829241 ], [ 7.260376812473883, 51.827602903341251 ], [ 7.285767886582247, 51.787088887792329 ], [ 7.286244056754036, 51.780655191416464 ], [ 7.170878716263513, 51.643492622230191 ] ] ] }, { "type": "Polygon", "coordinates": [ [ [ 6.92940110849869, 51.965792426192913 ], [ 6.889878659400481, 51.981967605312249 ], [ 6.928846378738256, 52.017524202548778 ], [ 6.940729226420352, 51.983727640929786 ], [ 6.940300470906567, 51.977835058433499 ], [ 6.92940110849869, 51.965792426192913 ] ] ] }, { "type": "Polygon", "coordinates": [ [ [ 6.886808774809187, 51.892066454760041 ], [ 6.891806609874148, 51.907918884704756 ], [ 6.942107631546974, 51.909907920009616 ], [ 6.952971665050658, 51.899448424343809 ], [ 6.956571295605109, 51.86236282864563 ], [ 6.90634539539728, 51.853625075574428 ], [ 6.886808774809187, 51.892066454760041 ] ] ] }, { "type": "Polygon", "coordinates": [ [ [ 6.913832639029467, 52.486073066272859 ], [ 6.919504128733378, 52.489697110356452 ], [ 6.947375136350343, 52.476668925773581 ], [ 6.943956571647075, 52.447943483252423 ], [ 6.911945388630874, 52.473659652711746 ], [ 6.913832639029467, 52.486073066272859 ] ] ] }, { "type": "Polygon", "coordinates": [ [ [ 6.92940110849869, 51.965792426192913 ], [ 6.940300470906567, 51.977835058433499 ], [ 6.981480071267348, 51.965873931439042 ], [ 6.982509726830485, 51.949261481426845 ], [ 6.940464833584247, 51.938075583456737 ], [ 6.928960150261339, 51.956626288592943 ], [ 6.92940110849869, 51.965792426192913 ] ] ] }, { "type": "Polygon", "coordinates": [ [ [ 6.846269661002523, 52.291212293277319 ], [ 6.874407842787797, 52.437107504333071 ], [ 6.911945388630874, 52.473659652711746 ], [ 6.943956571647075, 52.447943483252423 ], [ 6.966245412432722, 52.38049395162961 ], [ 6.955187967904449, 52.35175051843958 ], [ 6.926792357137455, 52.318031594945488 ], [ 6.852830091940841, 52.291199453686112 ], [ 6.846269661002523, 52.291212293277319 ] ] ] }, { "type": "Polygon", "coordinates": [ [ [ 6.966245412432722, 52.38049395162961 ], [ 6.943956571647075, 52.447943483252423 ], [ 6.947375136350343, 52.476668925773581 ], [ 6.956862846664278, 52.486279795725963 ], [ 6.97124969248078, 52.483562280250048 ], [ 6.994051075655698, 52.435562257424031 ], [ 6.989506520915225, 52.413889997819474 ], [ 6.98795302469042, 52.409822974272181 ], [ 6.966245412432722, 52.38049395162961 ] ] ] }, { "type": "Polygon", "coordinates": [ [ [ 6.928846378738256, 52.017524202548778 ], [ 6.928466819584363, 52.046061632395627 ], [ 6.955147605870832, 52.038574192548062 ], [ 6.987083792203023, 52.016589351274924 ], [ 6.986934037278018, 52.014967227054285 ], [ 6.940729226420352, 51.983727640929786 ], [ 6.928846378738256, 52.017524202548778 ] ] ] }, { "type": "Polygon", "coordinates": [ [ [ 6.893898443869454, 52.545367717517486 ], [ 6.89384000704291, 52.546546565374712 ], [ 6.932586140249274, 52.561054292000847 ], [ 6.943475418668666, 52.556435716332096 ], [ 6.949061411933763, 52.517383055397943 ], [ 6.947230943745391, 52.515751498377639 ], [ 6.932672124059749, 52.513883386160686 ], [ 6.893898443869454, 52.545367717517486 ] ] ] }, { "type": "Polygon", "coordinates": [ [ [ 6.900879566423107, 51.844602593525551 ], [ 6.90634539539728, 51.853625075574428 ], [ 6.956571295605109, 51.86236282864563 ], [ 6.987127466133999, 51.837295096856003 ], [ 6.988264747641193, 51.816548880655489 ], [ 6.962719090121298, 51.746457042374061 ], [ 6.900879566423107, 51.844602593525551 ] ] ] }, { "type": "Polygon", "coordinates": [ [ [ 7.522234578232717, 54.948540000121 ], [ 7.358571342813374, 52.75959645896247 ], [ 7.350324062373015, 52.6914864260782 ], [ 7.317278442898386, 52.623907670873933 ], [ 7.261862202077694, 52.62568513050708 ], [ 7.048149014196214, 52.932621926631178 ], [ 6.988301175209205, 53.319270754111812 ], [ 6.968232457232188, 53.509411892621195 ], [ 6.87223566585603, 54.948540000121 ], [ 7.522234578232717, 54.948540000121 ] ] ] }, { "type": "Polygon", "coordinates": [ [ [ 6.943475418668666, 52.556435716332096 ], [ 6.932586140249274, 52.561054292000847 ], [ 6.935114505707854, 52.58525978616035 ], [ 7.059717492675085, 52.771402946879668 ], [ 7.035153009778572, 52.684359423061444 ], [ 6.945591250607141, 52.556889627627285 ], [ 6.943475418668666, 52.556435716332096 ] ] ] }, { "type": "Polygon", "coordinates": [ [ [ 6.947375136350343, 52.476668925773581 ], [ 6.919504128733378, 52.489697110356452 ], [ 6.932672124059749, 52.513883386160686 ], [ 6.947230943745391, 52.515751498377639 ], [ 6.956862846664278, 52.486279795725963 ], [ 6.947375136350343, 52.476668925773581 ] ] ] }, { "type": "Polygon", "coordinates": [ [ [ 6.949061411933763, 52.517383055397943 ], [ 6.943475418668666, 52.556435716332096 ], [ 6.945591250607141, 52.556889627627285 ], [ 6.987129842719952, 52.550070557357571 ], [ 6.984249651364309, 52.53657399574648 ], [ 6.975005451200079, 52.523602560402352 ], [ 6.949061411933763, 52.517383055397943 ] ] ] }, { "type": "Polygon", "coordinates": [ [ [ 6.955191520890708, 52.174238957477449 ], [ 6.852830091940841, 52.291199453686112 ], [ 6.926792357137455, 52.318031594945488 ], [ 6.972857487933394, 52.29716249288321 ], [ 7.009706186025011, 52.261239704288165 ], [ 7.020211189656526, 52.188149524304173 ], [ 7.012994988096039, 52.178883656427772 ], [ 6.994152379591711, 52.165657516730988 ], [ 6.955191520890708, 52.174238957477449 ] ] ] }, { "type": "Polygon", "coordinates": [ [ [ 6.928466819584363, 52.046061632395627 ], [ 6.910708444351014, 52.066639458299512 ], [ 6.931647835931167, 52.085517406298237 ], [ 6.988399088909589, 52.077009982520821 ], [ 6.990240589640192, 52.067491164866922 ], [ 6.955147605870832, 52.038574192548062 ], [ 6.928466819584363, 52.046061632395627 ] ] ] }, { "type": "Polygon", "coordinates": [ [ [ 7.059717492675085, 52.771402946879668 ], [ 7.062551562534113, 52.779071155509662 ], [ 7.125423115359715, 52.629291310385852 ], [ 7.109275918407946, 52.582499467514737 ], [ 7.057478562037102, 52.512138835363743 ], [ 7.040164533618643, 52.5170722386043 ], [ 7.011940741475897, 52.581656412516928 ], [ 7.035153009778572, 52.684359423061444 ], [ 7.059717492675085, 52.771402946879668 ] ] ] }, { "type": "Polygon", "coordinates": [ [ [ 6.987129842719952, 52.550070557357571 ], [ 6.945591250607141, 52.556889627627285 ], [ 7.035153009778572, 52.684359423061444 ], [ 7.011940741475897, 52.581656412516928 ], [ 6.987129842719952, 52.550070557357571 ] ] ] }, { "type": "Polygon", "coordinates": [ [ [ 6.947230943745391, 52.515751498377639 ], [ 6.949061411933763, 52.517383055397943 ], [ 6.975005451200079, 52.523602560402352 ], [ 6.985503183213945, 52.499630851262943 ], [ 6.97124969248078, 52.483562280250048 ], [ 6.956862846664278, 52.486279795725963 ], [ 6.947230943745391, 52.515751498377639 ] ] ] }, { "type": "Polygon", "coordinates": [ [ [ 6.942107631546974, 51.909907920009616 ], [ 6.940464833584247, 51.938075583456737 ], [ 6.982509726830485, 51.949261481426845 ], [ 6.995395308659497, 51.926360192227087 ], [ 6.952971665050658, 51.899448424343809 ], [ 6.942107631546974, 51.909907920009616 ] ] ] }, { "type": "Polygon", "coordinates": [ [ [ 6.940729226420352, 51.983727640929786 ], [ 6.986934037278018, 52.014967227054285 ], [ 6.995041442973459, 51.98278049877765 ], [ 6.981480071267348, 51.965873931439042 ], [ 6.940300470906567, 51.977835058433499 ], [ 6.940729226420352, 51.983727640929786 ] ] ] }, { "type": "Polygon", "coordinates": [ [ [ 6.987129842719952, 52.550070557357571 ], [ 7.011940741475897, 52.581656412516928 ], [ 7.040164533618643, 52.5170722386043 ], [ 7.021800045962237, 52.507690782647984 ], [ 6.984249651364309, 52.53657399574648 ], [ 6.987129842719952, 52.550070557357571 ] ] ] }, { "type": "Polygon", "coordinates": [ [ [ 6.981480071267348, 51.965873931439042 ], [ 6.995041442973459, 51.98278049877765 ], [ 7.034164242010597, 51.974125170209412 ], [ 7.03346262461448, 51.959490648074414 ], [ 7.012688538688663, 51.920975903762113 ], [ 6.995395308659497, 51.926360192227087 ], [ 6.982509726830485, 51.949261481426845 ], [ 6.981480071267348, 51.965873931439042 ] ] ] }, { "type": "Polygon", "coordinates": [ [ [ 6.956571295605109, 51.86236282864563 ], [ 6.952971665050658, 51.899448424343809 ], [ 6.995395308659497, 51.926360192227087 ], [ 7.012688538688663, 51.920975903762113 ], [ 7.038581139188159, 51.884163380807671 ], [ 6.987127466133999, 51.837295096856003 ], [ 6.956571295605109, 51.86236282864563 ] ] ] }, { "type": "Polygon", "coordinates": [ [ [ 6.986934037278018, 52.014967227054285 ], [ 6.987083792203023, 52.016589351274924 ], [ 7.016458310791486, 52.035587886024942 ], [ 7.052465665721446, 51.991181008844201 ], [ 7.034164242010597, 51.974125170209412 ], [ 6.995041442973459, 51.98278049877765 ], [ 6.986934037278018, 52.014967227054285 ] ] ] }, { "type": "Polygon", "coordinates": [ [ [ 6.951817958486683, 52.120074124296856 ], [ 7.002490603055016, 52.099618500903816 ], [ 6.988399088909589, 52.077009982520821 ], [ 6.931647835931167, 52.085517406298237 ], [ 6.951817958486683, 52.120074124296856 ] ] ] }, { "type": "Polygon", "coordinates": [ [ [ 7.002490603055016, 52.099618500903816 ], [ 6.951817958486683, 52.120074124296856 ], [ 6.955191520890708, 52.174238957477449 ], [ 6.994152379591711, 52.165657516730988 ], [ 7.024163442178287, 52.129271832239205 ], [ 7.016135385015967, 52.104969183482602 ], [ 7.002490603055016, 52.099618500903816 ] ] ] }, { "type": "Polygon", "coordinates": [ [ [ 6.985503183213945, 52.499630851262943 ], [ 6.975005451200079, 52.523602560402352 ], [ 6.984249651364309, 52.53657399574648 ], [ 7.021800045962237, 52.507690782647984 ], [ 7.009967141449784, 52.492406436640223 ], [ 6.985503183213945, 52.499630851262943 ] ] ] }, { "type": "Polygon", "coordinates": [ [ [ 6.955147605870832, 52.038574192548062 ], [ 6.990240589640192, 52.067491164866922 ], [ 7.01783849563178, 52.039796804745215 ], [ 7.016458310791486, 52.035587886024942 ], [ 6.987083792203023, 52.016589351274924 ], [ 6.955147605870832, 52.038574192548062 ] ] ] }, { "type": "Polygon", "coordinates": [ [ [ 6.994051075655698, 52.435562257424031 ], [ 6.97124969248078, 52.483562280250048 ], [ 6.985503183213945, 52.499630851262943 ], [ 7.009967141449784, 52.492406436640223 ], [ 7.011889620792416, 52.466547652974427 ], [ 6.994051075655698, 52.435562257424031 ] ] ] }, { "type": "Polygon", "coordinates": [ [ [ 6.988399088909589, 52.077009982520821 ], [ 7.002490603055016, 52.099618500903816 ], [ 7.016135385015967, 52.104969183482602 ], [ 7.044363508174802, 52.066228001422864 ], [ 7.043900098904174, 52.064681545984037 ], [ 7.01783849563178, 52.039796804745215 ], [ 6.990240589640192, 52.067491164866922 ], [ 6.988399088909589, 52.077009982520821 ] ] ] }, { "type": "Polygon", "coordinates": [ [ [ 6.987127466133999, 51.837295096856003 ], [ 7.038581139188159, 51.884163380807671 ], [ 7.045587494800753, 51.88402634548472 ], [ 7.083181453762599, 51.85590684130235 ], [ 7.060301249578661, 51.806976928726691 ], [ 6.988264747641193, 51.816548880655489 ], [ 6.987127466133999, 51.837295096856003 ] ] ] }, { "type": "Polygon", "coordinates": [ [ [ 6.966245412432722, 52.38049395162961 ], [ 6.98795302469042, 52.409822974272181 ], [ 7.05941711154853, 52.421100254925449 ], [ 7.080793643072172, 52.410324504372383 ], [ 7.087055961765161, 52.403379023654701 ], [ 7.084216641365264, 52.370702855907766 ], [ 6.955187967904449, 52.35175051843958 ], [ 6.966245412432722, 52.38049395162961 ] ] ] }, { "type": "Polygon", "coordinates": [ [ [ 6.98795302469042, 52.409822974272181 ], [ 6.989506520915225, 52.413889997819474 ], [ 7.058215192647056, 52.454869810998296 ], [ 7.05941711154853, 52.421100254925449 ], [ 6.98795302469042, 52.409822974272181 ] ] ] }, { "type": "Polygon", "coordinates": [ [ [ 6.994051075655698, 52.435562257424031 ], [ 7.011889620792416, 52.466547652974427 ], [ 7.021929127362979, 52.467821653565096 ], [ 7.060215643101799, 52.459046080115144 ], [ 7.058215192647056, 52.454869810998296 ], [ 6.989506520915225, 52.413889997819474 ], [ 6.994051075655698, 52.435562257424031 ] ] ] }, { "type": "Polygon", "coordinates": [ [ [ 7.024163442178287, 52.129271832239205 ], [ 6.994152379591711, 52.165657516730988 ], [ 7.012994988096039, 52.178883656427772 ], [ 7.053490385740252, 52.167509161087281 ], [ 7.047594255736021, 52.134025888318369 ], [ 7.024163442178287, 52.129271832239205 ] ] ] }, { "type": "Polygon", "coordinates": [ [ [ 7.009967141449784, 52.492406436640223 ], [ 7.021800045962237, 52.507690782647984 ], [ 7.040164533618643, 52.5170722386043 ], [ 7.057478562037102, 52.512138835363743 ], [ 7.06393523971827, 52.49965786625539 ], [ 7.021929127362979, 52.467821653565096 ], [ 7.011889620792416, 52.466547652974427 ], [ 7.009967141449784, 52.492406436640223 ] ] ] }, { "type": "Polygon", "coordinates": [ [ [ 7.038581139188159, 51.884163380807671 ], [ 7.012688538688663, 51.920975903762113 ], [ 7.03346262461448, 51.959490648074414 ], [ 7.071984067066922, 51.931418840916272 ], [ 7.074459943208668, 51.923321077643557 ], [ 7.045587494800753, 51.88402634548472 ], [ 7.038581139188159, 51.884163380807671 ] ] ] }, { "type": "Polygon", "coordinates": [ [ [ 7.020211189656526, 52.188149524304173 ], [ 7.009706186025011, 52.261239704288165 ], [ 7.080740166925226, 52.215359615396324 ], [ 7.020211189656526, 52.188149524304173 ] ] ] }, { "type": "Polygon", "coordinates": [ [ [ 7.03346262461448, 51.959490648074414 ], [ 7.034164242010597, 51.974125170209412 ], [ 7.052465665721446, 51.991181008844201 ], [ 7.077551071222081, 51.994424635463353 ], [ 7.081741274617724, 51.991847449792928 ], [ 7.071984067066922, 51.931418840916272 ], [ 7.03346262461448, 51.959490648074414 ] ] ] }, { "type": "Polygon", "coordinates": [ [ [ 7.016458310791486, 52.035587886024942 ], [ 7.01783849563178, 52.039796804745215 ], [ 7.043900098904174, 52.064681545984037 ], [ 7.077636906268482, 52.023833834470963 ], [ 7.077551071222081, 51.994424635463353 ], [ 7.052465665721446, 51.991181008844201 ], [ 7.016458310791486, 52.035587886024942 ] ] ] }, { "type": "Polygon", "coordinates": [ [ [ 7.016135385015967, 52.104969183482602 ], [ 7.024163442178287, 52.129271832239205 ], [ 7.047594255736021, 52.134025888318369 ], [ 7.07070209727978, 52.126430946225639 ], [ 7.090737643145245, 52.09242255910204 ], [ 7.044363508174802, 52.066228001422864 ], [ 7.016135385015967, 52.104969183482602 ] ] ] }, { "type": "Polygon", "coordinates": [ [ [ 7.012994988096039, 52.178883656427772 ], [ 7.020211189656526, 52.188149524304173 ], [ 7.080740166925226, 52.215359615396324 ], [ 7.091005850207509, 52.212686843736279 ], [ 7.053490385740252, 52.167509161087281 ], [ 7.012994988096039, 52.178883656427772 ] ] ] }, { "type": "Polygon", "coordinates": [ [ [ 7.218749225417613, 51.819704225829241 ], [ 7.170615912169292, 51.764435082995767 ], [ 7.140249703816986, 51.852734311195078 ], [ 7.141406175473228, 51.855318994187151 ], [ 7.200651729495252, 51.875589807855455 ], [ 7.228255492570606, 51.854430531573463 ], [ 7.218749225417613, 51.819704225829241 ] ] ] }, { "type": "Polygon", "coordinates": [ [ [ 6.926792357137455, 52.318031594945488 ], [ 6.955187967904449, 52.35175051843958 ], [ 7.084216641365264, 52.370702855907766 ], [ 7.092359654935281, 52.363475336462052 ], [ 7.093873502842182, 52.352828687903227 ], [ 7.069258175353361, 52.298615990603352 ], [ 6.972857487933394, 52.29716249288321 ], [ 6.926792357137455, 52.318031594945488 ] ] ] }, { "type": "Polygon", "coordinates": [ [ [ 7.071530243317232, 52.46802706342109 ], [ 7.060215643101799, 52.459046080115144 ], [ 7.021929127362979, 52.467821653565096 ], [ 7.06393523971827, 52.49965786625539 ], [ 7.079798823941346, 52.480419292671037 ], [ 7.071530243317232, 52.46802706342109 ] ] ] }, { "type": "Polygon", "coordinates": [ [ [ 7.060215643101799, 52.459046080115144 ], [ 7.071530243317232, 52.46802706342109 ], [ 7.081057045042964, 52.434580314976706 ], [ 7.080793643072172, 52.410324504372383 ], [ 7.05941711154853, 52.421100254925449 ], [ 7.058215192647056, 52.454869810998296 ], [ 7.060215643101799, 52.459046080115144 ] ] ] }, { "type": "Polygon", "coordinates": [ [ [ 7.080740166925226, 52.215359615396324 ], [ 7.009706186025011, 52.261239704288165 ], [ 6.972857487933394, 52.29716249288321 ], [ 7.069258175353361, 52.298615990603352 ], [ 7.071532512926041, 52.297065970151948 ], [ 7.11180904370539, 52.244228803403175 ], [ 7.100940629031683, 52.213304080233819 ], [ 7.100604108063671, 52.212995110652543 ], [ 7.091005850207509, 52.212686843736279 ], [ 7.080740166925226, 52.215359615396324 ] ] ] }, { "type": "Polygon", "coordinates": [ [ [ 7.047594255736021, 52.134025888318369 ], [ 7.053490385740252, 52.167509161087281 ], [ 7.091005850207509, 52.212686843736279 ], [ 7.100604108063671, 52.212995110652543 ], [ 7.106743113721254, 52.176897489258231 ], [ 7.07070209727978, 52.126430946225639 ], [ 7.047594255736021, 52.134025888318369 ] ] ] }, { "type": "Polygon", "coordinates": [ [ [ 7.043900098904174, 52.064681545984037 ], [ 7.044363508174802, 52.066228001422864 ], [ 7.090737643145245, 52.09242255910204 ], [ 7.109966470034665, 52.086958732579873 ], [ 7.11134062796436, 52.062399778008263 ], [ 7.077636906268482, 52.023833834470963 ], [ 7.043900098904174, 52.064681545984037 ] ] ] }, { "type": "Polygon", "coordinates": [ [ [ 7.131238455752809, 52.623703850668413 ], [ 7.191626260211475, 52.540676018204856 ], [ 7.165814060964044, 52.458486867266579 ], [ 7.156592226215786, 52.455742826554406 ], [ 7.133879444548004, 52.467445372482558 ], [ 7.116279015936422, 52.477908374425098 ], [ 7.109275918407946, 52.582499467514737 ], [ 7.125423115359715, 52.629291310385852 ], [ 7.131238455752809, 52.623703850668413 ] ] ] }, { "type": "Polygon", "coordinates": [ [ [ 7.191626260211475, 52.540676018204856 ], [ 7.131238455752809, 52.623703850668413 ], [ 7.246828142475019, 52.604954404755695 ], [ 7.255882278175224, 52.574133134555133 ], [ 7.25151506688594, 52.560358294210985 ], [ 7.19279488048198, 52.540639708809515 ], [ 7.191626260211475, 52.540676018204856 ] ] ] }, { "type": "Polygon", "coordinates": [ [ [ 7.06393523971827, 52.49965786625539 ], [ 7.057478562037102, 52.512138835363743 ], [ 7.109275918407946, 52.582499467514737 ], [ 7.116279015936422, 52.477908374425098 ], [ 7.079798823941346, 52.480419292671037 ], [ 7.06393523971827, 52.49965786625539 ] ] ] }, { "type": "Polygon", "coordinates": [ [ [ 7.079798823941346, 52.480419292671037 ], [ 7.116279015936422, 52.477908374425098 ], [ 7.133879444548004, 52.467445372482558 ], [ 7.081057045042964, 52.434580314976706 ], [ 7.071530243317232, 52.46802706342109 ], [ 7.079798823941346, 52.480419292671037 ] ] ] }, { "type": "Polygon", "coordinates": [ [ [ 7.074459943208668, 51.923321077643557 ], [ 7.071984067066922, 51.931418840916272 ], [ 7.081741274617724, 51.991847449792928 ], [ 7.094673113887468, 51.989513996130228 ], [ 7.106082353783986, 51.981277944702512 ], [ 7.124647089456428, 51.950532201561387 ], [ 7.113839276599626, 51.926564795784422 ], [ 7.074459943208668, 51.923321077643557 ] ] ] }, { "type": "Polygon", "coordinates": [ [ [ 7.045587494800753, 51.88402634548472 ], [ 7.074459943208668, 51.923321077643557 ], [ 7.113839276599626, 51.926564795784422 ], [ 7.141620743153257, 51.868368297181917 ], [ 7.141406175473228, 51.855318994187151 ], [ 7.140249703816986, 51.852734311195078 ], [ 7.083181453762599, 51.85590684130235 ], [ 7.045587494800753, 51.88402634548472 ] ] ] }, { "type": "Polygon", "coordinates": [ [ [ 7.069258175353361, 52.298615990603352 ], [ 7.093873502842182, 52.352828687903227 ], [ 7.125819408747624, 52.313104648622961 ], [ 7.071532512926041, 52.297065970151948 ], [ 7.069258175353361, 52.298615990603352 ] ] ] }, { "type": "Polygon", "coordinates": [ [ [ 7.087055961765161, 52.403379023654701 ], [ 7.080793643072172, 52.410324504372383 ], [ 7.081057045042964, 52.434580314976706 ], [ 7.133879444548004, 52.467445372482558 ], [ 7.156592226215786, 52.455742826554406 ], [ 7.15339600354004, 52.450310732666345 ], [ 7.087055961765161, 52.403379023654701 ] ] ] }, { "type": "Polygon", "coordinates": [ [ [ 7.092359654935281, 52.363475336462052 ], [ 7.084216641365264, 52.370702855907766 ], [ 7.087055961765161, 52.403379023654701 ], [ 7.15339600354004, 52.450310732666345 ], [ 7.143829960620194, 52.371513520294826 ], [ 7.092359654935281, 52.363475336462052 ] ] ] }, { "type": "Polygon", "coordinates": [ [ [ 7.077551071222081, 51.994424635463353 ], [ 7.077636906268482, 52.023833834470963 ], [ 7.11134062796436, 52.062399778008263 ], [ 7.131490381019055, 52.032453870724737 ], [ 7.094673113887468, 51.989513996130228 ], [ 7.081741274617724, 51.991847449792928 ], [ 7.077551071222081, 51.994424635463353 ] ] ] }, { "type": "Polygon", "coordinates": [ [ [ 7.090737643145245, 52.09242255910204 ], [ 7.07070209727978, 52.126430946225639 ], [ 7.106743113721254, 52.176897489258231 ], [ 7.152661883349816, 52.119096969154981 ], [ 7.146918774712232, 52.107576910665351 ], [ 7.109966470034665, 52.086958732579873 ], [ 7.090737643145245, 52.09242255910204 ] ] ] }, { "type": "Polygon", "coordinates": [ [ [ 7.106743113721254, 52.176897489258231 ], [ 7.100604108063671, 52.212995110652543 ], [ 7.100940629031683, 52.213304080233819 ], [ 7.1597372775427, 52.200853268946496 ], [ 7.201163767952373, 52.158981652089665 ], [ 7.167991260094824, 52.127217126637674 ], [ 7.152661883349816, 52.119096969154981 ], [ 7.106743113721254, 52.176897489258231 ] ] ] }, { "type": "Polygon", "coordinates": [ [ [ 7.15339600354004, 52.450310732666345 ], [ 7.156592226215786, 52.455742826554406 ], [ 7.165814060964044, 52.458486867266579 ], [ 7.214528533271974, 52.431823952737176 ], [ 7.191599511420266, 52.379621911795056 ], [ 7.147610946375732, 52.36823983342947 ], [ 7.143829960620194, 52.371513520294826 ], [ 7.15339600354004, 52.450310732666345 ] ] ] }, { "type": "Polygon", "coordinates": [ [ [ 7.124647089456428, 51.950532201561387 ], [ 7.106082353783986, 51.981277944702512 ], [ 7.171519233468005, 52.006332375621341 ], [ 7.17326717392945, 52.003075686551064 ], [ 7.163176363192913, 51.969225004752658 ], [ 7.142577808781535, 51.952186398633337 ], [ 7.124647089456428, 51.950532201561387 ] ] ] }, { "type": "Polygon", "coordinates": [ [ [ 7.093873502842182, 52.352828687903227 ], [ 7.092359654935281, 52.363475336462052 ], [ 7.143829960620194, 52.371513520294826 ], [ 7.147610946375732, 52.36823983342947 ], [ 7.156611091754526, 52.345846402526632 ], [ 7.15442176664568, 52.329273720275154 ], [ 7.130826611174784, 52.310235252406521 ], [ 7.125819408747624, 52.313104648622961 ], [ 7.093873502842182, 52.352828687903227 ] ] ] }, { "type": "Polygon", "coordinates": [ [ [ 7.125819408747624, 52.313104648622961 ], [ 7.130826611174784, 52.310235252406521 ], [ 7.135869166298903, 52.26601532405585 ], [ 7.11180904370539, 52.244228803403175 ], [ 7.071532512926041, 52.297065970151948 ], [ 7.125819408747624, 52.313104648622961 ] ] ] }, { "type": "Polygon", "coordinates": [ [ [ 7.100940629031683, 52.213304080233819 ], [ 7.11180904370539, 52.244228803403175 ], [ 7.135869166298903, 52.26601532405585 ], [ 7.189972686809659, 52.267600580823647 ], [ 7.203533366991201, 52.255777183917061 ], [ 7.1597372775427, 52.200853268946496 ], [ 7.100940629031683, 52.213304080233819 ] ] ] }, { "type": "Polygon", "coordinates": [ [ [ 7.094673113887468, 51.989513996130228 ], [ 7.131490381019055, 52.032453870724737 ], [ 7.169292694811221, 52.021804367020195 ], [ 7.171519233468005, 52.006332375621341 ], [ 7.106082353783986, 51.981277944702512 ], [ 7.094673113887468, 51.989513996130228 ] ] ] }, { "type": "Polygon", "coordinates": [ [ [ 7.11134062796436, 52.062399778008263 ], [ 7.109966470034665, 52.086958732579873 ], [ 7.146918774712232, 52.107576910665351 ], [ 7.184900218884194, 52.048236530254748 ], [ 7.169292694811221, 52.021804367020195 ], [ 7.131490381019055, 52.032453870724737 ], [ 7.11134062796436, 52.062399778008263 ] ] ] }, { "type": "Polygon", "coordinates": [ [ [ 7.113839276599626, 51.926564795784422 ], [ 7.124647089456428, 51.950532201561387 ], [ 7.142577808781535, 51.952186398633337 ], [ 7.172387423588563, 51.919115027744887 ], [ 7.141620743153257, 51.868368297181917 ], [ 7.113839276599626, 51.926564795784422 ] ] ] }, { "type": "Polygon", "coordinates": [ [ [ 7.165814060964044, 52.458486867266579 ], [ 7.191626260211475, 52.540676018204856 ], [ 7.19279488048198, 52.540639708809515 ], [ 7.258805438450739, 52.493059175515413 ], [ 7.266311692643212, 52.46626180456721 ], [ 7.254370147487573, 52.440297447076851 ], [ 7.232252082202638, 52.429664677383563 ], [ 7.214528533271974, 52.431823952737176 ], [ 7.165814060964044, 52.458486867266579 ] ] ] }, { "type": "Polygon", "coordinates": [ [ [ 7.142577808781535, 51.952186398633337 ], [ 7.163176363192913, 51.969225004752658 ], [ 7.192332848003694, 51.943964551650062 ], [ 7.186639057185202, 51.925071115084592 ], [ 7.172387423588563, 51.919115027744887 ], [ 7.142577808781535, 51.952186398633337 ] ] ] }, { "type": "Polygon", "coordinates": [ [ [ 7.171519233468005, 52.006332375621341 ], [ 7.169292694811221, 52.021804367020195 ], [ 7.184900218884194, 52.048236530254748 ], [ 7.208801679628015, 52.053429143499358 ], [ 7.222973990882575, 52.043198496799285 ], [ 7.230028728653243, 52.005893563150039 ], [ 7.203531792822183, 51.98952089973703 ], [ 7.17326717392945, 52.003075686551064 ], [ 7.171519233468005, 52.006332375621341 ] ] ] }, { "type": "Polygon", "coordinates": [ [ [ 7.135869166298903, 52.26601532405585 ], [ 7.130826611174784, 52.310235252406521 ], [ 7.15442176664568, 52.329273720275154 ], [ 7.191539259143549, 52.304379422180737 ], [ 7.189972686809659, 52.267600580823647 ], [ 7.135869166298903, 52.26601532405585 ] ] ] }, { "type": "Polygon", "coordinates": [ [ [ 7.141620743153257, 51.868368297181917 ], [ 7.172387423588563, 51.919115027744887 ], [ 7.186639057185202, 51.925071115084592 ], [ 7.217405706985547, 51.904548044370848 ], [ 7.200651729495252, 51.875589807855455 ], [ 7.141406175473228, 51.855318994187151 ], [ 7.141620743153257, 51.868368297181917 ] ] ] }, { "type": "Polygon", "coordinates": [ [ [ 7.146918774712232, 52.107576910665351 ], [ 7.152661883349816, 52.119096969154981 ], [ 7.167991260094824, 52.127217126637674 ], [ 7.216063235096489, 52.086622648272773 ], [ 7.217949341749286, 52.072339112168528 ], [ 7.208801679628015, 52.053429143499358 ], [ 7.184900218884194, 52.048236530254748 ], [ 7.146918774712232, 52.107576910665351 ] ] ] }, { "type": "Polygon", "coordinates": [ [ [ 7.15442176664568, 52.329273720275154 ], [ 7.156611091754526, 52.345846402526632 ], [ 7.202305790648789, 52.348917464803812 ], [ 7.206564868449335, 52.345493391889732 ], [ 7.192526653601538, 52.305561518214212 ], [ 7.191539259143549, 52.304379422180737 ], [ 7.15442176664568, 52.329273720275154 ] ] ] }, { "type": "Polygon", "coordinates": [ [ [ 7.163176363192913, 51.969225004752658 ], [ 7.17326717392945, 52.003075686551064 ], [ 7.203531792822183, 51.98952089973703 ], [ 7.214794568975642, 51.960582189870998 ], [ 7.192332848003694, 51.943964551650062 ], [ 7.163176363192913, 51.969225004752658 ] ] ] }, { "type": "Polygon", "coordinates": [ [ [ 7.202305790648789, 52.348917464803812 ], [ 7.191599511420266, 52.379621911795056 ], [ 7.214528533271974, 52.431823952737176 ], [ 7.232252082202638, 52.429664677383563 ], [ 7.251243377317538, 52.350997078198183 ], [ 7.206564868449335, 52.345493391889732 ], [ 7.202305790648789, 52.348917464803812 ] ] ] }, { "type": "Polygon", "coordinates": [ [ [ 7.191599511420266, 52.379621911795056 ], [ 7.202305790648789, 52.348917464803812 ], [ 7.156611091754526, 52.345846402526632 ], [ 7.147610946375732, 52.36823983342947 ], [ 7.191599511420266, 52.379621911795056 ] ] ] }, { "type": "Polygon", "coordinates": [ [ [ 7.203533366991201, 52.255777183917061 ], [ 7.189972686809659, 52.267600580823647 ], [ 7.191539259143549, 52.304379422180737 ], [ 7.192526653601538, 52.305561518214212 ], [ 7.246328697392991, 52.314626689919209 ], [ 7.241601999317423, 52.26366946542462 ], [ 7.23467837177828, 52.249097930322577 ], [ 7.227529949642431, 52.246721161500446 ], [ 7.203533366991201, 52.255777183917061 ] ] ] }, { "type": "Polygon", "coordinates": [ [ [ 7.192526653601538, 52.305561518214212 ], [ 7.206564868449335, 52.345493391889732 ], [ 7.251243377317538, 52.350997078198183 ], [ 7.260962538894599, 52.342707845445183 ], [ 7.246328697392991, 52.314626689919209 ], [ 7.192526653601538, 52.305561518214212 ] ] ] }, { "type": "Polygon", "coordinates": [ [ [ 7.201163767952373, 52.158981652089665 ], [ 7.1597372775427, 52.200853268946496 ], [ 7.203533366991201, 52.255777183917061 ], [ 7.227529949642431, 52.246721161500446 ], [ 7.215946840510149, 52.162344426785921 ], [ 7.201163767952373, 52.158981652089665 ] ] ] }, { "type": "Polygon", "coordinates": [ [ [ 7.201163767952373, 52.158981652089665 ], [ 7.215946840510149, 52.162344426785921 ], [ 7.250774278470836, 52.146328006255125 ], [ 7.250953524348006, 52.144063118087018 ], [ 7.216063235096489, 52.086622648272773 ], [ 7.167991260094824, 52.127217126637674 ], [ 7.201163767952373, 52.158981652089665 ] ] ] }, { "type": "Polygon", "coordinates": [ [ [ 7.186639057185202, 51.925071115084592 ], [ 7.192332848003694, 51.943964551650062 ], [ 7.214794568975642, 51.960582189870998 ], [ 7.225278171298704, 51.956636278517969 ], [ 7.237906656219918, 51.909717593393637 ], [ 7.217405706985547, 51.904548044370848 ], [ 7.186639057185202, 51.925071115084592 ] ] ] }, { "type": "Polygon", "coordinates": [ [ [ 7.225278171298704, 51.956636278517969 ], [ 7.214794568975642, 51.960582189870998 ], [ 7.203531792822183, 51.98952089973703 ], [ 7.230028728653243, 52.005893563150039 ], [ 7.230440138269442, 52.005758298196312 ], [ 7.235336772618038, 51.962710006176479 ], [ 7.234140617991306, 51.960443201498364 ], [ 7.225278171298704, 51.956636278517969 ] ] ] }, { "type": "Polygon", "coordinates": [ [ [ 7.250774278470836, 52.146328006255125 ], [ 7.215946840510149, 52.162344426785921 ], [ 7.227529949642431, 52.246721161500446 ], [ 7.23467837177828, 52.249097930322577 ], [ 7.283896750927661, 52.230549343632688 ], [ 7.29194999191206, 52.167214375040437 ], [ 7.290241132610388, 52.164410573750949 ], [ 7.250774278470836, 52.146328006255125 ] ] ] }, { "type": "Polygon", "coordinates": [ [ [ 7.217949341749286, 52.072339112168528 ], [ 7.216063235096489, 52.086622648272773 ], [ 7.250953524348006, 52.144063118087018 ], [ 7.271247588649719, 52.087944790331072 ], [ 7.27094029756901, 52.086056563935109 ], [ 7.217949341749286, 52.072339112168528 ] ] ] }, { "type": "Polygon", "coordinates": [ [ [ 7.230440138269442, 52.005758298196312 ], [ 7.230028728653243, 52.005893563150039 ], [ 7.222973990882575, 52.043198496799285 ], [ 7.258030383021539, 52.043723949188667 ], [ 7.25959379902133, 52.011596868668398 ], [ 7.242466143490605, 52.002873841604035 ], [ 7.230440138269442, 52.005758298196312 ] ] ] }, { "type": "Polygon", "coordinates": [ [ [ 7.200651729495252, 51.875589807855455 ], [ 7.217405706985547, 51.904548044370848 ], [ 7.237906656219918, 51.909717593393637 ], [ 7.238133779350999, 51.909639854891196 ], [ 7.250082014580093, 51.885811737867165 ], [ 7.250264191012779, 51.865810183496258 ], [ 7.228255492570606, 51.854430531573463 ], [ 7.200651729495252, 51.875589807855455 ] ] ] }, { "type": "Polygon", "coordinates": [ [ [ 7.260962538894599, 52.342707845445183 ], [ 7.251243377317538, 52.350997078198183 ], [ 7.232252082202638, 52.429664677383563 ], [ 7.254370147487573, 52.440297447076851 ], [ 7.276605607484492, 52.428451284129345 ], [ 7.277473224059366, 52.427450806925137 ], [ 7.289667748532445, 52.363647316305169 ], [ 7.269190349930398, 52.341919990831094 ], [ 7.260962538894599, 52.342707845445183 ] ] ] }, { "type": "Polygon", "coordinates": [ [ [ 7.208801679628015, 52.053429143499358 ], [ 7.217949341749286, 52.072339112168528 ], [ 7.27094029756901, 52.086056563935109 ], [ 7.27851198686606, 52.059521467080316 ], [ 7.258030383021539, 52.043723949188667 ], [ 7.222973990882575, 52.043198496799285 ], [ 7.208801679628015, 52.053429143499358 ] ] ] }, { "type": "Polygon", "coordinates": [ [ [ 7.234140617991306, 51.960443201498364 ], [ 7.235336772618038, 51.962710006176479 ], [ 7.248975154831309, 51.98378709029884 ], [ 7.269929447604281, 51.97826818375291 ], [ 7.276597954670411, 51.951352726259849 ], [ 7.234140617991306, 51.960443201498364 ] ] ] }, { "type": "Polygon", "coordinates": [ [ [ 7.237906656219918, 51.909717593393637 ], [ 7.225278171298704, 51.956636278517969 ], [ 7.234140617991306, 51.960443201498364 ], [ 7.276597954670411, 51.951352726259849 ], [ 7.277108435618162, 51.950811943443398 ], [ 7.270985546519412, 51.927063572276602 ], [ 7.238133779350999, 51.909639854891196 ], [ 7.237906656219918, 51.909717593393637 ] ] ] }, { "type": "Polygon", "coordinates": [ [ [ 7.250953524348006, 52.144063118087018 ], [ 7.250774278470836, 52.146328006255125 ], [ 7.290241132610388, 52.164410573750949 ], [ 7.335913764967359, 52.109189699581535 ], [ 7.271247588649719, 52.087944790331072 ], [ 7.250953524348006, 52.144063118087018 ] ] ] }, { "type": "Polygon", "coordinates": [ [ [ 7.230440138269442, 52.005758298196312 ], [ 7.242466143490605, 52.002873841604035 ], [ 7.248975154831309, 51.98378709029884 ], [ 7.235336772618038, 51.962710006176479 ], [ 7.230440138269442, 52.005758298196312 ] ] ] }, { "type": "Polygon", "coordinates": [ [ [ 7.19279488048198, 52.540639708809515 ], [ 7.25151506688594, 52.560358294210985 ], [ 7.280882368989223, 52.539032634154822 ], [ 7.258805438450739, 52.493059175515413 ], [ 7.19279488048198, 52.540639708809515 ] ] ] }, { "type": "Polygon", "coordinates": [ [ [ 7.25151506688594, 52.560358294210985 ], [ 7.255882278175224, 52.574133134555133 ], [ 7.31774418504285, 52.608021420732754 ], [ 7.327978138908493, 52.58247465139668 ], [ 7.324763589784689, 52.560902120304547 ], [ 7.28897260513569, 52.539284078896415 ], [ 7.280882368989223, 52.539032634154822 ], [ 7.25151506688594, 52.560358294210985 ] ] ] }, { "type": "Polygon", "coordinates": [ [ [ 7.246328697392991, 52.314626689919209 ], [ 7.260962538894599, 52.342707845445183 ], [ 7.269190349930398, 52.341919990831094 ], [ 7.282063115619978, 52.330970980606658 ], [ 7.292187774608268, 52.294399533316195 ], [ 7.241601999317423, 52.26366946542462 ], [ 7.246328697392991, 52.314626689919209 ] ] ] }, { "type": "Polygon", "coordinates": [ [ [ 7.248975154831309, 51.98378709029884 ], [ 7.242466143490605, 52.002873841604035 ], [ 7.25959379902133, 52.011596868668398 ], [ 7.282133513723904, 52.00241376651433 ], [ 7.269929447604281, 51.97826818375291 ], [ 7.248975154831309, 51.98378709029884 ] ] ] }, { "type": "Polygon", "coordinates": [ [ [ 7.250264191012779, 51.865810183496258 ], [ 7.250082014580093, 51.885811737867165 ], [ 7.295313263427121, 51.891615110503729 ], [ 7.297181611163828, 51.889895671426963 ], [ 7.272584066289922, 51.852761139749632 ], [ 7.26829802285694, 51.852303542281035 ], [ 7.250264191012779, 51.865810183496258 ] ] ] }, { "type": "Polygon", "coordinates": [ [ [ 7.228255492570606, 51.854430531573463 ], [ 7.250264191012779, 51.865810183496258 ], [ 7.26829802285694, 51.852303542281035 ], [ 7.260376812473883, 51.827602903341251 ], [ 7.218749225417613, 51.819704225829241 ], [ 7.228255492570606, 51.854430531573463 ] ] ] }, { "type": "Polygon", "coordinates": [ [ [ 7.250082014580093, 51.885811737867165 ], [ 7.238133779350999, 51.909639854891196 ], [ 7.270985546519412, 51.927063572276602 ], [ 7.287135901633334, 51.912634201206316 ], [ 7.295313263427121, 51.891615110503729 ], [ 7.250082014580093, 51.885811737867165 ] ] ] }, { "type": "Polygon", "coordinates": [ [ [ 7.286244056754036, 51.780655191416464 ], [ 7.285767886582247, 51.787088887792329 ], [ 7.303714678543891, 51.838978526864317 ], [ 7.323623091321839, 51.847982540161802 ], [ 7.344985107415956, 51.820975733952338 ], [ 7.338462030632636, 51.78520641041851 ], [ 7.286244056754036, 51.780655191416464 ] ] ] }, { "type": "Polygon", "coordinates": [ [ [ 7.145422055262227, 51.463440355099152 ], [ 7.19241768404148, 51.517674134775881 ], [ 7.425952635670374, 51.724317180226549 ], [ 7.428025196833174, 51.72456427328401 ], [ 7.42935570823077, 51.723948453946463 ], [ 7.482154249825634, 51.667025782930146 ], [ 7.735551370376295, 50.495795441841238 ], [ 7.783818525138677, 49.702007253220458 ], [ 7.779547638550952, 49.458233415706225 ], [ 7.330493370404481, 50.684350800979495 ], [ 7.220377574257284, 51.006533108102026 ], [ 7.148500320354867, 51.3444073692011 ], [ 7.145422055262227, 51.463440355099152 ] ] ] }, { "type": "Polygon", "coordinates": [ [ [ 7.266311692643212, 52.46626180456721 ], [ 7.258805438450739, 52.493059175515413 ], [ 7.280882368989223, 52.539032634154822 ], [ 7.28897260513569, 52.539284078896415 ], [ 7.316167398293132, 52.486324806916379 ], [ 7.266311692643212, 52.46626180456721 ] ] ] }, { "type": "Polygon", "coordinates": [ [ [ 7.255882278175224, 52.574133134555133 ], [ 7.246828142475019, 52.604954404755695 ], [ 7.261862202077694, 52.62568513050708 ], [ 7.317278442898386, 52.623907670873933 ], [ 7.31774418504285, 52.608021420732754 ], [ 7.255882278175224, 52.574133134555133 ] ] ] }, { "type": "Polygon", "coordinates": [ [ [ 7.277108435618162, 51.950811943443398 ], [ 7.276597954670411, 51.951352726259849 ], [ 7.269929447604281, 51.97826818375291 ], [ 7.282133513723904, 52.00241376651433 ], [ 7.295308039374288, 52.006237522580967 ], [ 7.316589939057542, 51.987474834675311 ], [ 7.313146869918756, 51.959021556313303 ], [ 7.277108435618162, 51.950811943443398 ] ] ] }, { "type": "Polygon", "coordinates": [ [ [ 7.27094029756901, 52.086056563935109 ], [ 7.271247588649719, 52.087944790331072 ], [ 7.335913764967359, 52.109189699581535 ], [ 7.34981025919136, 52.10251599094827 ], [ 7.327838477934193, 52.059605430531356 ], [ 7.288061163936801, 52.054042514336501 ], [ 7.27851198686606, 52.059521467080316 ], [ 7.27094029756901, 52.086056563935109 ] ] ] }, { "type": "Polygon", "coordinates": [ [ [ 7.23467837177828, 52.249097930322577 ], [ 7.241601999317423, 52.26366946542462 ], [ 7.292187774608268, 52.294399533316195 ], [ 7.308269223124136, 52.280706678614841 ], [ 7.284992938085459, 52.231205508287651 ], [ 7.283896750927661, 52.230549343632688 ], [ 7.23467837177828, 52.249097930322577 ] ] ] }, { "type": "Polygon", "coordinates": [ [ [ 7.25959379902133, 52.011596868668398 ], [ 7.258030383021539, 52.043723949188667 ], [ 7.27851198686606, 52.059521467080316 ], [ 7.288061163936801, 52.054042514336501 ], [ 7.296294682284192, 52.01303224880683 ], [ 7.295308039374288, 52.006237522580967 ], [ 7.282133513723904, 52.00241376651433 ], [ 7.25959379902133, 52.011596868668398 ] ] ] }, { "type": "Polygon", "coordinates": [ [ [ 7.324763589784689, 52.560902120304547 ], [ 7.327978138908493, 52.58247465139668 ], [ 7.38224145293649, 52.581193519461728 ], [ 7.402844039590574, 52.552356587846596 ], [ 7.374093373932603, 52.526690865704552 ], [ 7.328292911691686, 52.556336343871742 ], [ 7.324763589784689, 52.560902120304547 ] ] ] }, { "type": "Polygon", "coordinates": [ [ [ 7.270985546519412, 51.927063572276602 ], [ 7.277108435618162, 51.950811943443398 ], [ 7.313146869918756, 51.959021556313303 ], [ 7.326702310542125, 51.944492129677158 ], [ 7.326453351470573, 51.935786296539113 ], [ 7.287135901633334, 51.912634201206316 ], [ 7.270985546519412, 51.927063572276602 ] ] ] }, { "type": "Polygon", "coordinates": [ [ [ 7.297181611163828, 51.889895671426963 ], [ 7.295313263427121, 51.891615110503729 ], [ 7.287135901633334, 51.912634201206316 ], [ 7.326453351470573, 51.935786296539113 ], [ 7.339926744271402, 51.891677703190979 ], [ 7.331531448553593, 51.881229943698116 ], [ 7.297181611163828, 51.889895671426963 ] ] ] }, { "type": "Polygon", "coordinates": [ [ [ 7.260376812473883, 51.827602903341251 ], [ 7.26829802285694, 51.852303542281035 ], [ 7.272584066289922, 51.852761139749632 ], [ 7.303714678543891, 51.838978526864317 ], [ 7.285767886582247, 51.787088887792329 ], [ 7.260376812473883, 51.827602903341251 ] ] ] }, { "type": "Polygon", "coordinates": [ [ [ 7.282063115619978, 52.330970980606658 ], [ 7.269190349930398, 52.341919990831094 ], [ 7.289667748532445, 52.363647316305169 ], [ 7.309454751543456, 52.374111070065958 ], [ 7.338220400963249, 52.359362695248507 ], [ 7.343103865816768, 52.351359506421687 ], [ 7.324257712070129, 52.329500101449256 ], [ 7.282063115619978, 52.330970980606658 ] ] ] }, { "type": "Polygon", "coordinates": [ [ [ 7.28897260513569, 52.539284078896415 ], [ 7.324763589784689, 52.560902120304547 ], [ 7.328292911691686, 52.556336343871742 ], [ 7.328054809484286, 52.491387752299026 ], [ 7.321425448791996, 52.48588255507282 ], [ 7.316167398293132, 52.486324806916379 ], [ 7.28897260513569, 52.539284078896415 ] ] ] }, { "type": "Polygon", "coordinates": [ [ [ 7.327978138908493, 52.58247465139668 ], [ 7.31774418504285, 52.608021420732754 ], [ 7.317278442898386, 52.623907670873933 ], [ 7.350324062373015, 52.6914864260782 ], [ 7.390180316650363, 52.620701717733596 ], [ 7.388294859635055, 52.600413655938482 ], [ 7.38224145293649, 52.581193519461728 ], [ 7.327978138908493, 52.58247465139668 ] ] ] }, { "type": "Polygon", "coordinates": [ [ [ 7.254370147487573, 52.440297447076851 ], [ 7.266311692643212, 52.46626180456721 ], [ 7.316167398293132, 52.486324806916379 ], [ 7.321425448791996, 52.48588255507282 ], [ 7.327698786716153, 52.473056122326881 ], [ 7.323167414819012, 52.439894719318765 ], [ 7.276605607484492, 52.428451284129345 ], [ 7.254370147487573, 52.440297447076851 ] ] ] }, { "type": "Polygon", "coordinates": [ [ [ 7.289667748532445, 52.363647316305169 ], [ 7.277473224059366, 52.427450806925137 ], [ 7.314940460827348, 52.400178658087221 ], [ 7.309454751543456, 52.374111070065958 ], [ 7.289667748532445, 52.363647316305169 ] ] ] }, { "type": "Polygon", "coordinates": [ [ [ 7.272584066289922, 51.852761139749632 ], [ 7.297181611163828, 51.889895671426963 ], [ 7.331531448553593, 51.881229943698116 ], [ 7.331573998387895, 51.877782941830759 ], [ 7.323623091321839, 51.847982540161802 ], [ 7.303714678543891, 51.838978526864317 ], [ 7.272584066289922, 51.852761139749632 ] ] ] }, { "type": "Polygon", "coordinates": [ [ [ 7.292187774608268, 52.294399533316195 ], [ 7.282063115619978, 52.330970980606658 ], [ 7.324257712070129, 52.329500101449256 ], [ 7.341315659802437, 52.289871575869036 ], [ 7.336548285431152, 52.28339867323654 ], [ 7.308269223124136, 52.280706678614841 ], [ 7.292187774608268, 52.294399533316195 ] ] ] }, { "type": "Polygon", "coordinates": [ [ [ 7.283896750927661, 52.230549343632688 ], [ 7.284992938085459, 52.231205508287651 ], [ 7.33989656548258, 52.232274428608214 ], [ 7.361214154012245, 52.193656478978113 ], [ 7.357943434662509, 52.18940922942619 ], [ 7.29194999191206, 52.167214375040437 ], [ 7.283896750927661, 52.230549343632688 ] ] ] }, { "type": "Polygon", "coordinates": [ [ [ 7.331573998387895, 51.877782941830759 ], [ 7.331531448553593, 51.881229943698116 ], [ 7.339926744271402, 51.891677703190979 ], [ 7.379255712429907, 51.900476032825331 ], [ 7.389812942622518, 51.856156813582025 ], [ 7.379838961157947, 51.844009107729576 ], [ 7.331573998387895, 51.877782941830759 ] ] ] }, { "type": "Polygon", "coordinates": [ [ [ 7.284992938085459, 52.231205508287651 ], [ 7.308269223124136, 52.280706678614841 ], [ 7.336548285431152, 52.28339867323654 ], [ 7.345799455979805, 52.250643268825797 ], [ 7.33989656548258, 52.232274428608214 ], [ 7.284992938085459, 52.231205508287651 ] ] ] }, { "type": "Polygon", "coordinates": [ [ [ 7.296294682284192, 52.01303224880683 ], [ 7.288061163936801, 52.054042514336501 ], [ 7.327838477934193, 52.059605430531356 ], [ 7.338167354783948, 52.037899543211658 ], [ 7.296294682284192, 52.01303224880683 ] ] ] }, { "type": "Polygon", "coordinates": [ [ [ 7.316589939057542, 51.987474834675311 ], [ 7.295308039374288, 52.006237522580967 ], [ 7.296294682284192, 52.01303224880683 ], [ 7.338167354783948, 52.037899543211658 ], [ 7.347959997935153, 52.028030721221995 ], [ 7.354715143399029, 52.005596198888107 ], [ 7.316589939057542, 51.987474834675311 ] ] ] }, { "type": "Polygon", "coordinates": [ [ [ 7.326702310542125, 51.944492129677158 ], [ 7.313146869918756, 51.959021556313303 ], [ 7.316589939057542, 51.987474834675311 ], [ 7.354715143399029, 52.005596198888107 ], [ 7.395467311796213, 51.984457688402685 ], [ 7.395473099854257, 51.98444127485282 ], [ 7.38216481227257, 51.958554116408436 ], [ 7.326702310542125, 51.944492129677158 ] ] ] }, { "type": "Polygon", "coordinates": [ [ [ 7.276605607484492, 52.428451284129345 ], [ 7.323167414819012, 52.439894719318765 ], [ 7.336049894683202, 52.428274088743123 ], [ 7.320477827011793, 52.40209719179353 ], [ 7.314940460827348, 52.400178658087221 ], [ 7.277473224059366, 52.427450806925137 ], [ 7.276605607484492, 52.428451284129345 ] ] ] }, { "type": "Polygon", "coordinates": [ [ [ 7.324257712070129, 52.329500101449256 ], [ 7.343103865816768, 52.351359506421687 ], [ 7.348625597412588, 52.350451909076284 ], [ 7.367502048711355, 52.321127561302895 ], [ 7.366292975504223, 52.299003165964727 ], [ 7.341315659802437, 52.289871575869036 ], [ 7.324257712070129, 52.329500101449256 ] ] ] }, { "type": "Polygon", "coordinates": [ [ [ 7.290241132610388, 52.164410573750949 ], [ 7.29194999191206, 52.167214375040437 ], [ 7.357943434662509, 52.18940922942619 ], [ 7.365505031838695, 52.135801891206675 ], [ 7.352274988379648, 52.103012853953807 ], [ 7.34981025919136, 52.10251599094827 ], [ 7.335913764967359, 52.109189699581535 ], [ 7.290241132610388, 52.164410573750949 ] ] ] }, { "type": "Polygon", "coordinates": [ [ [ 7.309454751543456, 52.374111070065958 ], [ 7.314940460827348, 52.400178658087221 ], [ 7.320477827011793, 52.40209719179353 ], [ 7.34661148584635, 52.392085339476033 ], [ 7.338220400963249, 52.359362695248507 ], [ 7.309454751543456, 52.374111070065958 ] ] ] }, { "type": "Polygon", "coordinates": [ [ [ 7.327698786716153, 52.473056122326881 ], [ 7.321425448791996, 52.48588255507282 ], [ 7.328054809484286, 52.491387752299026 ], [ 7.371677077953066, 52.505135655191786 ], [ 7.389766343815653, 52.482476801512561 ], [ 7.350282393606749, 52.458889570600903 ], [ 7.327698786716153, 52.473056122326881 ] ] ] }, { "type": "Polygon", "coordinates": [ [ [ 7.339926744271402, 51.891677703190979 ], [ 7.326453351470573, 51.935786296539113 ], [ 7.326702310542125, 51.944492129677158 ], [ 7.38216481227257, 51.958554116408436 ], [ 7.387561691369781, 51.908122916268809 ], [ 7.379255712429907, 51.900476032825331 ], [ 7.339926744271402, 51.891677703190979 ] ] ] }, { "type": "Polygon", "coordinates": [ [ [ 7.336049894683202, 52.428274088743123 ], [ 7.323167414819012, 52.439894719318765 ], [ 7.327698786716153, 52.473056122326881 ], [ 7.350282393606749, 52.458889570600903 ], [ 7.359650864808529, 52.429381627041487 ], [ 7.336049894683202, 52.428274088743123 ] ] ] }, { "type": "Polygon", "coordinates": [ [ [ 7.338167354783948, 52.037899543211658 ], [ 7.327838477934193, 52.059605430531356 ], [ 7.34981025919136, 52.10251599094827 ], [ 7.352274988379648, 52.103012853953807 ], [ 7.380745080775771, 52.088892528156009 ], [ 7.390767862775553, 52.064898942532004 ], [ 7.347959997935153, 52.028030721221995 ], [ 7.338167354783948, 52.037899543211658 ] ] ] }, { "type": "Polygon", "coordinates": [ [ [ 7.345799455979805, 52.250643268825797 ], [ 7.336548285431152, 52.28339867323654 ], [ 7.341315659802437, 52.289871575869036 ], [ 7.366292975504223, 52.299003165964727 ], [ 7.386606375239802, 52.2911097385904 ], [ 7.402262385207053, 52.265430414085777 ], [ 7.403634538882065, 52.256539808963872 ], [ 7.345799455979805, 52.250643268825797 ] ] ] }, { "type": "Polygon", "coordinates": [ [ [ 7.34661148584635, 52.392085339476033 ], [ 7.320477827011793, 52.40209719179353 ], [ 7.336049894683202, 52.428274088743123 ], [ 7.359650864808529, 52.429381627041487 ], [ 7.370334131618441, 52.423686303142183 ], [ 7.363718391521776, 52.400184720546385 ], [ 7.34661148584635, 52.392085339476033 ] ] ] }, { "type": "Polygon", "coordinates": [ [ [ 7.33989656548258, 52.232274428608214 ], [ 7.345799455979805, 52.250643268825797 ], [ 7.403634538882065, 52.256539808963872 ], [ 7.42665963545655, 52.220570450001325 ], [ 7.426228925463167, 52.207011458738087 ], [ 7.361214154012245, 52.193656478978113 ], [ 7.33989656548258, 52.232274428608214 ] ] ] }, { "type": "Polygon", "coordinates": [ [ [ 7.343103865816768, 52.351359506421687 ], [ 7.338220400963249, 52.359362695248507 ], [ 7.34661148584635, 52.392085339476033 ], [ 7.363718391521776, 52.400184720546385 ], [ 7.383373718843155, 52.367511463673061 ], [ 7.348625597412588, 52.350451909076284 ], [ 7.343103865816768, 52.351359506421687 ] ] ] }, { "type": "Polygon", "coordinates": [ [ [ 7.328054809484286, 52.491387752299026 ], [ 7.328292911691686, 52.556336343871742 ], [ 7.374093373932603, 52.526690865704552 ], [ 7.371677077953066, 52.505135655191786 ], [ 7.328054809484286, 52.491387752299026 ] ] ] }, { "type": "Polygon", "coordinates": [ [ [ 7.371677077953066, 52.505135655191786 ], [ 7.374093373932603, 52.526690865704552 ], [ 7.402844039590574, 52.552356587846596 ], [ 7.426764744285806, 52.55156947506655 ], [ 7.446721674748348, 52.506282871043297 ], [ 7.417524064323011, 52.472657450630223 ], [ 7.407353775456974, 52.470361285753221 ], [ 7.389766343815653, 52.482476801512561 ], [ 7.371677077953066, 52.505135655191786 ] ] ] }, { "type": "Polygon", "coordinates": [ [ [ 7.359650864808529, 52.429381627041487 ], [ 7.350282393606749, 52.458889570600903 ], [ 7.389766343815653, 52.482476801512561 ], [ 7.407353775456974, 52.470361285753221 ], [ 7.389765893428835, 52.430771704691907 ], [ 7.370334131618441, 52.423686303142183 ], [ 7.359650864808529, 52.429381627041487 ] ] ] }, { "type": "Polygon", "coordinates": [ [ [ 7.323623091321839, 51.847982540161802 ], [ 7.331573998387895, 51.877782941830759 ], [ 7.379838961157947, 51.844009107729576 ], [ 7.376954079149834, 51.83128728207938 ], [ 7.344985107415956, 51.820975733952338 ], [ 7.323623091321839, 51.847982540161802 ] ] ] }, { "type": "Polygon", "coordinates": [ [ [ 7.354715143399029, 52.005596198888107 ], [ 7.347959997935153, 52.028030721221995 ], [ 7.390767862775553, 52.064898942532004 ], [ 7.416966633093693, 52.039247508013027 ], [ 7.395467311796213, 51.984457688402685 ], [ 7.354715143399029, 52.005596198888107 ] ] ] }, { "type": "Polygon", "coordinates": [ [ [ 7.363718391521776, 52.400184720546385 ], [ 7.370334131618441, 52.423686303142183 ], [ 7.389765893428835, 52.430771704691907 ], [ 7.415103141232399, 52.40363151401224 ], [ 7.408041426069151, 52.365353635461929 ], [ 7.405695275485668, 52.361930070799055 ], [ 7.383373718843155, 52.367511463673061 ], [ 7.363718391521776, 52.400184720546385 ] ] ] }, { "type": "Polygon", "coordinates": [ [ [ 7.344985107415956, 51.820975733952338 ], [ 7.376954079149834, 51.83128728207938 ], [ 7.407240543974963, 51.799222726964203 ], [ 7.356649497425071, 51.769485377209818 ], [ 7.338462030632636, 51.78520641041851 ], [ 7.344985107415956, 51.820975733952338 ] ] ] }, { "type": "Polygon", "coordinates": [ [ [ 7.367502048711355, 52.321127561302895 ], [ 7.348625597412588, 52.350451909076284 ], [ 7.383373718843155, 52.367511463673061 ], [ 7.405695275485668, 52.361930070799055 ], [ 7.408613680705326, 52.350187404978143 ], [ 7.367502048711355, 52.321127561302895 ] ] ] }, { "type": "Polygon", "coordinates": [ [ [ 7.366292975504223, 52.299003165964727 ], [ 7.367502048711355, 52.321127561302895 ], [ 7.408613680705326, 52.350187404978143 ], [ 7.42051219025562, 52.33204816922607 ], [ 7.386606375239802, 52.2911097385904 ], [ 7.366292975504223, 52.299003165964727 ] ] ] }, { "type": "Polygon", "coordinates": [ [ [ 7.357943434662509, 52.18940922942619 ], [ 7.361214154012245, 52.193656478978113 ], [ 7.426228925463167, 52.207011458738087 ], [ 7.433396531231568, 52.198026594966748 ], [ 7.432996182466239, 52.18846329840666 ], [ 7.408143014419282, 52.146700369363394 ], [ 7.365505031838695, 52.135801891206675 ], [ 7.357943434662509, 52.18940922942619 ] ] ] }, { "type": "Polygon", "coordinates": [ [ [ 7.388294859635055, 52.600413655938482 ], [ 7.390180316650363, 52.620701717733596 ], [ 7.435210201000166, 52.611635482564068 ], [ 7.458576233776475, 52.600774705028073 ], [ 7.452825857025429, 52.583911819212098 ], [ 7.452614248811115, 52.583699073907859 ], [ 7.388294859635055, 52.600413655938482 ] ] ] }, { "type": "Polygon", "coordinates": [ [ [ 7.38224145293649, 52.581193519461728 ], [ 7.388294859635055, 52.600413655938482 ], [ 7.452614248811115, 52.583699073907859 ], [ 7.426764744285806, 52.55156947506655 ], [ 7.402844039590574, 52.552356587846596 ], [ 7.38224145293649, 52.581193519461728 ] ] ] }, { "type": "Polygon", "coordinates": [ [ [ 7.38216481227257, 51.958554116408436 ], [ 7.395473099854257, 51.98444127485282 ], [ 7.435440822454251, 51.968940931932899 ], [ 7.455195413655779, 51.953911712527812 ], [ 7.446093079481539, 51.921580262740164 ], [ 7.392948845402821, 51.907169846540796 ], [ 7.387561691369781, 51.908122916268809 ], [ 7.38216481227257, 51.958554116408436 ] ] ] }, { "type": "Polygon", "coordinates": [ [ [ 7.352274988379648, 52.103012853953807 ], [ 7.365505031838695, 52.135801891206675 ], [ 7.408143014419282, 52.146700369363394 ], [ 7.414527022961221, 52.107977599242879 ], [ 7.380745080775771, 52.088892528156009 ], [ 7.352274988379648, 52.103012853953807 ] ] ] }, { "type": "Polygon", "coordinates": [ [ [ 7.379838961157947, 51.844009107729576 ], [ 7.389812942622518, 51.856156813582025 ], [ 7.417448840367419, 51.854299852082747 ], [ 7.424405226203475, 51.82551201239071 ], [ 7.408615991407639, 51.799086930822362 ], [ 7.407240543974963, 51.799222726964203 ], [ 7.376954079149834, 51.83128728207938 ], [ 7.379838961157947, 51.844009107729576 ] ] ] }, { "type": "Polygon", "coordinates": [ [ [ 7.389812942622518, 51.856156813582025 ], [ 7.379255712429907, 51.900476032825331 ], [ 7.387561691369781, 51.908122916268809 ], [ 7.392948845402821, 51.907169846540796 ], [ 7.429984950881619, 51.869665386483753 ], [ 7.417448840367419, 51.854299852082747 ], [ 7.389812942622518, 51.856156813582025 ] ] ] }, { "type": "Polygon", "coordinates": [ [ [ 7.356649497425071, 51.769485377209818 ], [ 7.407240543974963, 51.799222726964203 ], [ 7.408615991407639, 51.799086930822362 ], [ 7.41787589262353, 51.789569332871061 ], [ 7.428025196833174, 51.72456427328401 ], [ 7.425952635670374, 51.724317180226549 ], [ 7.360814200458794, 51.743975696701142 ], [ 7.356649497425071, 51.769485377209818 ] ] ] }, { "type": "Polygon", "coordinates": [ [ [ 7.19241768404148, 51.517674134775881 ], [ 7.360814200458794, 51.743975696701142 ], [ 7.425952635670374, 51.724317180226549 ], [ 7.19241768404148, 51.517674134775881 ] ] ] }, { "type": "Polygon", "coordinates": [ [ [ 7.433396531231568, 52.198026594966748 ], [ 7.426228925463167, 52.207011458738087 ], [ 7.42665963545655, 52.220570450001325 ], [ 7.467936333742326, 52.265957269471805 ], [ 7.484132910002018, 52.269906893662892 ], [ 7.503843374673419, 52.237343088239875 ], [ 7.50833042930886, 52.21370454992838 ], [ 7.461326010435232, 52.195371740796432 ], [ 7.433396531231568, 52.198026594966748 ] ] ] }, { "type": "Polygon", "coordinates": [ [ [ 7.402262385207053, 52.265430414085777 ], [ 7.386606375239802, 52.2911097385904 ], [ 7.42051219025562, 52.33204816922607 ], [ 7.43979227522315, 52.322987210593034 ], [ 7.441166859669873, 52.304231172131374 ], [ 7.402262385207053, 52.265430414085777 ] ] ] }, { "type": "Polygon", "coordinates": [ [ [ 7.390767862775553, 52.064898942532004 ], [ 7.380745080775771, 52.088892528156009 ], [ 7.414527022961221, 52.107977599242879 ], [ 7.449529205904843, 52.103919094501933 ], [ 7.451235292021066, 52.072422943169116 ], [ 7.429467966672894, 52.04314532700792 ], [ 7.416966633093693, 52.039247508013027 ], [ 7.390767862775553, 52.064898942532004 ] ] ] }, { "type": "Polygon", "coordinates": [ [ [ 7.408613680705326, 52.350187404978143 ], [ 7.405695275485668, 52.361930070799055 ], [ 7.408041426069151, 52.365353635461929 ], [ 7.45521406683252, 52.375200193112434 ], [ 7.464637196682358, 52.333430499802361 ], [ 7.43979227522315, 52.322987210593034 ], [ 7.42051219025562, 52.33204816922607 ], [ 7.408613680705326, 52.350187404978143 ] ] ] }, { "type": "Polygon", "coordinates": [ [ [ 7.403634538882065, 52.256539808963872 ], [ 7.402262385207053, 52.265430414085777 ], [ 7.441166859669873, 52.304231172131374 ], [ 7.467936333742326, 52.265957269471805 ], [ 7.42665963545655, 52.220570450001325 ], [ 7.403634538882065, 52.256539808963872 ] ] ] }, { "type": "Polygon", "coordinates": [ [ [ 7.414527022961221, 52.107977599242879 ], [ 7.408143014419282, 52.146700369363394 ], [ 7.432996182466239, 52.18846329840666 ], [ 7.462118379108903, 52.117550669099941 ], [ 7.449529205904843, 52.103919094501933 ], [ 7.414527022961221, 52.107977599242879 ] ] ] }, { "type": "Polygon", "coordinates": [ [ [ 7.424405226203475, 51.82551201239071 ], [ 7.417448840367419, 51.854299852082747 ], [ 7.429984950881619, 51.869665386483753 ], [ 7.454616217405487, 51.875780395881115 ], [ 7.465702468976403, 51.83306554424361 ], [ 7.424405226203475, 51.82551201239071 ] ] ] }, { "type": "Polygon", "coordinates": [ [ [ 7.429984950881619, 51.869665386483753 ], [ 7.392948845402821, 51.907169846540796 ], [ 7.446093079481539, 51.921580262740164 ], [ 7.461237538687994, 51.885780538012533 ], [ 7.461241827830879, 51.885766490619744 ], [ 7.454616217405487, 51.875780395881115 ], [ 7.429984950881619, 51.869665386483753 ] ] ] }, { "type": "Polygon", "coordinates": [ [ [ 7.395473099854257, 51.98444127485282 ], [ 7.395467311796213, 51.984457688402685 ], [ 7.416966633093693, 52.039247508013027 ], [ 7.429467966672894, 52.04314532700792 ], [ 7.463995206465058, 52.021638890091964 ], [ 7.435440822454251, 51.968940931932899 ], [ 7.395473099854257, 51.98444127485282 ] ] ] }, { "type": "Polygon", "coordinates": [ [ [ 7.735551370376295, 50.495795441841238 ], [ 7.73485236876562, 50.953150804711399 ], [ 7.797464965452578, 51.568563703259812 ], [ 7.812907847326922, 51.625934428854798 ], [ 7.838528116362967, 51.688582457640962 ], [ 7.848457004210798, 51.703382950586942 ], [ 7.937804428184259, 51.755711306135332 ], [ 8.023145536705924, 51.626028217744071 ], [ 8.054769711446459, 51.544297860650751 ], [ 7.783818525138677, 49.702007253220458 ], [ 7.735551370376295, 50.495795441841238 ] ] ] }, { "type": "Polygon", "coordinates": [ [ [ 7.73485236876562, 50.953150804711399 ], [ 7.735551370376295, 50.495795441841238 ], [ 7.482154249825634, 51.667025782930146 ], [ 7.487985537197159, 51.67906847587652 ], [ 7.558159874972291, 51.746142635858256 ], [ 7.648720163154602, 51.55212137624428 ], [ 7.652518696512749, 51.537178835606213 ], [ 7.73485236876562, 50.953150804711399 ] ] ] }, { "type": "Polygon", "coordinates": [ [ [ 7.426764744285806, 52.55156947506655 ], [ 7.452614248811115, 52.583699073907859 ], [ 7.452825857025429, 52.583911819212098 ], [ 7.502397465343767, 52.536986567555111 ], [ 7.503219682908036, 52.532450489131577 ], [ 7.450682078695023, 52.505837662267332 ], [ 7.446721674748348, 52.506282871043297 ], [ 7.426764744285806, 52.55156947506655 ] ] ] }, { "type": "Polygon", "coordinates": [ [ [ 7.389765893428835, 52.430771704691907 ], [ 7.407353775456974, 52.470361285753221 ], [ 7.417524064323011, 52.472657450630223 ], [ 7.461552210516132, 52.429952193717028 ], [ 7.462173332936985, 52.417740660634401 ], [ 7.415103141232399, 52.40363151401224 ], [ 7.389765893428835, 52.430771704691907 ] ] ] }, { "type": "Polygon", "coordinates": [ [ [ 7.390180316650363, 52.620701717733596 ], [ 7.350324062373015, 52.6914864260782 ], [ 7.358571342813374, 52.75959645896247 ], [ 7.435210201000166, 52.611635482564068 ], [ 7.390180316650363, 52.620701717733596 ] ] ] }, { "type": "Polygon", "coordinates": [ [ [ 8.208354786132915, 54.948540000121 ], [ 7.531595501170215, 52.6730187753191 ], [ 7.458576233776475, 52.600774705028073 ], [ 7.435210201000166, 52.611635482564068 ], [ 7.358571342813374, 52.75959645896247 ], [ 7.522234578232717, 54.948540000121 ], [ 8.208354786132915, 54.948540000121 ] ] ] }, { "type": "Polygon", "coordinates": [ [ [ 7.417524064323011, 52.472657450630223 ], [ 7.446721674748348, 52.506282871043297 ], [ 7.450682078695023, 52.505837662267332 ], [ 7.493001149422965, 52.466328483008631 ], [ 7.461552210516132, 52.429952193717028 ], [ 7.417524064323011, 52.472657450630223 ] ] ] }, { "type": "Polygon", "coordinates": [ [ [ 7.408041426069151, 52.365353635461929 ], [ 7.415103141232399, 52.40363151401224 ], [ 7.462173332936985, 52.417740660634401 ], [ 7.473234342049199, 52.403565887352777 ], [ 7.45521406683252, 52.375200193112434 ], [ 7.408041426069151, 52.365353635461929 ] ] ] }, { "type": "Polygon", "coordinates": [ [ [ 7.441166859669873, 52.304231172131374 ], [ 7.43979227522315, 52.322987210593034 ], [ 7.464637196682358, 52.333430499802361 ], [ 7.474623515342729, 52.332515698141655 ], [ 7.499952977581733, 52.30239834979006 ], [ 7.493399791772259, 52.279306171305777 ], [ 7.484132910002018, 52.269906893662892 ], [ 7.467936333742326, 52.265957269471805 ], [ 7.441166859669873, 52.304231172131374 ] ] ] }, { "type": "Polygon", "coordinates": [ [ [ 7.408615991407639, 51.799086930822362 ], [ 7.424405226203475, 51.82551201239071 ], [ 7.465702468976403, 51.83306554424361 ], [ 7.476488043665621, 51.824072847160664 ], [ 7.47626519453701, 51.804096011656085 ], [ 7.462646656104644, 51.7925236927545 ], [ 7.41787589262353, 51.789569332871061 ], [ 7.408615991407639, 51.799086930822362 ] ] ] }, { "type": "Polygon", "coordinates": [ [ [ 7.455195413655779, 51.953911712527812 ], [ 7.435440822454251, 51.968940931932899 ], [ 7.463995206465058, 52.021638890091964 ], [ 7.500803947682175, 52.018059739492415 ], [ 7.512284479934498, 51.999310498078742 ], [ 7.512298542244237, 51.998203400642588 ], [ 7.490156849519558, 51.960809698174359 ], [ 7.455195413655779, 51.953911712527812 ] ] ] }, { "type": "Polygon", "coordinates": [ [ [ 7.502397465343767, 52.536986567555111 ], [ 7.452825857025429, 52.583911819212098 ], [ 7.458576233776475, 52.600774705028073 ], [ 7.531595501170215, 52.6730187753191 ], [ 7.535245126903884, 52.651161313646512 ], [ 7.534277164884537, 52.605161797901772 ], [ 7.502397465343767, 52.536986567555111 ] ] ] }, { "type": "Polygon", "coordinates": [ [ [ 7.429467966672894, 52.04314532700792 ], [ 7.451235292021066, 52.072422943169116 ], [ 7.502880669855523, 52.055457049190551 ], [ 7.500803947682175, 52.018059739492415 ], [ 7.463995206465058, 52.021638890091964 ], [ 7.429467966672894, 52.04314532700792 ] ] ] }, { "type": "Polygon", "coordinates": [ [ [ 7.432996182466239, 52.18846329840666 ], [ 7.433396531231568, 52.198026594966748 ], [ 7.461326010435232, 52.195371740796432 ], [ 7.506603328526499, 52.151719282062011 ], [ 7.518493485643365, 52.12097844486572 ], [ 7.462118379108903, 52.117550669099941 ], [ 7.432996182466239, 52.18846329840666 ] ] ] }, { "type": "Polygon", "coordinates": [ [ [ 7.462173332936985, 52.417740660634401 ], [ 7.461552210516132, 52.429952193717028 ], [ 7.493001149422965, 52.466328483008631 ], [ 7.511786626965929, 52.468616790694249 ], [ 7.541030423999536, 52.442353719908837 ], [ 7.513764296097835, 52.388948812959477 ], [ 7.473234342049199, 52.403565887352777 ], [ 7.462173332936985, 52.417740660634401 ] ] ] }, { "type": "Polygon", "coordinates": [ [ [ 7.461237538687994, 51.885780538012533 ], [ 7.446093079481539, 51.921580262740164 ], [ 7.455195413655779, 51.953911712527812 ], [ 7.490156849519558, 51.960809698174359 ], [ 7.502035341324717, 51.943066339810166 ], [ 7.461237538687994, 51.885780538012533 ] ] ] }, { "type": "Polygon", "coordinates": [ [ [ 7.462646656104644, 51.7925236927545 ], [ 7.47626519453701, 51.804096011656085 ], [ 7.511181328036223, 51.777976230229321 ], [ 7.513869223235061, 51.771219533630308 ], [ 7.50123296907137, 51.755740481794327 ], [ 7.463393766409194, 51.759913923089677 ], [ 7.462646656104644, 51.7925236927545 ] ] ] }, { "type": "Polygon", "coordinates": [ [ [ 7.428025196833174, 51.72456427328401 ], [ 7.41787589262353, 51.789569332871061 ], [ 7.462646656104644, 51.7925236927545 ], [ 7.463393766409194, 51.759913923089677 ], [ 7.42935570823077, 51.723948453946463 ], [ 7.428025196833174, 51.72456427328401 ] ] ] }, { "type": "Polygon", "coordinates": [ [ [ 7.482154249825634, 51.667025782930146 ], [ 7.42935570823077, 51.723948453946463 ], [ 7.463393766409194, 51.759913923089677 ], [ 7.50123296907137, 51.755740481794327 ], [ 7.487985537197159, 51.67906847587652 ], [ 7.482154249825634, 51.667025782930146 ] ] ] }, { "type": "Polygon", "coordinates": [ [ [ 7.45521406683252, 52.375200193112434 ], [ 7.473234342049199, 52.403565887352777 ], [ 7.513764296097835, 52.388948812959477 ], [ 7.517590069774551, 52.380374625616398 ], [ 7.474623515342729, 52.332515698141655 ], [ 7.464637196682358, 52.333430499802361 ], [ 7.45521406683252, 52.375200193112434 ] ] ] }, { "type": "Polygon", "coordinates": [ [ [ 7.476488043665621, 51.824072847160664 ], [ 7.465702468976403, 51.83306554424361 ], [ 7.454616217405487, 51.875780395881115 ], [ 7.461241827830879, 51.885766490619744 ], [ 7.51987701301493, 51.88378928342614 ], [ 7.52284873918418, 51.858381289565727 ], [ 7.513602092390187, 51.843765199887329 ], [ 7.476488043665621, 51.824072847160664 ] ] ] }, { "type": "Polygon", "coordinates": [ [ [ 7.449529205904843, 52.103919094501933 ], [ 7.462118379108903, 52.117550669099941 ], [ 7.518493485643365, 52.12097844486572 ], [ 7.530842701640375, 52.114365852808255 ], [ 7.536170912610885, 52.100292581028526 ], [ 7.502880669855523, 52.055457049190551 ], [ 7.451235292021066, 52.072422943169116 ], [ 7.449529205904843, 52.103919094501933 ] ] ] }, { "type": "Polygon", "coordinates": [ [ [ 7.493001149422965, 52.466328483008631 ], [ 7.450682078695023, 52.505837662267332 ], [ 7.503219682908036, 52.532450489131577 ], [ 7.523445013276559, 52.516787123414488 ], [ 7.511786626965929, 52.468616790694249 ], [ 7.493001149422965, 52.466328483008631 ] ] ] }, { "type": "Polygon", "coordinates": [ [ [ 7.50123296907137, 51.755740481794327 ], [ 7.513869223235061, 51.771219533630308 ], [ 7.55906957469217, 51.758032277491267 ], [ 7.558159874972291, 51.746142635858256 ], [ 7.487985537197159, 51.67906847587652 ], [ 7.50123296907137, 51.755740481794327 ] ] ] }, { "type": "Polygon", "coordinates": [ [ [ 7.490156849519558, 51.960809698174359 ], [ 7.512298542244237, 51.998203400642588 ], [ 7.571830936944053, 51.962116983985581 ], [ 7.530216830138592, 51.909389154245787 ], [ 7.502035341324717, 51.943066339810166 ], [ 7.490156849519558, 51.960809698174359 ] ] ] }, { "type": "Polygon", "coordinates": [ [ [ 7.461241827830879, 51.885766490619744 ], [ 7.461237538687994, 51.885780538012533 ], [ 7.502035341324717, 51.943066339810166 ], [ 7.530216830138592, 51.909389154245787 ], [ 7.531136864747463, 51.902531521716838 ], [ 7.51987701301493, 51.88378928342614 ], [ 7.461241827830879, 51.885766490619744 ] ] ] }, { "type": "Polygon", "coordinates": [ [ [ 7.512284479934498, 51.999310498078742 ], [ 7.500803947682175, 52.018059739492415 ], [ 7.502880669855523, 52.055457049190551 ], [ 7.536170912610885, 52.100292581028526 ], [ 7.561085143530903, 52.084598719345621 ], [ 7.589426802493227, 52.0431325518542 ], [ 7.512284479934498, 51.999310498078742 ] ] ] }, { "type": "Polygon", "coordinates": [ [ [ 7.476488043665621, 51.824072847160664 ], [ 7.513602092390187, 51.843765199887329 ], [ 7.525975800758951, 51.80898504728497 ], [ 7.511181328036223, 51.777976230229321 ], [ 7.47626519453701, 51.804096011656085 ], [ 7.476488043665621, 51.824072847160664 ] ] ] }, { "type": "Polygon", "coordinates": [ [ [ 7.499952977581733, 52.30239834979006 ], [ 7.474623515342729, 52.332515698141655 ], [ 7.517590069774551, 52.380374625616398 ], [ 7.541659600404008, 52.36171492764764 ], [ 7.545047170427011, 52.321355836768063 ], [ 7.499952977581733, 52.30239834979006 ] ] ] }, { "type": "Polygon", "coordinates": [ [ [ 7.506603328526499, 52.151719282062011 ], [ 7.461326010435232, 52.195371740796432 ], [ 7.50833042930886, 52.21370454992838 ], [ 7.525983933966044, 52.207879397751967 ], [ 7.526262393871703, 52.205381418561814 ], [ 7.506603328526499, 52.151719282062011 ] ] ] }, { "type": "Polygon", "coordinates": [ [ [ 7.52284873918418, 51.858381289565727 ], [ 7.51987701301493, 51.88378928342614 ], [ 7.531136864747463, 51.902531521716838 ], [ 7.599241279255334, 51.889336636658967 ], [ 7.610973353652177, 51.864263696286301 ], [ 7.567221944117015, 51.835599176421461 ], [ 7.52284873918418, 51.858381289565727 ] ] ] }, { "type": "Polygon", "coordinates": [ [ [ 7.518493485643365, 52.12097844486572 ], [ 7.506603328526499, 52.151719282062011 ], [ 7.526262393871703, 52.205381418561814 ], [ 7.558582337686408, 52.149217037589608 ], [ 7.530842701640375, 52.114365852808255 ], [ 7.518493485643365, 52.12097844486572 ] ] ] }, { "type": "Polygon", "coordinates": [ [ [ 7.534277164884537, 52.605161797901772 ], [ 7.535245126903884, 52.651161313646512 ], [ 7.607807063953938, 52.544981586870065 ], [ 7.560142170127397, 52.540215972345656 ], [ 7.534277164884537, 52.605161797901772 ] ] ] }, { "type": "Polygon", "coordinates": [ [ [ 7.503219682908036, 52.532450489131577 ], [ 7.502397465343767, 52.536986567555111 ], [ 7.534277164884537, 52.605161797901772 ], [ 7.560142170127397, 52.540215972345656 ], [ 7.542702029314028, 52.520347004320783 ], [ 7.523445013276559, 52.516787123414488 ], [ 7.503219682908036, 52.532450489131577 ] ] ] }, { "type": "Polygon", "coordinates": [ [ [ 7.541030423999536, 52.442353719908837 ], [ 7.511786626965929, 52.468616790694249 ], [ 7.523445013276559, 52.516787123414488 ], [ 7.542702029314028, 52.520347004320783 ], [ 7.553332901760822, 52.508441322012906 ], [ 7.563117812285689, 52.489054624340163 ], [ 7.54687035691637, 52.443372721471988 ], [ 7.541030423999536, 52.442353719908837 ] ] ] }, { "type": "Polygon", "coordinates": [ [ [ 7.517590069774551, 52.380374625616398 ], [ 7.513764296097835, 52.388948812959477 ], [ 7.541030423999536, 52.442353719908837 ], [ 7.54687035691637, 52.443372721471988 ], [ 7.586679250591909, 52.434586892620821 ], [ 7.596218559301823, 52.419719183033891 ], [ 7.571194059263428, 52.372049846958504 ], [ 7.541659600404008, 52.36171492764764 ], [ 7.517590069774551, 52.380374625616398 ] ] ] }, { "type": "Polygon", "coordinates": [ [ [ 7.50833042930886, 52.21370454992838 ], [ 7.503843374673419, 52.237343088239875 ], [ 7.541965996924177, 52.261722747432152 ], [ 7.551913520850126, 52.260891471553336 ], [ 7.56725337886372, 52.230297650518857 ], [ 7.525983933966044, 52.207879397751967 ], [ 7.50833042930886, 52.21370454992838 ] ] ] }, { "type": "Polygon", "coordinates": [ [ [ 7.484132910002018, 52.269906893662892 ], [ 7.493399791772259, 52.279306171305777 ], [ 7.541965996924177, 52.261722747432152 ], [ 7.503843374673419, 52.237343088239875 ], [ 7.484132910002018, 52.269906893662892 ] ] ] }, { "type": "Polygon", "coordinates": [ [ [ 7.541965996924177, 52.261722747432152 ], [ 7.493399791772259, 52.279306171305777 ], [ 7.499952977581733, 52.30239834979006 ], [ 7.545047170427011, 52.321355836768063 ], [ 7.546556941435666, 52.319908524188634 ], [ 7.556425892484302, 52.281290256121906 ], [ 7.551913520850126, 52.260891471553336 ], [ 7.541965996924177, 52.261722747432152 ] ] ] }, { "type": "Polygon", "coordinates": [ [ [ 7.558159874972291, 51.746142635858256 ], [ 7.55906957469217, 51.758032277491267 ], [ 7.579340247923437, 51.774926597150184 ], [ 7.580587084997218, 51.774917840865029 ], [ 7.625614866443622, 51.752780236841147 ], [ 7.648720163154602, 51.55212137624428 ], [ 7.558159874972291, 51.746142635858256 ] ] ] }, { "type": "Polygon", "coordinates": [ [ [ 7.513869223235061, 51.771219533630308 ], [ 7.511181328036223, 51.777976230229321 ], [ 7.525975800758951, 51.80898504728497 ], [ 7.565398032248692, 51.809030533845252 ], [ 7.579340247923437, 51.774926597150184 ], [ 7.55906957469217, 51.758032277491267 ], [ 7.513869223235061, 51.771219533630308 ] ] ] }, { "type": "Polygon", "coordinates": [ [ [ 7.526262393871703, 52.205381418561814 ], [ 7.525983933966044, 52.207879397751967 ], [ 7.56725337886372, 52.230297650518857 ], [ 7.593188268184232, 52.220709209461511 ], [ 7.59787208060999, 52.215744118590379 ], [ 7.590302157174887, 52.167370160070341 ], [ 7.558582337686408, 52.149217037589608 ], [ 7.526262393871703, 52.205381418561814 ] ] ] }, { "type": "Polygon", "coordinates": [ [ [ 7.551913520850126, 52.260891471553336 ], [ 7.556425892484302, 52.281290256121906 ], [ 7.595727436781538, 52.287024858789472 ], [ 7.606818410904183, 52.266783663841636 ], [ 7.593188268184232, 52.220709209461511 ], [ 7.56725337886372, 52.230297650518857 ], [ 7.551913520850126, 52.260891471553336 ] ] ] }, { "type": "Polygon", "coordinates": [ [ [ 7.536170912610885, 52.100292581028526 ], [ 7.530842701640375, 52.114365852808255 ], [ 7.558582337686408, 52.149217037589608 ], [ 7.590302157174887, 52.167370160070341 ], [ 7.633750236914325, 52.130096827406369 ], [ 7.561085143530903, 52.084598719345621 ], [ 7.536170912610885, 52.100292581028526 ] ] ] }, { "type": "Polygon", "coordinates": [ [ [ 7.513602092390187, 51.843765199887329 ], [ 7.52284873918418, 51.858381289565727 ], [ 7.567221944117015, 51.835599176421461 ], [ 7.565398032248692, 51.809030533845252 ], [ 7.525975800758951, 51.80898504728497 ], [ 7.513602092390187, 51.843765199887329 ] ] ] }, { "type": "Polygon", "coordinates": [ [ [ 9.772083675774775, 54.948540000121 ], [ 8.641388410693425, 53.537955373944499 ], [ 7.853384990991136, 52.603356685933946 ], [ 7.827966724193952, 52.582357849393716 ], [ 7.719793799492378, 52.538235355011935 ], [ 7.665930112342783, 52.527491552024394 ], [ 7.607807063953938, 52.544981586870065 ], [ 7.535245126903884, 52.651161313646512 ], [ 7.531595501170215, 52.6730187753191 ], [ 8.208354786132915, 54.948540000121 ], [ 9.772083675774775, 54.948540000121 ] ] ] }, { "type": "Polygon", "coordinates": [ [ [ 7.553332901760822, 52.508441322012906 ], [ 7.542702029314028, 52.520347004320783 ], [ 7.560142170127397, 52.540215972345656 ], [ 7.607807063953938, 52.544981586870065 ], [ 7.665930112342783, 52.527491552024394 ], [ 7.638438768800611, 52.507214821081966 ], [ 7.553332901760822, 52.508441322012906 ] ] ] }, { "type": "Polygon", "coordinates": [ [ [ 7.512284479934498, 51.999310498078742 ], [ 7.589426802493227, 52.0431325518542 ], [ 7.591522876385118, 52.042056752318217 ], [ 7.611343062157524, 52.015259781253235 ], [ 7.57872870059894, 51.963191402047741 ], [ 7.571830936944053, 51.962116983985581 ], [ 7.512298542244237, 51.998203400642588 ], [ 7.512284479934498, 51.999310498078742 ] ] ] }, { "type": "Polygon", "coordinates": [ [ [ 7.565398032248692, 51.809030533845252 ], [ 7.567221944117015, 51.835599176421461 ], [ 7.610973353652177, 51.864263696286301 ], [ 7.632467654807472, 51.852318494293364 ], [ 7.637124366140243, 51.837166606486484 ], [ 7.580587084997218, 51.774917840865029 ], [ 7.579340247923437, 51.774926597150184 ], [ 7.565398032248692, 51.809030533845252 ] ] ] }, { "type": "Polygon", "coordinates": [ [ [ 7.54687035691637, 52.443372721471988 ], [ 7.563117812285689, 52.489054624340163 ], [ 7.61557676157922, 52.486496127279906 ], [ 7.586679250591909, 52.434586892620821 ], [ 7.54687035691637, 52.443372721471988 ] ] ] }, { "type": "Polygon", "coordinates": [ [ [ 7.652518696512749, 51.537178835606213 ], [ 7.67088988479862, 51.652556270800083 ], [ 7.704478173920655, 51.775361879778416 ], [ 7.727105656154764, 51.762624179820783 ], [ 7.797464965452578, 51.568563703259812 ], [ 7.73485236876562, 50.953150804711399 ], [ 7.652518696512749, 51.537178835606213 ] ] ] }, { "type": "Polygon", "coordinates": [ [ [ 7.67088988479862, 51.652556270800083 ], [ 7.652518696512749, 51.537178835606213 ], [ 7.648720163154602, 51.55212137624428 ], [ 7.625614866443622, 51.752780236841147 ], [ 7.672535969865425, 51.788537322455738 ], [ 7.67088988479862, 51.652556270800083 ] ] ] }, { "type": "Polygon", "coordinates": [ [ [ 7.546556941435666, 52.319908524188634 ], [ 7.545047170427011, 52.321355836768063 ], [ 7.541659600404008, 52.36171492764764 ], [ 7.571194059263428, 52.372049846958504 ], [ 7.612082355490267, 52.348851185160761 ], [ 7.601336276734097, 52.31910939060208 ], [ 7.546556941435666, 52.319908524188634 ] ] ] }, { "type": "Polygon", "coordinates": [ [ [ 7.531136864747463, 51.902531521716838 ], [ 7.530216830138592, 51.909389154245787 ], [ 7.571830936944053, 51.962116983985581 ], [ 7.57872870059894, 51.963191402047741 ], [ 7.610633185087182, 51.926071602980755 ], [ 7.599241279255334, 51.889336636658967 ], [ 7.531136864747463, 51.902531521716838 ] ] ] }, { "type": "Polygon", "coordinates": [ [ [ 7.556425892484302, 52.281290256121906 ], [ 7.546556941435666, 52.319908524188634 ], [ 7.601336276734097, 52.31910939060208 ], [ 7.603471744514235, 52.314734073842708 ], [ 7.595727436781538, 52.287024858789472 ], [ 7.556425892484302, 52.281290256121906 ] ] ] }, { "type": "Polygon", "coordinates": [ [ [ 7.610973353652177, 51.864263696286301 ], [ 7.599241279255334, 51.889336636658967 ], [ 7.610633185087182, 51.926071602980755 ], [ 7.660471483210286, 51.945245330129815 ], [ 7.67916075442363, 51.88742780047474 ], [ 7.632467654807472, 51.852318494293364 ], [ 7.610973353652177, 51.864263696286301 ] ] ] }, { "type": "Polygon", "coordinates": [ [ [ 7.563117812285689, 52.489054624340163 ], [ 7.553332901760822, 52.508441322012906 ], [ 7.638438768800611, 52.507214821081966 ], [ 7.61557676157922, 52.486496127279906 ], [ 7.563117812285689, 52.489054624340163 ] ] ] }, { "type": "Polygon", "coordinates": [ [ [ 7.571194059263428, 52.372049846958504 ], [ 7.596218559301823, 52.419719183033891 ], [ 7.63052808113494, 52.407410487252648 ], [ 7.653519032139943, 52.368867885382421 ], [ 7.612082355490267, 52.348851185160761 ], [ 7.571194059263428, 52.372049846958504 ] ] ] }, { "type": "Polygon", "coordinates": [ [ [ 7.603471744514235, 52.314734073842708 ], [ 7.601336276734097, 52.31910939060208 ], [ 7.612082355490267, 52.348851185160761 ], [ 7.653519032139943, 52.368867885382421 ], [ 7.664677967567226, 52.364527586024323 ], [ 7.683794895753444, 52.32682642630504 ], [ 7.651167703031732, 52.292172906569398 ], [ 7.603471744514235, 52.314734073842708 ] ] ] }, { "type": "Polygon", "coordinates": [ [ [ 7.586679250591909, 52.434586892620821 ], [ 7.61557676157922, 52.486496127279906 ], [ 7.638438768800611, 52.507214821081966 ], [ 7.665930112342783, 52.527491552024394 ], [ 7.719793799492378, 52.538235355011935 ], [ 7.63052808113494, 52.407410487252648 ], [ 7.596218559301823, 52.419719183033891 ], [ 7.586679250591909, 52.434586892620821 ] ] ] }, { "type": "Polygon", "coordinates": [ [ [ 7.595727436781538, 52.287024858789472 ], [ 7.603471744514235, 52.314734073842708 ], [ 7.651167703031732, 52.292172906569398 ], [ 7.650059848866107, 52.287132575977523 ], [ 7.606818410904183, 52.266783663841636 ], [ 7.595727436781538, 52.287024858789472 ] ] ] }, { "type": "Polygon", "coordinates": [ [ [ 7.589426802493227, 52.0431325518542 ], [ 7.561085143530903, 52.084598719345621 ], [ 7.633750236914325, 52.130096827406369 ], [ 7.651944827137674, 52.125204164586556 ], [ 7.654481397795948, 52.102385054644579 ], [ 7.591522876385118, 52.042056752318217 ], [ 7.589426802493227, 52.0431325518542 ] ] ] }, { "type": "Polygon", "coordinates": [ [ [ 7.59787208060999, 52.215744118590379 ], [ 7.593188268184232, 52.220709209461511 ], [ 7.606818410904183, 52.266783663841636 ], [ 7.650059848866107, 52.287132575977523 ], [ 7.66051900521773, 52.2486096721208 ], [ 7.639044432877843, 52.217403420434323 ], [ 7.59787208060999, 52.215744118590379 ] ] ] }, { "type": "Polygon", "coordinates": [ [ [ 7.610633185087182, 51.926071602980755 ], [ 7.57872870059894, 51.963191402047741 ], [ 7.611343062157524, 52.015259781253235 ], [ 7.632047603719366, 52.009963676446965 ], [ 7.653761741802972, 51.990655329043811 ], [ 7.664996625009181, 51.954614889616508 ], [ 7.660471483210286, 51.945245330129815 ], [ 7.610633185087182, 51.926071602980755 ] ] ] }, { "type": "Polygon", "coordinates": [ [ [ 7.827966724193952, 52.582357849393716 ], [ 7.770596393829096, 52.469388693592649 ], [ 7.664677967567226, 52.364527586024323 ], [ 7.653519032139943, 52.368867885382421 ], [ 7.63052808113494, 52.407410487252648 ], [ 7.719793799492378, 52.538235355011935 ], [ 7.827966724193952, 52.582357849393716 ] ] ] }, { "type": "Polygon", "coordinates": [ [ [ 7.770596393829096, 52.469388693592649 ], [ 7.827966724193952, 52.582357849393716 ], [ 7.853384990991136, 52.603356685933946 ], [ 7.837036629523171, 52.375454460401116 ], [ 7.812732679144188, 52.329779750800583 ], [ 7.751521701509821, 52.344147805502239 ], [ 7.770596393829096, 52.469388693592649 ] ] ] }, { "type": "Polygon", "coordinates": [ [ [ 7.633750236914325, 52.130096827406369 ], [ 7.590302157174887, 52.167370160070341 ], [ 7.59787208060999, 52.215744118590379 ], [ 7.639044432877843, 52.217403420434323 ], [ 7.684899312496368, 52.169285420935481 ], [ 7.681340293716296, 52.152775971167749 ], [ 7.651944827137674, 52.125204164586556 ], [ 7.633750236914325, 52.130096827406369 ] ] ] }, { "type": "Polygon", "coordinates": [ [ [ 7.611343062157524, 52.015259781253235 ], [ 7.591522876385118, 52.042056752318217 ], [ 7.654481397795948, 52.102385054644579 ], [ 7.658515040123524, 52.097038260985066 ], [ 7.662124961909691, 52.0468931648984 ], [ 7.632047603719366, 52.009963676446965 ], [ 7.611343062157524, 52.015259781253235 ] ] ] }, { "type": "Polygon", "coordinates": [ [ [ 7.580587084997218, 51.774917840865029 ], [ 7.637124366140243, 51.837166606486484 ], [ 7.676327290670101, 51.792782391762181 ], [ 7.672535969865425, 51.788537322455738 ], [ 7.625614866443622, 51.752780236841147 ], [ 7.580587084997218, 51.774917840865029 ] ] ] }, { "type": "Polygon", "coordinates": [ [ [ 7.672535969865425, 51.788537322455738 ], [ 7.676327290670101, 51.792782391762181 ], [ 7.68825080041001, 51.792505749363961 ], [ 7.704478173920655, 51.775361879778416 ], [ 7.67088988479862, 51.652556270800083 ], [ 7.672535969865425, 51.788537322455738 ] ] ] }, { "type": "Polygon", "coordinates": [ [ [ 7.632047603719366, 52.009963676446965 ], [ 7.662124961909691, 52.0468931648984 ], [ 7.713202971679376, 52.041432818005042 ], [ 7.713041395274606, 52.022308536602374 ], [ 7.653761741802972, 51.990655329043811 ], [ 7.632047603719366, 52.009963676446965 ] ] ] }, { "type": "Polygon", "coordinates": [ [ [ 7.662124961909691, 52.0468931648984 ], [ 7.658515040123524, 52.097038260985066 ], [ 7.724037347030762, 52.064926628246923 ], [ 7.713202971679376, 52.041432818005042 ], [ 7.662124961909691, 52.0468931648984 ] ] ] }, { "type": "Polygon", "coordinates": [ [ [ 7.650059848866107, 52.287132575977523 ], [ 7.651167703031732, 52.292172906569398 ], [ 7.683794895753444, 52.32682642630504 ], [ 7.70044173905882, 52.320495611078272 ], [ 7.698711971286443, 52.247579246213171 ], [ 7.66051900521773, 52.2486096721208 ], [ 7.650059848866107, 52.287132575977523 ] ] ] }, { "type": "Polygon", "coordinates": [ [ [ 7.658515040123524, 52.097038260985066 ], [ 7.654481397795948, 52.102385054644579 ], [ 7.651944827137674, 52.125204164586556 ], [ 7.681340293716296, 52.152775971167749 ], [ 7.703203102445767, 52.137729163888579 ], [ 7.751592432201384, 52.083241414005542 ], [ 7.724037347030762, 52.064926628246923 ], [ 7.658515040123524, 52.097038260985066 ] ] ] }, { "type": "Polygon", "coordinates": [ [ [ 7.664996625009181, 51.954614889616508 ], [ 7.653761741802972, 51.990655329043811 ], [ 7.713041395274606, 52.022308536602374 ], [ 7.743027801011936, 51.985248262917679 ], [ 7.741486817473418, 51.963007575353217 ], [ 7.723928974383241, 51.956317720004677 ], [ 7.664996625009181, 51.954614889616508 ] ] ] }, { "type": "Polygon", "coordinates": [ [ [ 7.637124366140243, 51.837166606486484 ], [ 7.632467654807472, 51.852318494293364 ], [ 7.67916075442363, 51.88742780047474 ], [ 7.696778380802883, 51.883534681129767 ], [ 7.719966771909864, 51.829480063370482 ], [ 7.68825080041001, 51.792505749363961 ], [ 7.676327290670101, 51.792782391762181 ], [ 7.637124366140243, 51.837166606486484 ] ] ] }, { "type": "Polygon", "coordinates": [ [ [ 7.684899312496368, 52.169285420935481 ], [ 7.639044432877843, 52.217403420434323 ], [ 7.66051900521773, 52.2486096721208 ], [ 7.698711971286443, 52.247579246213171 ], [ 7.713280214791795, 52.237670411176438 ], [ 7.713294781881094, 52.191368971213706 ], [ 7.684899312496368, 52.169285420935481 ] ] ] }, { "type": "Polygon", "coordinates": [ [ [ 7.770596393829096, 52.469388693592649 ], [ 7.751521701509821, 52.344147805502239 ], [ 7.731316770411878, 52.319605897436688 ], [ 7.70044173905882, 52.320495611078272 ], [ 7.683794895753444, 52.32682642630504 ], [ 7.664677967567226, 52.364527586024323 ], [ 7.770596393829096, 52.469388693592649 ] ] ] }, { "type": "Polygon", "coordinates": [ [ [ 7.660471483210286, 51.945245330129815 ], [ 7.664996625009181, 51.954614889616508 ], [ 7.723928974383241, 51.956317720004677 ], [ 7.705228084330162, 51.888355306482239 ], [ 7.696778380802883, 51.883534681129767 ], [ 7.67916075442363, 51.88742780047474 ], [ 7.660471483210286, 51.945245330129815 ] ] ] }, { "type": "Polygon", "coordinates": [ [ [ 7.684899312496368, 52.169285420935481 ], [ 7.713294781881094, 52.191368971213706 ], [ 7.758881841000868, 52.185157021768617 ], [ 7.779194055796276, 52.164694237302619 ], [ 7.773786173773593, 52.151761752100668 ], [ 7.703203102445767, 52.137729163888579 ], [ 7.681340293716296, 52.152775971167749 ], [ 7.684899312496368, 52.169285420935481 ] ] ] }, { "type": "Polygon", "coordinates": [ [ [ 7.713041395274606, 52.022308536602374 ], [ 7.713202971679376, 52.041432818005042 ], [ 7.724037347030762, 52.064926628246923 ], [ 7.751592432201384, 52.083241414005542 ], [ 7.762197033576994, 52.084257737742782 ], [ 7.792751743283858, 52.067710688337364 ], [ 7.79649923537317, 52.028577182116656 ], [ 7.743027801011936, 51.985248262917679 ], [ 7.713041395274606, 52.022308536602374 ] ] ] }, { "type": "Polygon", "coordinates": [ [ [ 7.751592432201384, 52.083241414005542 ], [ 7.703203102445767, 52.137729163888579 ], [ 7.773786173773593, 52.151761752100668 ], [ 7.762197033576994, 52.084257737742782 ], [ 7.751592432201384, 52.083241414005542 ] ] ] }, { "type": "Polygon", "coordinates": [ [ [ 7.705228084330162, 51.888355306482239 ], [ 7.723928974383241, 51.956317720004677 ], [ 7.741486817473418, 51.963007575353217 ], [ 7.769364539160351, 51.937636707122223 ], [ 7.767715213969458, 51.896230221746563 ], [ 7.705228084330162, 51.888355306482239 ] ] ] }, { "type": "Polygon", "coordinates": [ [ [ 7.713280214791795, 52.237670411176438 ], [ 7.698711971286443, 52.247579246213171 ], [ 7.70044173905882, 52.320495611078272 ], [ 7.731316770411878, 52.319605897436688 ], [ 7.755575109892646, 52.283361150233553 ], [ 7.751802975480665, 52.260095478056712 ], [ 7.713280214791795, 52.237670411176438 ] ] ] }, { "type": "Polygon", "coordinates": [ [ [ 7.704478173920655, 51.775361879778416 ], [ 7.68825080041001, 51.792505749363961 ], [ 7.719966771909864, 51.829480063370482 ], [ 7.774496657769937, 51.83648730081218 ], [ 7.789240993302983, 51.81060671354421 ], [ 7.77230472709981, 51.784372772935086 ], [ 7.727105656154764, 51.762624179820783 ], [ 7.704478173920655, 51.775361879778416 ] ] ] }, { "type": "Polygon", "coordinates": [ [ [ 7.696778380802883, 51.883534681129767 ], [ 7.705228084330162, 51.888355306482239 ], [ 7.767715213969458, 51.896230221746563 ], [ 7.782873440822458, 51.870410897749544 ], [ 7.774496657769937, 51.83648730081218 ], [ 7.719966771909864, 51.829480063370482 ], [ 7.696778380802883, 51.883534681129767 ] ] ] }, { "type": "Polygon", "coordinates": [ [ [ 7.751802975480665, 52.260095478056712 ], [ 7.755575109892646, 52.283361150233553 ], [ 7.817824278206767, 52.294063915072748 ], [ 7.830536425191098, 52.282810571158613 ], [ 7.789038921653506, 52.234455098072324 ], [ 7.773970896852832, 52.23408534813678 ], [ 7.751802975480665, 52.260095478056712 ] ] ] }, { "type": "Polygon", "coordinates": [ [ [ 7.713294781881094, 52.191368971213706 ], [ 7.713280214791795, 52.237670411176438 ], [ 7.751802975480665, 52.260095478056712 ], [ 7.773970896852832, 52.23408534813678 ], [ 7.758881841000868, 52.185157021768617 ], [ 7.713294781881094, 52.191368971213706 ] ] ] }, { "type": "Polygon", "coordinates": [ [ [ 7.769364539160351, 51.937636707122223 ], [ 7.741486817473418, 51.963007575353217 ], [ 7.743027801011936, 51.985248262917679 ], [ 7.79649923537317, 52.028577182116656 ], [ 7.842893337581092, 51.982066427937539 ], [ 7.842839992682991, 51.981321609864544 ], [ 7.817379638397365, 51.95360041948301 ], [ 7.769364539160351, 51.937636707122223 ] ] ] }, { "type": "Polygon", "coordinates": [ [ [ 7.767715213969458, 51.896230221746563 ], [ 7.769364539160351, 51.937636707122223 ], [ 7.817379638397365, 51.95360041948301 ], [ 7.841697565412018, 51.883663525122884 ], [ 7.782873440822458, 51.870410897749544 ], [ 7.767715213969458, 51.896230221746563 ] ] ] }, { "type": "Polygon", "coordinates": [ [ [ 7.755575109892646, 52.283361150233553 ], [ 7.731316770411878, 52.319605897436688 ], [ 7.751521701509821, 52.344147805502239 ], [ 7.812732679144188, 52.329779750800583 ], [ 7.817824278206767, 52.294063915072748 ], [ 7.755575109892646, 52.283361150233553 ] ] ] }, { "type": "Polygon", "coordinates": [ [ [ 7.758881841000868, 52.185157021768617 ], [ 7.773970896852832, 52.23408534813678 ], [ 7.789038921653506, 52.234455098072324 ], [ 7.796409227957945, 52.228881909097197 ], [ 7.816415432005479, 52.192013750024792 ], [ 7.80930693062071, 52.168370349190425 ], [ 7.779194055796276, 52.164694237302619 ], [ 7.758881841000868, 52.185157021768617 ] ] ] }, { "type": "Polygon", "coordinates": [ [ [ 7.762197033576994, 52.084257737742782 ], [ 7.773786173773593, 52.151761752100668 ], [ 7.779194055796276, 52.164694237302619 ], [ 7.80930693062071, 52.168370349190425 ], [ 7.815165093541454, 52.164406478792174 ], [ 7.827853650454117, 52.097412327602783 ], [ 7.825289276660898, 52.083129989416577 ], [ 7.792751743283858, 52.067710688337364 ], [ 7.762197033576994, 52.084257737742782 ] ] ] }, { "type": "Polygon", "coordinates": [ [ [ 7.774496657769937, 51.83648730081218 ], [ 7.782873440822458, 51.870410897749544 ], [ 7.841697565412018, 51.883663525122884 ], [ 7.860480637915713, 51.878412541313374 ], [ 7.879149802657984, 51.82003101464629 ], [ 7.865901001809898, 51.809614760670215 ], [ 7.798223741740403, 51.807357078663351 ], [ 7.789240993302983, 51.81060671354421 ], [ 7.774496657769937, 51.83648730081218 ] ] ] }, { "type": "Polygon", "coordinates": [ [ [ 7.838528116362967, 51.688582457640962 ], [ 7.812907847326922, 51.625934428854798 ], [ 7.77230472709981, 51.784372772935086 ], [ 7.789240993302983, 51.81060671354421 ], [ 7.798223741740403, 51.807357078663351 ], [ 7.838528116362967, 51.688582457640962 ] ] ] }, { "type": "Polygon", "coordinates": [ [ [ 7.727105656154764, 51.762624179820783 ], [ 7.77230472709981, 51.784372772935086 ], [ 7.812907847326922, 51.625934428854798 ], [ 7.797464965452578, 51.568563703259812 ], [ 7.727105656154764, 51.762624179820783 ] ] ] }, { "type": "Polygon", "coordinates": [ [ [ 7.79649923537317, 52.028577182116656 ], [ 7.792751743283858, 52.067710688337364 ], [ 7.825289276660898, 52.083129989416577 ], [ 7.898672165033149, 52.064439025945596 ], [ 7.907373103395989, 52.053604745474303 ], [ 7.898762664237031, 52.03063165611136 ], [ 7.842893337581092, 51.982066427937539 ], [ 7.79649923537317, 52.028577182116656 ] ] ] }, { "type": "Polygon", "coordinates": [ [ [ 7.837036629523171, 52.375454460401116 ], [ 7.867660933390423, 52.332961650371743 ], [ 7.846562032886218, 52.276759176890252 ], [ 7.830536425191098, 52.282810571158613 ], [ 7.817824278206767, 52.294063915072748 ], [ 7.812732679144188, 52.329779750800583 ], [ 7.837036629523171, 52.375454460401116 ] ] ] }, { "type": "Polygon", "coordinates": [ [ [ 7.867660933390423, 52.332961650371743 ], [ 7.837036629523171, 52.375454460401116 ], [ 7.853384990991136, 52.603356685933946 ], [ 8.641388410693425, 53.537955373944499 ], [ 7.909585280865575, 52.329591677848505 ], [ 7.867660933390423, 52.332961650371743 ] ] ] }, { "type": "Polygon", "coordinates": [ [ [ 7.796409227957945, 52.228881909097197 ], [ 7.789038921653506, 52.234455098072324 ], [ 7.830536425191098, 52.282810571158613 ], [ 7.846562032886218, 52.276759176890252 ], [ 7.850173425012453, 52.273709771450534 ], [ 7.859041557529134, 52.259075924659356 ], [ 7.85036569926546, 52.233837407859902 ], [ 7.796409227957945, 52.228881909097197 ] ] ] }, { "type": "Polygon", "coordinates": [ [ [ 7.815165093541454, 52.164406478792174 ], [ 7.80930693062071, 52.168370349190425 ], [ 7.816415432005479, 52.192013750024792 ], [ 7.849603959928062, 52.224718897948627 ], [ 7.875501056091786, 52.187619947670534 ], [ 7.863088646551748, 52.161085044330434 ], [ 7.815165093541454, 52.164406478792174 ] ] ] }, { "type": "Polygon", "coordinates": [ [ [ 7.827853650454117, 52.097412327602783 ], [ 7.815165093541454, 52.164406478792174 ], [ 7.863088646551748, 52.161085044330434 ], [ 7.872720538834453, 52.145787823052899 ], [ 7.827853650454117, 52.097412327602783 ] ] ] }, { "type": "Polygon", "coordinates": [ [ [ 7.85036569926546, 52.233837407859902 ], [ 7.849603959928062, 52.224718897948627 ], [ 7.816415432005479, 52.192013750024792 ], [ 7.796409227957945, 52.228881909097197 ], [ 7.85036569926546, 52.233837407859902 ] ] ] }, { "type": "Polygon", "coordinates": [ [ [ 7.849603959928062, 52.224718897948627 ], [ 7.85036569926546, 52.233837407859902 ], [ 7.859041557529134, 52.259075924659356 ], [ 7.884881668359423, 52.253695235508047 ], [ 7.942241149225467, 52.220533520645503 ], [ 7.935406424764162, 52.206808385917654 ], [ 7.875501056091786, 52.187619947670534 ], [ 7.849603959928062, 52.224718897948627 ] ] ] }, { "type": "Polygon", "coordinates": [ [ [ 7.817379638397365, 51.95360041948301 ], [ 7.842839992682991, 51.981321609864544 ], [ 7.846539052410415, 51.977527134846376 ], [ 7.894535790173379, 51.915655730072459 ], [ 7.860480637915713, 51.878412541313374 ], [ 7.841697565412018, 51.883663525122884 ], [ 7.817379638397365, 51.95360041948301 ] ] ] }, { "type": "Polygon", "coordinates": [ [ [ 7.848457004210798, 51.703382950586942 ], [ 7.838528116362967, 51.688582457640962 ], [ 7.798223741740403, 51.807357078663351 ], [ 7.865901001809898, 51.809614760670215 ], [ 7.848457004210798, 51.703382950586942 ] ] ] }, { "type": "Polygon", "coordinates": [ [ [ 7.827853650454117, 52.097412327602783 ], [ 7.872720538834453, 52.145787823052899 ], [ 7.899726402221817, 52.128087521408176 ], [ 7.898672165033149, 52.064439025945596 ], [ 7.825289276660898, 52.083129989416577 ], [ 7.827853650454117, 52.097412327602783 ] ] ] }, { "type": "Polygon", "coordinates": [ [ [ 7.872720538834453, 52.145787823052899 ], [ 7.863088646551748, 52.161085044330434 ], [ 7.875501056091786, 52.187619947670534 ], [ 7.935406424764162, 52.206808385917654 ], [ 7.936581071676479, 52.160950161417809 ], [ 7.934313222568518, 52.152969761598342 ], [ 7.899726402221817, 52.128087521408176 ], [ 7.872720538834453, 52.145787823052899 ] ] ] }, { "type": "Polygon", "coordinates": [ [ [ 7.850173425012453, 52.273709771450534 ], [ 7.846562032886218, 52.276759176890252 ], [ 7.867660933390423, 52.332961650371743 ], [ 7.909585280865575, 52.329591677848505 ], [ 7.909464641942715, 52.318130977711256 ], [ 7.850173425012453, 52.273709771450534 ] ] ] }, { "type": "Polygon", "coordinates": [ [ [ 7.842893337581092, 51.982066427937539 ], [ 7.898762664237031, 52.03063165611136 ], [ 7.935177213716638, 51.961776106254788 ], [ 7.846539052410415, 51.977527134846376 ], [ 7.842839992682991, 51.981321609864544 ], [ 7.842893337581092, 51.982066427937539 ] ] ] }, { "type": "Polygon", "coordinates": [ [ [ 7.865901001809898, 51.809614760670215 ], [ 7.879149802657984, 51.82003101464629 ], [ 7.891881821376387, 51.817816954884243 ], [ 7.892887979524097, 51.816979608205202 ], [ 7.937984576836991, 51.757811948596107 ], [ 7.937804428184259, 51.755711306135332 ], [ 7.848457004210798, 51.703382950586942 ], [ 7.865901001809898, 51.809614760670215 ] ] ] }, { "type": "Polygon", "coordinates": [ [ [ 7.859041557529134, 52.259075924659356 ], [ 7.850173425012453, 52.273709771450534 ], [ 7.909464641942715, 52.318130977711256 ], [ 7.91966151403834, 52.299838306247558 ], [ 7.884881668359423, 52.253695235508047 ], [ 7.859041557529134, 52.259075924659356 ] ] ] }, { "type": "Polygon", "coordinates": [ [ [ 10.553440000056012, 54.948540000121 ], [ 10.553440000056012, 53.366535972287203 ], [ 8.768931932735223, 52.462670528716757 ], [ 8.680528440980691, 52.421943045190652 ], [ 8.622747758245001, 52.401879066643509 ], [ 7.995132512467744, 52.250607029603607 ], [ 7.91966151403834, 52.299838306247558 ], [ 7.909464641942715, 52.318130977711256 ], [ 7.909585280865575, 52.329591677848505 ], [ 8.641388410693425, 53.537955373944499 ], [ 9.772083675774775, 54.948540000121 ], [ 10.553440000056012, 54.948540000121 ] ] ] }, { "type": "Polygon", "coordinates": [ [ [ 7.894535790173379, 51.915655730072459 ], [ 7.846539052410415, 51.977527134846376 ], [ 7.935177213716638, 51.961776106254788 ], [ 7.93966899124219, 51.955697045779516 ], [ 7.917496812316696, 51.918799470377841 ], [ 7.894535790173379, 51.915655730072459 ] ] ] }, { "type": "Polygon", "coordinates": [ [ [ 7.892887979524097, 51.816979608205202 ], [ 7.891881821376387, 51.817816954884243 ], [ 7.955039040096821, 51.875472835841265 ], [ 7.983804192317783, 51.869043611897617 ], [ 7.986194379928127, 51.825444612418508 ], [ 7.983932418806247, 51.818021818837067 ], [ 7.892887979524097, 51.816979608205202 ] ] ] }, { "type": "Polygon", "coordinates": [ [ [ 7.879149802657984, 51.82003101464629 ], [ 7.860480637915713, 51.878412541313374 ], [ 7.894535790173379, 51.915655730072459 ], [ 7.917496812316696, 51.918799470377841 ], [ 7.955039040096821, 51.875472835841265 ], [ 7.891881821376387, 51.817816954884243 ], [ 7.879149802657984, 51.82003101464629 ] ] ] }, { "type": "Polygon", "coordinates": [ [ [ 7.898762664237031, 52.03063165611136 ], [ 7.907373103395989, 52.053604745474303 ], [ 7.969713473906063, 52.058561522444535 ], [ 7.99583274394193, 52.012258938890326 ], [ 7.994119090188653, 51.997787916797407 ], [ 7.948958933813588, 51.958136864413888 ], [ 7.93966899124219, 51.955697045779516 ], [ 7.935177213716638, 51.961776106254788 ], [ 7.898762664237031, 52.03063165611136 ] ] ] }, { "type": "Polygon", "coordinates": [ [ [ 7.936581071676479, 52.160950161417809 ], [ 7.935406424764162, 52.206808385917654 ], [ 7.942241149225467, 52.220533520645503 ], [ 7.995132512467744, 52.250607029603607 ], [ 8.622747758245001, 52.401879066643509 ], [ 8.088341161039992, 52.149019737670436 ], [ 7.936581071676479, 52.160950161417809 ] ] ] }, { "type": "Polygon", "coordinates": [ [ [ 7.942241149225467, 52.220533520645503 ], [ 7.884881668359423, 52.253695235508047 ], [ 7.91966151403834, 52.299838306247558 ], [ 7.995132512467744, 52.250607029603607 ], [ 7.942241149225467, 52.220533520645503 ] ] ] }, { "type": "Polygon", "coordinates": [ [ [ 7.907373103395989, 52.053604745474303 ], [ 7.898672165033149, 52.064439025945596 ], [ 7.899726402221817, 52.128087521408176 ], [ 7.934313222568518, 52.152969761598342 ], [ 7.990685506192528, 52.089752029010292 ], [ 7.969713473906063, 52.058561522444535 ], [ 7.907373103395989, 52.053604745474303 ] ] ] }, { "type": "Polygon", "coordinates": [ [ [ 10.553440000056012, 49.081300000094977 ], [ 7.842906776578118, 49.081300000094977 ], [ 7.779547638550952, 49.458233415706225 ], [ 7.783818525138677, 49.702007253220458 ], [ 8.054769711446459, 51.544297860650751 ], [ 8.063402633743406, 51.56185592219429 ], [ 8.09206743673445, 51.607257768182507 ], [ 8.208628681446024, 51.70525926280763 ], [ 10.553440000056012, 50.450683167445384 ], [ 10.553440000056012, 49.081300000094977 ] ] ] }, { "type": "Polygon", "coordinates": [ [ [ 7.969713473906063, 52.058561522444535 ], [ 7.990685506192528, 52.089752029010292 ], [ 8.088341161039992, 52.149019737670436 ], [ 8.622747758245001, 52.401879066643509 ], [ 8.680528440980691, 52.421943045190652 ], [ 8.135684019468679, 52.032597581407281 ], [ 7.99583274394193, 52.012258938890326 ], [ 7.969713473906063, 52.058561522444535 ] ] ] }, { "type": "Polygon", "coordinates": [ [ [ 7.934313222568518, 52.152969761598342 ], [ 7.936581071676479, 52.160950161417809 ], [ 8.088341161039992, 52.149019737670436 ], [ 7.990685506192528, 52.089752029010292 ], [ 7.934313222568518, 52.152969761598342 ] ] ] }, { "type": "Polygon", "coordinates": [ [ [ 7.917496812316696, 51.918799470377841 ], [ 7.93966899124219, 51.955697045779516 ], [ 7.948958933813588, 51.958136864413888 ], [ 8.00768953680824, 51.911318792166817 ], [ 7.989022656900294, 51.872620814386281 ], [ 7.983804192317783, 51.869043611897617 ], [ 7.955039040096821, 51.875472835841265 ], [ 7.917496812316696, 51.918799470377841 ] ] ] }, { "type": "Polygon", "coordinates": [ [ [ 8.680528440980691, 52.421943045190652 ], [ 8.768931932735223, 52.462670528716757 ], [ 8.11613775057193, 51.887331227533537 ], [ 8.077117132833481, 51.910704631981453 ], [ 8.062053216488279, 51.936198690711485 ], [ 8.135684019468679, 52.032597581407281 ], [ 8.680528440980691, 52.421943045190652 ] ] ] }, { "type": "Polygon", "coordinates": [ [ [ 7.937984576836991, 51.757811948596107 ], [ 7.892887979524097, 51.816979608205202 ], [ 7.983932418806247, 51.818021818837067 ], [ 7.984361914992969, 51.793793741928148 ], [ 7.937984576836991, 51.757811948596107 ] ] ] }, { "type": "Polygon", "coordinates": [ [ [ 7.983932418806247, 51.818021818837067 ], [ 7.986194379928127, 51.825444612418508 ], [ 8.055231931112745, 51.816249655492612 ], [ 8.043433359669587, 51.787056123900072 ], [ 8.012958576984806, 51.774319740670251 ], [ 7.984361914992969, 51.793793741928148 ], [ 7.983932418806247, 51.818021818837067 ] ] ] }, { "type": "Polygon", "coordinates": [ [ [ 7.937804428184259, 51.755711306135332 ], [ 7.937984576836991, 51.757811948596107 ], [ 7.984361914992969, 51.793793741928148 ], [ 8.012958576984806, 51.774319740670251 ], [ 8.023145536705924, 51.626028217744071 ], [ 7.937804428184259, 51.755711306135332 ] ] ] }, { "type": "Polygon", "coordinates": [ [ [ 8.00768953680824, 51.911318792166817 ], [ 7.948958933813588, 51.958136864413888 ], [ 7.994119090188653, 51.997787916797407 ], [ 8.039397736564451, 51.936400521301429 ], [ 8.00768953680824, 51.911318792166817 ] ] ] }, { "type": "Polygon", "coordinates": [ [ [ 8.054769711446459, 51.544297860650751 ], [ 8.023145536705924, 51.626028217744071 ], [ 8.012958576984806, 51.774319740670251 ], [ 8.043433359669587, 51.787056123900072 ], [ 8.063207397786359, 51.76592607154177 ], [ 8.063402633743406, 51.56185592219429 ], [ 8.054769711446459, 51.544297860650751 ] ] ] }, { "type": "Polygon", "coordinates": [ [ [ 7.989022656900294, 51.872620814386281 ], [ 8.00768953680824, 51.911318792166817 ], [ 8.039397736564451, 51.936400521301429 ], [ 8.062053216488279, 51.936198690711485 ], [ 8.077117132833481, 51.910704631981453 ], [ 8.049676077168771, 51.854533933025607 ], [ 7.989022656900294, 51.872620814386281 ] ] ] }, { "type": "Polygon", "coordinates": [ [ [ 7.986194379928127, 51.825444612418508 ], [ 7.983804192317783, 51.869043611897617 ], [ 7.989022656900294, 51.872620814386281 ], [ 8.049676077168771, 51.854533933025607 ], [ 8.066124922108571, 51.826917650476851 ], [ 8.055231931112745, 51.816249655492612 ], [ 7.986194379928127, 51.825444612418508 ] ] ] }, { "type": "Polygon", "coordinates": [ [ [ 8.055231931112745, 51.816249655492612 ], [ 8.066124922108571, 51.826917650476851 ], [ 8.09701087097474, 51.824400615919323 ], [ 8.114927990694694, 51.790282781781215 ], [ 8.114138993048696, 51.786803518316496 ], [ 8.063207397786359, 51.76592607154177 ], [ 8.043433359669587, 51.787056123900072 ], [ 8.055231931112745, 51.816249655492612 ] ] ] }, { "type": "Polygon", "coordinates": [ [ [ 7.994119090188653, 51.997787916797407 ], [ 7.99583274394193, 52.012258938890326 ], [ 8.135684019468679, 52.032597581407281 ], [ 8.062053216488279, 51.936198690711485 ], [ 8.039397736564451, 51.936400521301429 ], [ 7.994119090188653, 51.997787916797407 ] ] ] }, { "type": "Polygon", "coordinates": [ [ [ 10.553440000056012, 53.296218348127788 ], [ 8.741804402943577, 52.150780145394073 ], [ 8.182183251416896, 51.84445007730038 ], [ 8.121860599659767, 51.860862636236057 ], [ 8.11613775057193, 51.887331227533537 ], [ 8.768931932735223, 52.462670528716757 ], [ 10.553440000056012, 53.366535972287203 ], [ 10.553440000056012, 53.296218348127788 ] ] ] }, { "type": "Polygon", "coordinates": [ [ [ 8.066124922108571, 51.826917650476851 ], [ 8.049676077168771, 51.854533933025607 ], [ 8.077117132833481, 51.910704631981453 ], [ 8.11613775057193, 51.887331227533537 ], [ 8.121860599659767, 51.860862636236057 ], [ 8.09701087097474, 51.824400615919323 ], [ 8.066124922108571, 51.826917650476851 ] ] ] }, { "type": "Polygon", "coordinates": [ [ [ 8.114927990694694, 51.790282781781215 ], [ 8.09701087097474, 51.824400615919323 ], [ 8.121860599659767, 51.860862636236057 ], [ 8.182183251416896, 51.84445007730038 ], [ 8.1677294894952, 51.799113695015734 ], [ 8.114927990694694, 51.790282781781215 ] ] ] }, { "type": "Polygon", "coordinates": [ [ [ 8.123360900383842, 51.726887820632435 ], [ 8.09206743673445, 51.607257768182507 ], [ 8.063402633743406, 51.56185592219429 ], [ 8.063207397786359, 51.76592607154177 ], [ 8.114138993048696, 51.786803518316496 ], [ 8.123360900383842, 51.726887820632435 ] ] ] }, { "type": "Polygon", "coordinates": [ [ [ 8.09206743673445, 51.607257768182507 ], [ 8.123360900383842, 51.726887820632435 ], [ 8.188960096726408, 51.768678964316763 ], [ 8.210275901794411, 51.759592171691303 ], [ 8.212447791375071, 51.717212902482245 ], [ 8.208628681446024, 51.70525926280763 ], [ 8.09206743673445, 51.607257768182507 ] ] ] }, { "type": "Polygon", "coordinates": [ [ [ 10.553440000056012, 52.093942131474115 ], [ 8.212447791375071, 51.717212902482245 ], [ 8.210275901794411, 51.759592171691303 ], [ 8.741804402943577, 52.150780145394073 ], [ 10.553440000056012, 53.296218348127788 ], [ 10.553440000056012, 52.093942131474115 ] ] ] }, { "type": "Polygon", "coordinates": [ [ [ 8.1677294894952, 51.799113695015734 ], [ 8.188960096726408, 51.768678964316763 ], [ 8.123360900383842, 51.726887820632435 ], [ 8.114138993048696, 51.786803518316496 ], [ 8.114927990694694, 51.790282781781215 ], [ 8.1677294894952, 51.799113695015734 ] ] ] }, { "type": "Polygon", "coordinates": [ [ [ 8.188960096726408, 51.768678964316763 ], [ 8.1677294894952, 51.799113695015734 ], [ 8.182183251416896, 51.84445007730038 ], [ 8.741804402943577, 52.150780145394073 ], [ 8.210275901794411, 51.759592171691303 ], [ 8.188960096726408, 51.768678964316763 ] ] ] }, { "type": "Polygon", "coordinates": [ [ [ 10.553440000056012, 50.450683167445384 ], [ 8.208628681446024, 51.70525926280763 ], [ 8.212447791375071, 51.717212902482245 ], [ 10.553440000056012, 52.093942131474115 ], [ 10.553440000056012, 50.450683167445384 ] ] ] } ] } }
]
}
