{
"type": "FeatureCollection",
"name": "WenkerOrte_Paderborn_Voronoi",
"crs": { "type": "name", "properties": { "name": "urn:ogc:def:crs:OGC:1.3:CRS84" } },
"features": [
{ "type": "Feature", "properties": { "id": 1 }, "geometry": { "type": "GeometryCollection", "geometries": [ { "type": "Polygon", "coordinates": [ [ [ 5.819149999273066, 53.946860348277596 ], [ 7.642510101614533, 52.60399301869959 ], [ 7.661084221017033, 52.565717276501154 ], [ 7.652688437421866, 52.545560732394868 ], [ 7.521926052534226, 52.536801530335765 ], [ 5.819149999273066, 52.705975378692777 ], [ 5.819149999273066, 53.946860348277596 ] ] ] }, { "type": "Polygon", "coordinates": [ [ [ 5.819149999273066, 52.705975378692777 ], [ 7.521926052534226, 52.536801530335765 ], [ 7.652156855572681, 52.497692856636199 ], [ 7.664500601508295, 52.41280148090113 ], [ 7.513026643489133, 52.080010684115784 ], [ 7.288582793776834, 51.911128947185176 ], [ 5.819149999273066, 51.522145261582601 ], [ 5.819149999273066, 52.705975378692777 ] ] ] }, { "type": "Polygon", "coordinates": [ [ [ 5.819149999273066, 51.522145261582601 ], [ 7.288582793776834, 51.911128947185176 ], [ 7.759545751986888, 51.845916359664194 ], [ 7.874451514311787, 51.671241140258473 ], [ 7.880356690215049, 51.652246749846633 ], [ 7.882442715893231, 51.564790125809076 ], [ 7.798006735089611, 51.534894488354055 ], [ 5.819149999273066, 51.501582781887599 ], [ 5.819149999273066, 51.522145261582601 ] ] ] }, { "type": "Polygon", "coordinates": [ [ [ 7.661084221017033, 52.565717276501154 ], [ 7.642510101614533, 52.60399301869959 ], [ 7.665806227775692, 52.605533205481684 ], [ 7.709042605472352, 52.580319092057309 ], [ 7.707979270054931, 52.569340021857776 ], [ 7.661084221017033, 52.565717276501154 ] ] ] }, { "type": "Polygon", "coordinates": [ [ [ 7.65897107961081, 52.533524958879852 ], [ 7.652688437421866, 52.545560732394868 ], [ 7.661084221017033, 52.565717276501154 ], [ 7.707979270054931, 52.569340021857776 ], [ 7.720901399357479, 52.547924052784822 ], [ 7.71322026890584, 52.529419511287927 ], [ 7.65897107961081, 52.533524958879852 ] ] ] }, { "type": "Polygon", "coordinates": [ [ [ 7.652688437421866, 52.545560732394868 ], [ 7.65897107961081, 52.533524958879852 ], [ 7.655726275902743, 52.503496657881527 ], [ 7.652156855572681, 52.497692856636199 ], [ 7.521926052534226, 52.536801530335765 ], [ 7.652688437421866, 52.545560732394868 ] ] ] }, { "type": "Polygon", "coordinates": [ [ [ 5.819149999273066, 54.099934447479292 ], [ 7.702154993363726, 52.625078912258132 ], [ 7.665806227775692, 52.605533205481684 ], [ 7.642510101614533, 52.60399301869959 ], [ 5.819149999273066, 53.946860348277596 ], [ 5.819149999273066, 54.099934447479292 ] ] ] }, { "type": "Polygon", "coordinates": [ [ [ 5.819149999273066, 54.501499999925159 ], [ 7.35467633915872, 54.501499999925159 ], [ 7.755088141620697, 52.67091541024125 ], [ 7.752026024957808, 52.638002048288079 ], [ 7.724886930797296, 52.620495243801919 ], [ 7.702154993363726, 52.625078912258132 ], [ 5.819149999273066, 54.099934447479292 ], [ 5.819149999273066, 54.501499999925159 ] ] ] }, { "type": "Polygon", "coordinates": [ [ [ 7.709042605472352, 52.580319092057309 ], [ 7.665806227775692, 52.605533205481684 ], [ 7.702154993363726, 52.625078912258132 ], [ 7.724886930797296, 52.620495243801919 ], [ 7.709042605472352, 52.580319092057309 ] ] ] }, { "type": "Polygon", "coordinates": [ [ [ 7.655726275902743, 52.503496657881527 ], [ 7.65897107961081, 52.533524958879852 ], [ 7.71322026890584, 52.529419511287927 ], [ 7.713487056809201, 52.509366455536771 ], [ 7.655726275902743, 52.503496657881527 ] ] ] }, { "type": "Polygon", "coordinates": [ [ [ 7.71322026890584, 52.529419511287927 ], [ 7.720901399357479, 52.547924052784822 ], [ 7.759891515265646, 52.551990130021558 ], [ 7.777422285804525, 52.544499173306434 ], [ 7.777783375003851, 52.543855393035123 ], [ 7.775418428272695, 52.520667896316354 ], [ 7.764657216236708, 52.503502165505587 ], [ 7.719982846303058, 52.491739985534494 ], [ 7.713487056809201, 52.509366455536771 ], [ 7.71322026890584, 52.529419511287927 ] ] ] }, { "type": "Polygon", "coordinates": [ [ [ 7.652156855572681, 52.497692856636199 ], [ 7.655726275902743, 52.503496657881527 ], [ 7.713487056809201, 52.509366455536771 ], [ 7.719982846303058, 52.491739985534494 ], [ 7.718057004235847, 52.479948098048908 ], [ 7.694473719744914, 52.44323462990868 ], [ 7.664500601508295, 52.41280148090113 ], [ 7.652156855572681, 52.497692856636199 ] ] ] }, { "type": "Polygon", "coordinates": [ [ [ 7.709042605472352, 52.580319092057309 ], [ 7.724886930797296, 52.620495243801919 ], [ 7.752026024957808, 52.638002048288079 ], [ 7.755476082471795, 52.633984267224079 ], [ 7.759891515265646, 52.551990130021558 ], [ 7.720901399357479, 52.547924052784822 ], [ 7.707979270054931, 52.569340021857776 ], [ 7.709042605472352, 52.580319092057309 ] ] ] }, { "type": "Polygon", "coordinates": [ [ [ 7.513026643489133, 52.080010684115784 ], [ 7.664500601508295, 52.41280148090113 ], [ 7.694473719744914, 52.44323462990868 ], [ 7.773354449092825, 52.441191466682888 ], [ 7.775600177938194, 52.344953326167506 ], [ 7.735655978332002, 52.23525385575423 ], [ 7.601751784242978, 52.126981351369835 ], [ 7.513026643489133, 52.080010684115784 ] ] ] }, { "type": "Polygon", "coordinates": [ [ [ 7.755476082471795, 52.633984267224079 ], [ 7.752026024957808, 52.638002048288079 ], [ 7.755088141620697, 52.67091541024125 ], [ 7.844992217053923, 52.652141541613148 ], [ 7.828139160025357, 52.616020661675535 ], [ 7.808589743331249, 52.608813243849596 ], [ 7.797715659503407, 52.608979692624153 ], [ 7.755476082471795, 52.633984267224079 ] ] ] }, { "type": "Polygon", "coordinates": [ [ [ 7.764657216236708, 52.503502165505587 ], [ 7.775418428272695, 52.520667896316354 ], [ 7.80948764849554, 52.489869916434408 ], [ 7.798984879461649, 52.464915884091752 ], [ 7.783702151722527, 52.461060869986134 ], [ 7.764657216236708, 52.503502165505587 ] ] ] }, { "type": "Polygon", "coordinates": [ [ [ 7.735655978332002, 52.23525385575423 ], [ 7.775600177938194, 52.344953326167506 ], [ 7.802331103277679, 52.379411775665638 ], [ 7.863214763624914, 52.415279107325539 ], [ 7.877039855388384, 52.414789698007453 ], [ 7.895935121215245, 52.407354939557628 ], [ 7.896406700582268, 52.330886619508085 ], [ 7.836594302114199, 52.278765768632674 ], [ 7.826567115989683, 52.271785973870259 ], [ 7.735655978332002, 52.23525385575423 ] ] ] }, { "type": "Polygon", "coordinates": [ [ [ 7.694473719744914, 52.44323462990868 ], [ 7.718057004235847, 52.479948098048908 ], [ 7.779193020142953, 52.457037785273478 ], [ 7.773354449092825, 52.441191466682888 ], [ 7.694473719744914, 52.44323462990868 ] ] ] }, { "type": "Polygon", "coordinates": [ [ [ 7.779193020142953, 52.457037785273478 ], [ 7.783702151722527, 52.461060869986134 ], [ 7.798984879461649, 52.464915884091752 ], [ 7.827062716909153, 52.446901512364043 ], [ 7.827267336050119, 52.445332669019955 ], [ 7.802331103277679, 52.379411775665638 ], [ 7.775600177938194, 52.344953326167506 ], [ 7.773354449092825, 52.441191466682888 ], [ 7.779193020142953, 52.457037785273478 ] ] ] }, { "type": "Polygon", "coordinates": [ [ [ 7.783702151722527, 52.461060869986134 ], [ 7.779193020142953, 52.457037785273478 ], [ 7.718057004235847, 52.479948098048908 ], [ 7.719982846303058, 52.491739985534494 ], [ 7.764657216236708, 52.503502165505587 ], [ 7.783702151722527, 52.461060869986134 ] ] ] }, { "type": "Polygon", "coordinates": [ [ [ 7.777422285804525, 52.544499173306434 ], [ 7.759891515265646, 52.551990130021558 ], [ 7.755476082471795, 52.633984267224079 ], [ 7.797715659503407, 52.608979692624153 ], [ 7.78709163589309, 52.55842613369164 ], [ 7.777422285804525, 52.544499173306434 ] ] ] }, { "type": "Polygon", "coordinates": [ [ [ 7.78709163589309, 52.55842613369164 ], [ 7.797715659503407, 52.608979692624153 ], [ 7.808589743331249, 52.608813243849596 ], [ 7.822529726293623, 52.570576334174497 ], [ 7.78709163589309, 52.55842613369164 ] ] ] }, { "type": "Polygon", "coordinates": [ [ [ 7.80948764849554, 52.489869916434408 ], [ 7.775418428272695, 52.520667896316354 ], [ 7.777783375003851, 52.543855393035123 ], [ 7.836668178500968, 52.526517993493329 ], [ 7.839624313304569, 52.519286833036674 ], [ 7.837460362350813, 52.510619450572115 ], [ 7.80948764849554, 52.489869916434408 ] ] ] }, { "type": "Polygon", "coordinates": [ [ [ 7.836668178500968, 52.526517993493329 ], [ 7.777783375003851, 52.543855393035123 ], [ 7.777422285804525, 52.544499173306434 ], [ 7.78709163589309, 52.55842613369164 ], [ 7.822529726293623, 52.570576334174497 ], [ 7.845689264455383, 52.558886746113508 ], [ 7.836668178500968, 52.526517993493329 ] ] ] }, { "type": "Polygon", "coordinates": [ [ [ 7.798984879461649, 52.464915884091752 ], [ 7.80948764849554, 52.489869916434408 ], [ 7.837460362350813, 52.510619450572115 ], [ 7.857724590416698, 52.469948931586671 ], [ 7.856178124051432, 52.467464268440345 ], [ 7.827062716909153, 52.446901512364043 ], [ 7.798984879461649, 52.464915884091752 ] ] ] }, { "type": "Polygon", "coordinates": [ [ [ 7.822529726293623, 52.570576334174497 ], [ 7.808589743331249, 52.608813243849596 ], [ 7.828139160025357, 52.616020661675535 ], [ 7.860465931151755, 52.586030279364486 ], [ 7.859146951647955, 52.571502562243275 ], [ 7.845689264455383, 52.558886746113508 ], [ 7.822529726293623, 52.570576334174497 ] ] ] }, { "type": "Polygon", "coordinates": [ [ [ 7.362703450825585, 54.501499999925159 ], [ 7.857297174344017, 52.66290731613357 ], [ 7.856662464770436, 52.66040069504033 ], [ 7.844992217053923, 52.652141541613148 ], [ 7.755088141620697, 52.67091541024125 ], [ 7.35467633915872, 54.501499999925159 ], [ 7.362703450825585, 54.501499999925159 ] ] ] }, { "type": "Polygon", "coordinates": [ [ [ 7.837460362350813, 52.510619450572115 ], [ 7.839624313304569, 52.519286833036674 ], [ 7.885181728291979, 52.518269245706961 ], [ 7.901865157949373, 52.504596932881171 ], [ 7.896595559440008, 52.474860627291235 ], [ 7.857724590416698, 52.469948931586671 ], [ 7.837460362350813, 52.510619450572115 ] ] ] }, { "type": "Polygon", "coordinates": [ [ [ 8.419683096841654, 54.501499999925159 ], [ 7.922317114086353, 52.686893180861205 ], [ 7.857297174344017, 52.66290731613357 ], [ 7.362703450825585, 54.501499999925159 ], [ 8.419683096841654, 54.501499999925159 ] ] ] }, { "type": "Polygon", "coordinates": [ [ [ 7.860465931151755, 52.586030279364486 ], [ 7.828139160025357, 52.616020661675535 ], [ 7.844992217053923, 52.652141541613148 ], [ 7.856662464770436, 52.66040069504033 ], [ 7.882996826875039, 52.63301565313693 ], [ 7.867476299598421, 52.591905440840023 ], [ 7.860465931151755, 52.586030279364486 ] ] ] }, { "type": "Polygon", "coordinates": [ [ [ 7.827267336050119, 52.445332669019955 ], [ 7.863214763624914, 52.415279107325539 ], [ 7.802331103277679, 52.379411775665638 ], [ 7.827267336050119, 52.445332669019955 ] ] ] }, { "type": "Polygon", "coordinates": [ [ [ 7.863214763624914, 52.415279107325539 ], [ 7.827267336050119, 52.445332669019955 ], [ 7.827062716909153, 52.446901512364043 ], [ 7.856178124051432, 52.467464268440345 ], [ 7.877039855388384, 52.414789698007453 ], [ 7.863214763624914, 52.415279107325539 ] ] ] }, { "type": "Polygon", "coordinates": [ [ [ 7.839624313304569, 52.519286833036674 ], [ 7.836668178500968, 52.526517993493329 ], [ 7.845689264455383, 52.558886746113508 ], [ 7.859146951647955, 52.571502562243275 ], [ 7.888779690306254, 52.555956759107367 ], [ 7.885181728291979, 52.518269245706961 ], [ 7.839624313304569, 52.519286833036674 ] ] ] }, { "type": "Polygon", "coordinates": [ [ [ 7.877039855388384, 52.414789698007453 ], [ 7.856178124051432, 52.467464268440345 ], [ 7.857724590416698, 52.469948931586671 ], [ 7.896595559440008, 52.474860627291235 ], [ 7.91983614239371, 52.442345719364525 ], [ 7.919093273465877, 52.433506379475851 ], [ 7.895935121215245, 52.407354939557628 ], [ 7.877039855388384, 52.414789698007453 ] ] ] }, { "type": "Polygon", "coordinates": [ [ [ 7.513026643489133, 52.080010684115784 ], [ 7.601751784242978, 52.126981351369835 ], [ 7.932993460853583, 52.139638469704607 ], [ 7.975734511093705, 51.990788113170559 ], [ 7.984273979290796, 51.911612926664098 ], [ 7.972176927244938, 51.885873727817874 ], [ 7.821050348000028, 51.853103498553438 ], [ 7.764595901391169, 51.846261577191505 ], [ 7.759545751986888, 51.845916359664194 ], [ 7.288582793776834, 51.911128947185176 ], [ 7.513026643489133, 52.080010684115784 ] ] ] }, { "type": "Polygon", "coordinates": [ [ [ 7.867476299598421, 52.591905440840023 ], [ 7.882996826875039, 52.63301565313693 ], [ 7.912573650427336, 52.627435449405603 ], [ 7.924467527052176, 52.606560724537843 ], [ 7.920745547468139, 52.592932220115543 ], [ 7.867476299598421, 52.591905440840023 ] ] ] }, { "type": "Polygon", "coordinates": [ [ [ 7.601751784242978, 52.126981351369835 ], [ 7.735655978332002, 52.23525385575423 ], [ 7.826567115989683, 52.271785973870259 ], [ 7.921625612222463, 52.236357589033517 ], [ 7.972153718018403, 52.203242000084167 ], [ 7.976187442469973, 52.183217265270649 ], [ 7.951108114182091, 52.145227676254358 ], [ 7.932993460853583, 52.139638469704607 ], [ 7.601751784242978, 52.126981351369835 ] ] ] }, { "type": "Polygon", "coordinates": [ [ [ 5.819149999273066, 51.501582781887599 ], [ 7.798006735089611, 51.534894488354055 ], [ 7.884739832908263, 51.516280137765342 ], [ 7.880549026791578, 51.469622498360891 ], [ 7.799316854981173, 51.353688121771221 ], [ 5.819149999273066, 50.10542031563218 ], [ 5.819149999273066, 51.501582781887599 ] ] ] }, { "type": "Polygon", "coordinates": [ [ [ 7.799316854981173, 51.353688121771221 ], [ 7.880549026791578, 51.469622498360891 ], [ 7.919770313826906, 51.484298754653508 ], [ 7.939011584633529, 51.47785874351478 ], [ 7.939355605475222, 51.477410708199081 ], [ 7.926253735543173, 51.426475239514588 ], [ 7.909111549566268, 51.402642454581915 ], [ 7.893442511352592, 51.393361899398556 ], [ 7.799316854981173, 51.353688121771221 ] ] ] }, { "type": "Polygon", "coordinates": [ [ [ 7.859146951647955, 52.571502562243275 ], [ 7.860465931151755, 52.586030279364486 ], [ 7.867476299598421, 52.591905440840023 ], [ 7.920745547468139, 52.592932220115543 ], [ 7.921480888717649, 52.587675455771446 ], [ 7.894431609727831, 52.55771966823167 ], [ 7.888779690306254, 52.555956759107367 ], [ 7.859146951647955, 52.571502562243275 ] ] ] }, { "type": "Polygon", "coordinates": [ [ [ 7.885181728291979, 52.518269245706961 ], [ 7.888779690306254, 52.555956759107367 ], [ 7.894431609727831, 52.55771966823167 ], [ 7.924416027808055, 52.53726467804993 ], [ 7.923069470210457, 52.514957253359867 ], [ 7.901865157949373, 52.504596932881171 ], [ 7.885181728291979, 52.518269245706961 ] ] ] }, { "type": "Polygon", "coordinates": [ [ [ 7.798006735089611, 51.534894488354055 ], [ 7.882442715893231, 51.564790125809076 ], [ 7.891628961150987, 51.559137254363883 ], [ 7.902896060839249, 51.528898538024855 ], [ 7.896237797905848, 51.520892897217337 ], [ 7.884739832908263, 51.516280137765342 ], [ 7.798006735089611, 51.534894488354055 ] ] ] }, { "type": "Polygon", "coordinates": [ [ [ 7.891628961150987, 51.559137254363883 ], [ 7.882442715893231, 51.564790125809076 ], [ 7.880356690215049, 51.652246749846633 ], [ 7.923011513075609, 51.578518062196473 ], [ 7.891628961150987, 51.559137254363883 ] ] ] }, { "type": "Polygon", "coordinates": [ [ [ 7.856662464770436, 52.66040069504033 ], [ 7.857297174344017, 52.66290731613357 ], [ 7.922317114086353, 52.686893180861205 ], [ 7.930033242496216, 52.663562212491989 ], [ 7.912573650427336, 52.627435449405603 ], [ 7.882996826875039, 52.63301565313693 ], [ 7.856662464770436, 52.66040069504033 ] ] ] }, { "type": "Polygon", "coordinates": [ [ [ 8.509698031632457, 54.501499999925159 ], [ 8.176486182045313, 53.044710905627994 ], [ 8.120521983791974, 52.882403702588377 ], [ 8.002584614139653, 52.673576016600045 ], [ 7.962541371607044, 52.650885173382775 ], [ 7.930033242496216, 52.663562212491989 ], [ 7.922317114086353, 52.686893180861205 ], [ 8.419683096841654, 54.501499999925159 ], [ 8.509698031632457, 54.501499999925159 ] ] ] }, { "type": "Polygon", "coordinates": [ [ [ 7.894431609727831, 52.55771966823167 ], [ 7.921480888717649, 52.587675455771446 ], [ 7.933317225789234, 52.573942031171676 ], [ 7.931854130233775, 52.547431740457846 ], [ 7.924416027808055, 52.53726467804993 ], [ 7.894431609727831, 52.55771966823167 ] ] ] }, { "type": "Polygon", "coordinates": [ [ [ 7.896237797905848, 51.520892897217337 ], [ 7.902896060839249, 51.528898538024855 ], [ 7.936649923409604, 51.535496280446793 ], [ 7.942373865928489, 51.530491933217426 ], [ 7.939011584633529, 51.47785874351478 ], [ 7.919770313826906, 51.484298754653508 ], [ 7.896237797905848, 51.520892897217337 ] ] ] }, { "type": "Polygon", "coordinates": [ [ [ 7.884739832908263, 51.516280137765342 ], [ 7.896237797905848, 51.520892897217337 ], [ 7.919770313826906, 51.484298754653508 ], [ 7.880549026791578, 51.469622498360891 ], [ 7.884739832908263, 51.516280137765342 ] ] ] }, { "type": "Polygon", "coordinates": [ [ [ 7.891628961150987, 51.559137254363883 ], [ 7.923011513075609, 51.578518062196473 ], [ 7.938826769014303, 51.570189756506693 ], [ 7.936649923409604, 51.535496280446793 ], [ 7.902896060839249, 51.528898538024855 ], [ 7.891628961150987, 51.559137254363883 ] ] ] }, { "type": "Polygon", "coordinates": [ [ [ 7.896595559440008, 52.474860627291235 ], [ 7.901865157949373, 52.504596932881171 ], [ 7.923069470210457, 52.514957253359867 ], [ 7.93252110299434, 52.511958909252634 ], [ 7.954841026193383, 52.469100165136723 ], [ 7.91983614239371, 52.442345719364525 ], [ 7.896595559440008, 52.474860627291235 ] ] ] }, { "type": "Polygon", "coordinates": [ [ [ 7.924416027808055, 52.53726467804993 ], [ 7.931854130233775, 52.547431740457846 ], [ 7.970123227595591, 52.540973830188385 ], [ 7.945227295887848, 52.515848560053641 ], [ 7.93252110299434, 52.511958909252634 ], [ 7.923069470210457, 52.514957253359867 ], [ 7.924416027808055, 52.53726467804993 ] ] ] }, { "type": "Polygon", "coordinates": [ [ [ 7.921480888717649, 52.587675455771446 ], [ 7.920745547468139, 52.592932220115543 ], [ 7.924467527052176, 52.606560724537843 ], [ 7.936280873655503, 52.609140593218726 ], [ 7.981651966178569, 52.589120397706431 ], [ 7.977183083124495, 52.567371296803898 ], [ 7.933317225789234, 52.573942031171676 ], [ 7.921480888717649, 52.587675455771446 ] ] ] }, { "type": "Polygon", "coordinates": [ [ [ 7.895935121215245, 52.407354939557628 ], [ 7.919093273465877, 52.433506379475851 ], [ 7.953379720244692, 52.414929176359237 ], [ 7.954904550032214, 52.410581407726006 ], [ 7.952417293337464, 52.366667971519114 ], [ 7.906038765330679, 52.331976472963341 ], [ 7.896406700582268, 52.330886619508085 ], [ 7.895935121215245, 52.407354939557628 ] ] ] }, { "type": "Polygon", "coordinates": [ [ [ 7.939355605475222, 51.477410708199081 ], [ 7.939011584633529, 51.47785874351478 ], [ 7.942373865928489, 51.530491933217426 ], [ 7.976444387355215, 51.527688313877967 ], [ 7.982052474373024, 51.478425367698385 ], [ 7.939355605475222, 51.477410708199081 ] ] ] }, { "type": "Polygon", "coordinates": [ [ [ 5.819149999273066, 49.548159999684287 ], [ 5.819149999273066, 50.10542031563218 ], [ 7.799316854981173, 51.353688121771221 ], [ 7.893442511352592, 51.393361899398556 ], [ 7.978530928190264, 51.354079413122122 ], [ 8.010225135939489, 51.316738220813228 ], [ 8.077019879963727, 51.166263206521315 ], [ 8.086733562714061, 51.122338099055185 ], [ 8.237062960841639, 49.548159999684287 ], [ 5.819149999273066, 49.548159999684287 ] ] ] }, { "type": "Polygon", "coordinates": [ [ [ 7.924467527052176, 52.606560724537843 ], [ 7.912573650427336, 52.627435449405603 ], [ 7.930033242496216, 52.663562212491989 ], [ 7.962541371607044, 52.650885173382775 ], [ 7.962295940780653, 52.630634523346515 ], [ 7.936280873655503, 52.609140593218726 ], [ 7.924467527052176, 52.606560724537843 ] ] ] }, { "type": "Polygon", "coordinates": [ [ [ 7.880356690215049, 51.652246749846633 ], [ 7.874451514311787, 51.671241140258473 ], [ 7.884967163444803, 51.664195753029787 ], [ 7.954153304912364, 51.591421734734794 ], [ 7.947117800583018, 51.575346572068106 ], [ 7.938826769014303, 51.570189756506693 ], [ 7.923011513075609, 51.578518062196473 ], [ 7.880356690215049, 51.652246749846633 ] ] ] }, { "type": "Polygon", "coordinates": [ [ [ 7.826567115989683, 52.271785973870259 ], [ 7.836594302114199, 52.278765768632674 ], [ 7.97342825403878, 52.265847493210238 ], [ 7.973869380979319, 52.258538006406354 ], [ 7.921625612222463, 52.236357589033517 ], [ 7.826567115989683, 52.271785973870259 ] ] ] }, { "type": "Polygon", "coordinates": [ [ [ 7.93252110299434, 52.511958909252634 ], [ 7.945227295887848, 52.515848560053641 ], [ 7.966626343253266, 52.504285425925246 ], [ 7.977879005737466, 52.474672439187984 ], [ 7.975449101297701, 52.471922003659955 ], [ 7.954841026193383, 52.469100165136723 ], [ 7.93252110299434, 52.511958909252634 ] ] ] }, { "type": "Polygon", "coordinates": [ [ [ 7.938826769014303, 51.570189756506693 ], [ 7.947117800583018, 51.575346572068106 ], [ 7.983180086488147, 51.563185312890766 ], [ 7.97686499300857, 51.528015565819338 ], [ 7.976444387355215, 51.527688313877967 ], [ 7.942373865928489, 51.530491933217426 ], [ 7.936649923409604, 51.535496280446793 ], [ 7.938826769014303, 51.570189756506693 ] ] ] }, { "type": "Polygon", "coordinates": [ [ [ 7.884967163444803, 51.664195753029787 ], [ 7.874451514311787, 51.671241140258473 ], [ 7.759545751986888, 51.845916359664194 ], [ 7.764595901391169, 51.846261577191505 ], [ 7.989457204807306, 51.639241519491414 ], [ 7.985632836484724, 51.620528727530491 ], [ 7.934620532621068, 51.637881829575434 ], [ 7.884967163444803, 51.664195753029787 ] ] ] }, { "type": "Polygon", "coordinates": [ [ [ 7.919093273465877, 52.433506379475851 ], [ 7.91983614239371, 52.442345719364525 ], [ 7.954841026193383, 52.469100165136723 ], [ 7.975449101297701, 52.471922003659955 ], [ 7.98680890764871, 52.442549096029197 ], [ 7.983927325046228, 52.428957632174338 ], [ 7.953379720244692, 52.414929176359237 ], [ 7.919093273465877, 52.433506379475851 ] ] ] }, { "type": "Polygon", "coordinates": [ [ [ 7.936280873655503, 52.609140593218726 ], [ 7.962295940780653, 52.630634523346515 ], [ 7.994519011789727, 52.605925712325401 ], [ 7.981651966178569, 52.589120397706431 ], [ 7.936280873655503, 52.609140593218726 ] ] ] }, { "type": "Polygon", "coordinates": [ [ [ 7.972153718018403, 52.203242000084167 ], [ 7.921625612222463, 52.236357589033517 ], [ 7.973869380979319, 52.258538006406354 ], [ 7.981056661179901, 52.238986352531526 ], [ 7.982098296106088, 52.229552065940887 ], [ 7.972153718018403, 52.203242000084167 ] ] ] }, { "type": "Polygon", "coordinates": [ [ [ 7.931854130233775, 52.547431740457846 ], [ 7.933317225789234, 52.573942031171676 ], [ 7.977183083124495, 52.567371296803898 ], [ 7.98483932259315, 52.547234058466742 ], [ 7.970123227595591, 52.540973830188385 ], [ 7.931854130233775, 52.547431740457846 ] ] ] }, { "type": "Polygon", "coordinates": [ [ [ 7.884967163444803, 51.664195753029787 ], [ 7.934620532621068, 51.637881829575434 ], [ 7.961425520357653, 51.598134746356202 ], [ 7.954153304912364, 51.591421734734794 ], [ 7.884967163444803, 51.664195753029787 ] ] ] }, { "type": "Polygon", "coordinates": [ [ [ 7.836594302114199, 52.278765768632674 ], [ 7.896406700582268, 52.330886619508085 ], [ 7.906038765330679, 52.331976472963341 ], [ 7.965484972968825, 52.311897349886337 ], [ 7.984187042820885, 52.290013694286507 ], [ 7.97342825403878, 52.265847493210238 ], [ 7.836594302114199, 52.278765768632674 ] ] ] }, { "type": "Polygon", "coordinates": [ [ [ 7.945227295887848, 52.515848560053641 ], [ 7.970123227595591, 52.540973830188385 ], [ 7.98483932259315, 52.547234058466742 ], [ 7.990460757650375, 52.543319901353613 ], [ 7.966626343253266, 52.504285425925246 ], [ 7.945227295887848, 52.515848560053641 ] ] ] }, { "type": "Polygon", "coordinates": [ [ [ 7.932993460853583, 52.139638469704607 ], [ 7.951108114182091, 52.145227676254358 ], [ 7.984912276550909, 52.120081901289943 ], [ 7.975734511093705, 51.990788113170559 ], [ 7.932993460853583, 52.139638469704607 ] ] ] }, { "type": "Polygon", "coordinates": [ [ [ 7.954153304912364, 51.591421734734794 ], [ 7.961425520357653, 51.598134746356202 ], [ 7.987763422720279, 51.612562177440523 ], [ 7.988693405200555, 51.611788003335441 ], [ 7.991097492909176, 51.568829094419598 ], [ 7.983180086488147, 51.563185312890766 ], [ 7.947117800583018, 51.575346572068106 ], [ 7.954153304912364, 51.591421734734794 ] ] ] }, { "type": "Polygon", "coordinates": [ [ [ 7.973869380979319, 52.258538006406354 ], [ 7.97342825403878, 52.265847493210238 ], [ 7.984187042820885, 52.290013694286507 ], [ 8.010890240092015, 52.290239630984885 ], [ 8.01873690018656, 52.282750119392567 ], [ 8.023264865830754, 52.266800079583518 ], [ 7.981056661179901, 52.238986352531526 ], [ 7.973869380979319, 52.258538006406354 ] ] ] }, { "type": "Polygon", "coordinates": [ [ [ 7.934620532621068, 51.637881829575434 ], [ 7.985632836484724, 51.620528727530491 ], [ 7.987763422720279, 51.612562177440523 ], [ 7.961425520357653, 51.598134746356202 ], [ 7.934620532621068, 51.637881829575434 ] ] ] }, { "type": "Polygon", "coordinates": [ [ [ 7.990460757650375, 52.543319901353613 ], [ 7.98483932259315, 52.547234058466742 ], [ 7.977183083124495, 52.567371296803898 ], [ 7.981651966178569, 52.589120397706431 ], [ 7.994519011789727, 52.605925712325401 ], [ 8.005553064479544, 52.610808542896571 ], [ 8.019887477648638, 52.606113239842941 ], [ 8.053748886357099, 52.578869000100525 ], [ 8.053638858029274, 52.569674207264072 ], [ 7.999328584268409, 52.539524533146427 ], [ 7.990460757650375, 52.543319901353613 ] ] ] }, { "type": "Polygon", "coordinates": [ [ [ 7.952417293337464, 52.366667971519114 ], [ 7.954904550032214, 52.410581407726006 ], [ 8.002472793798086, 52.381331187010041 ], [ 7.992554234512242, 52.369795524925522 ], [ 7.952417293337464, 52.366667971519114 ] ] ] }, { "type": "Polygon", "coordinates": [ [ [ 8.944946300020936, 54.501499999925159 ], [ 8.933391438227536, 54.428098475290497 ], [ 8.620021742490346, 53.265800749757865 ], [ 8.237160275317779, 52.58096126755418 ], [ 8.226439190665879, 52.57504594722316 ], [ 8.175766320405197, 52.632859589886458 ], [ 8.169306742608162, 52.742812155388116 ], [ 8.176486182045313, 53.044710905627994 ], [ 8.509698031632457, 54.501499999925159 ], [ 8.944946300020936, 54.501499999925159 ] ] ] }, { "type": "Polygon", "coordinates": [ [ [ 8.002584614139653, 52.673576016600045 ], [ 8.120521983791974, 52.882403702588377 ], [ 8.088697608498029, 52.709550404538987 ], [ 8.019887477648638, 52.606113239842941 ], [ 8.005553064479544, 52.610808542896571 ], [ 8.002584614139653, 52.673576016600045 ] ] ] }, { "type": "Polygon", "coordinates": [ [ [ 7.926253735543173, 51.426475239514588 ], [ 7.939355605475222, 51.477410708199081 ], [ 7.982052474373024, 51.478425367698385 ], [ 7.99651604429586, 51.468832002685019 ], [ 7.977388196331781, 51.44008940380342 ], [ 7.926253735543173, 51.426475239514588 ] ] ] }, { "type": "Polygon", "coordinates": [ [ [ 7.926253735543173, 51.426475239514588 ], [ 7.977388196331781, 51.44008940380342 ], [ 7.984799694022619, 51.413640131258084 ], [ 7.976808673538069, 51.39985342503153 ], [ 7.966895601189155, 51.3967572568584 ], [ 7.909111549566268, 51.402642454581915 ], [ 7.926253735543173, 51.426475239514588 ] ] ] }, { "type": "Polygon", "coordinates": [ [ [ 7.893442511352592, 51.393361899398556 ], [ 7.909111549566268, 51.402642454581915 ], [ 7.966895601189155, 51.3967572568584 ], [ 7.978530928190264, 51.354079413122122 ], [ 7.893442511352592, 51.393361899398556 ] ] ] }, { "type": "Polygon", "coordinates": [ [ [ 7.994519011789727, 52.605925712325401 ], [ 7.962295940780653, 52.630634523346515 ], [ 7.962541371607044, 52.650885173382775 ], [ 8.002584614139653, 52.673576016600045 ], [ 8.005553064479544, 52.610808542896571 ], [ 7.994519011789727, 52.605925712325401 ] ] ] }, { "type": "Polygon", "coordinates": [ [ [ 7.982052474373024, 51.478425367698385 ], [ 7.976444387355215, 51.527688313877967 ], [ 7.97686499300857, 51.528015565819338 ], [ 8.028438327364503, 51.528002245645382 ], [ 8.029678535371939, 51.525471792361486 ], [ 8.015173495267407, 51.467915882822687 ], [ 7.99651604429586, 51.468832002685019 ], [ 7.982052474373024, 51.478425367698385 ] ] ] }, { "type": "Polygon", "coordinates": [ [ [ 7.977388196331781, 51.44008940380342 ], [ 7.99651604429586, 51.468832002685019 ], [ 8.015173495267407, 51.467915882822687 ], [ 8.015174672443134, 51.46791491846173 ], [ 8.007652987292273, 51.418501389104421 ], [ 7.984799694022619, 51.413640131258084 ], [ 7.977388196331781, 51.44008940380342 ] ] ] }, { "type": "Polygon", "coordinates": [ [ [ 8.010225135939489, 51.316738220813228 ], [ 7.978530928190264, 51.354079413122122 ], [ 7.966895601189155, 51.3967572568584 ], [ 7.976808673538069, 51.39985342503153 ], [ 8.000365357594523, 51.384264968348511 ], [ 8.010225135939489, 51.316738220813228 ] ] ] }, { "type": "Polygon", "coordinates": [ [ [ 7.988693405200555, 51.611788003335441 ], [ 7.987763422720279, 51.612562177440523 ], [ 7.985632836484724, 51.620528727530491 ], [ 7.989457204807306, 51.639241519491414 ], [ 8.0140459914148, 51.662467735978154 ], [ 8.0330395848816, 51.644483395574653 ], [ 8.034917374137869, 51.64048503960835 ], [ 8.031577329494741, 51.621064646055224 ], [ 8.012414328889635, 51.608246882453507 ], [ 7.988693405200555, 51.611788003335441 ] ] ] }, { "type": "Polygon", "coordinates": [ [ [ 7.906038765330679, 52.331976472963341 ], [ 7.952417293337464, 52.366667971519114 ], [ 7.992554234512242, 52.369795524925522 ], [ 7.995118746290633, 52.343466937241594 ], [ 7.965484972968825, 52.311897349886337 ], [ 7.906038765330679, 52.331976472963341 ] ] ] }, { "type": "Polygon", "coordinates": [ [ [ 7.951108114182091, 52.145227676254358 ], [ 7.976187442469973, 52.183217265270649 ], [ 8.020023383137769, 52.184707335451208 ], [ 8.034641495190275, 52.135746034391573 ], [ 8.033564708207214, 52.119949494722412 ], [ 8.013992015960561, 52.113289169053225 ], [ 7.984912276550909, 52.120081901289943 ], [ 7.951108114182091, 52.145227676254358 ] ] ] }, { "type": "Polygon", "coordinates": [ [ [ 7.953379720244692, 52.414929176359237 ], [ 7.983927325046228, 52.428957632174338 ], [ 8.017733941108183, 52.391306831906611 ], [ 8.002472793798086, 52.381331187010041 ], [ 7.954904550032214, 52.410581407726006 ], [ 7.953379720244692, 52.414929176359237 ] ] ] }, { "type": "Polygon", "coordinates": [ [ [ 7.977879005737466, 52.474672439187984 ], [ 7.966626343253266, 52.504285425925246 ], [ 7.990460757650375, 52.543319901353613 ], [ 7.999328584268409, 52.539524533146427 ], [ 8.007250992944339, 52.515039404549327 ], [ 7.982580037936786, 52.477169324407427 ], [ 7.977879005737466, 52.474672439187984 ] ] ] }, { "type": "Polygon", "coordinates": [ [ [ 7.982098296106088, 52.229552065940887 ], [ 7.981056661179901, 52.238986352531526 ], [ 8.023264865830754, 52.266800079583518 ], [ 8.033681311654535, 52.249296548188454 ], [ 8.023236472291629, 52.236859505425279 ], [ 7.982098296106088, 52.229552065940887 ] ] ] }, { "type": "Polygon", "coordinates": [ [ [ 7.764595901391169, 51.846261577191505 ], [ 7.821050348000028, 51.853103498553438 ], [ 8.01411992085211, 51.667647953921666 ], [ 8.0140459914148, 51.662467735978154 ], [ 7.989457204807306, 51.639241519491414 ], [ 7.764595901391169, 51.846261577191505 ] ] ] }, { "type": "Polygon", "coordinates": [ [ [ 7.975449101297701, 52.471922003659955 ], [ 7.977879005737466, 52.474672439187984 ], [ 7.982580037936786, 52.477169324407427 ], [ 8.052043189558471, 52.459755892075769 ], [ 8.055427818600101, 52.44601720129738 ], [ 7.98680890764871, 52.442549096029197 ], [ 7.975449101297701, 52.471922003659955 ] ] ] }, { "type": "Polygon", "coordinates": [ [ [ 7.984187042820885, 52.290013694286507 ], [ 7.965484972968825, 52.311897349886337 ], [ 7.995118746290633, 52.343466937241594 ], [ 8.010403649271353, 52.334054260911749 ], [ 8.016745285158665, 52.303992252843294 ], [ 8.010890240092015, 52.290239630984885 ], [ 7.984187042820885, 52.290013694286507 ] ] ] }, { "type": "Polygon", "coordinates": [ [ [ 7.992554234512242, 52.369795524925522 ], [ 8.002472793798086, 52.381331187010041 ], [ 8.017733941108183, 52.391306831906611 ], [ 8.020035774726699, 52.391588132389217 ], [ 8.044150694792606, 52.364143460740898 ], [ 8.038033095849995, 52.345679434914089 ], [ 8.010403649271353, 52.334054260911749 ], [ 7.995118746290633, 52.343466937241594 ], [ 7.992554234512242, 52.369795524925522 ] ] ] }, { "type": "Polygon", "coordinates": [ [ [ 7.983927325046228, 52.428957632174338 ], [ 7.98680890764871, 52.442549096029197 ], [ 8.055427818600101, 52.44601720129738 ], [ 8.057320822458067, 52.442452740993225 ], [ 8.056925627484297, 52.440908747403213 ], [ 8.020035774726699, 52.391588132389217 ], [ 8.017733941108183, 52.391306831906611 ], [ 7.983927325046228, 52.428957632174338 ] ] ] }, { "type": "Polygon", "coordinates": [ [ [ 7.975734511093705, 51.990788113170559 ], [ 7.984912276550909, 52.120081901289943 ], [ 8.013992015960561, 52.113289169053225 ], [ 8.026318845854018, 51.982383204830043 ], [ 8.006027598127664, 51.941497904007726 ], [ 7.984273979290796, 51.911612926664098 ], [ 7.975734511093705, 51.990788113170559 ] ] ] }, { "type": "Polygon", "coordinates": [ [ [ 8.077019879963727, 51.166263206521315 ], [ 8.010225135939489, 51.316738220813228 ], [ 8.000365357594523, 51.384264968348511 ], [ 8.021043139178248, 51.403631907660625 ], [ 8.031071017923205, 51.402733283806995 ], [ 8.038684198749797, 51.397368398778582 ], [ 8.069439040650515, 51.293546783357293 ], [ 8.077019879963727, 51.166263206521315 ] ] ] }, { "type": "Polygon", "coordinates": [ [ [ 7.821050348000028, 51.853103498553438 ], [ 7.972176927244938, 51.885873727817874 ], [ 8.037771923733224, 51.856269402233458 ], [ 8.079013282236501, 51.821224875634002 ], [ 8.068451929297902, 51.712483953096402 ], [ 8.01411992085211, 51.667647953921666 ], [ 7.821050348000028, 51.853103498553438 ] ] ] }, { "type": "Polygon", "coordinates": [ [ [ 8.007652987292273, 51.418501389104421 ], [ 8.021043139178248, 51.403631907660625 ], [ 8.000365357594523, 51.384264968348511 ], [ 7.976808673538069, 51.39985342503153 ], [ 7.984799694022619, 51.413640131258084 ], [ 8.007652987292273, 51.418501389104421 ] ] ] }, { "type": "Polygon", "coordinates": [ [ [ 8.021043139178248, 51.403631907660625 ], [ 8.007652987292273, 51.418501389104421 ], [ 8.015174672443134, 51.46791491846173 ], [ 8.041483225599036, 51.458346156704231 ], [ 8.031071017923205, 51.402733283806995 ], [ 8.021043139178248, 51.403631907660625 ] ] ] }, { "type": "Polygon", "coordinates": [ [ [ 7.97686499300857, 51.528015565819338 ], [ 7.983180086488147, 51.563185312890766 ], [ 7.991097492909176, 51.568829094419598 ], [ 8.018444349720641, 51.562294889793968 ], [ 8.026541937310657, 51.553574226666242 ], [ 8.028917442679203, 51.532077604310402 ], [ 8.028438327364503, 51.528002245645382 ], [ 7.97686499300857, 51.528015565819338 ] ] ] }, { "type": "Polygon", "coordinates": [ [ [ 8.026541937310657, 51.553574226666242 ], [ 8.018444349720641, 51.562294889793968 ], [ 8.022156798216091, 51.591442918041686 ], [ 8.07309731195619, 51.589897705778512 ], [ 8.072895032951278, 51.588178918958697 ], [ 8.026541937310657, 51.553574226666242 ] ] ] }, { "type": "Polygon", "coordinates": [ [ [ 7.991097492909176, 51.568829094419598 ], [ 7.988693405200555, 51.611788003335441 ], [ 8.012414328889635, 51.608246882453507 ], [ 8.022156798216091, 51.591442918041686 ], [ 8.018444349720641, 51.562294889793968 ], [ 7.991097492909176, 51.568829094419598 ] ] ] }, { "type": "Polygon", "coordinates": [ [ [ 7.976187442469973, 52.183217265270649 ], [ 7.972153718018403, 52.203242000084167 ], [ 7.982098296106088, 52.229552065940887 ], [ 8.023236472291629, 52.236859505425279 ], [ 8.026399343204252, 52.188128557607975 ], [ 8.020023383137769, 52.184707335451208 ], [ 7.976187442469973, 52.183217265270649 ] ] ] }, { "type": "Polygon", "coordinates": [ [ [ 8.010890240092015, 52.290239630984885 ], [ 8.016745285158665, 52.303992252843294 ], [ 8.044708233137143, 52.322261379121315 ], [ 8.073654311181775, 52.308081387177353 ], [ 8.06594542067009, 52.29205623861349 ], [ 8.01873690018656, 52.282750119392567 ], [ 8.010890240092015, 52.290239630984885 ] ] ] }, { "type": "Polygon", "coordinates": [ [ [ 8.028438327364503, 51.528002245645382 ], [ 8.028917442679203, 51.532077604310402 ], [ 8.075076117784548, 51.554821972876638 ], [ 8.065380986756249, 51.515022096534381 ], [ 8.029678535371939, 51.525471792361486 ], [ 8.028438327364503, 51.528002245645382 ] ] ] }, { "type": "Polygon", "coordinates": [ [ [ 8.052043189558471, 52.459755892075769 ], [ 7.982580037936786, 52.477169324407427 ], [ 8.007250992944339, 52.515039404549327 ], [ 8.040959072949839, 52.496473880983125 ], [ 8.052918923753245, 52.470074813600242 ], [ 8.052043189558471, 52.459755892075769 ] ] ] }, { "type": "Polygon", "coordinates": [ [ [ 8.057320822458067, 52.442452740993225 ], [ 8.055427818600101, 52.44601720129738 ], [ 8.052043189558471, 52.459755892075769 ], [ 8.052918923753245, 52.470074813600242 ], [ 8.119452277936482, 52.5259223215213 ], [ 8.136568535869561, 52.525064495470986 ], [ 8.152994021218818, 52.448438203790801 ], [ 8.14734580982771, 52.44395594114696 ], [ 8.057320822458067, 52.442452740993225 ] ] ] }, { "type": "Polygon", "coordinates": [ [ [ 8.016745285158665, 52.303992252843294 ], [ 8.010403649271353, 52.334054260911749 ], [ 8.038033095849995, 52.345679434914089 ], [ 8.044708233137143, 52.322261379121315 ], [ 8.016745285158665, 52.303992252843294 ] ] ] }, { "type": "Polygon", "coordinates": [ [ [ 8.015174672443134, 51.46791491846173 ], [ 8.015173495267407, 51.467915882822687 ], [ 8.029678535371939, 51.525471792361486 ], [ 8.065380986756249, 51.515022096534381 ], [ 8.065793153536427, 51.514706336973248 ], [ 8.07027046208254, 51.504658928439518 ], [ 8.0647118510359, 51.457410734543039 ], [ 8.041483225599036, 51.458346156704231 ], [ 8.015174672443134, 51.46791491846173 ] ] ] }, { "type": "Polygon", "coordinates": [ [ [ 8.040959072949839, 52.496473880983125 ], [ 8.007250992944339, 52.515039404549327 ], [ 7.999328584268409, 52.539524533146427 ], [ 8.053638858029274, 52.569674207264072 ], [ 8.067870638069497, 52.551028846974894 ], [ 8.040959072949839, 52.496473880983125 ] ] ] }, { "type": "Polygon", "coordinates": [ [ [ 8.006027598127664, 51.941497904007726 ], [ 8.026318845854018, 51.982383204830043 ], [ 8.075816209966201, 52.048792674980746 ], [ 8.114668397932967, 52.064571158204046 ], [ 8.116017975785971, 52.06419746618554 ], [ 8.154605840616682, 52.00897690099675 ], [ 8.006027598127664, 51.941497904007726 ] ] ] }, { "type": "Polygon", "coordinates": [ [ [ 7.984273979290796, 51.911612926664098 ], [ 8.006027598127664, 51.941497904007726 ], [ 8.154605840616682, 52.00897690099675 ], [ 8.169831966347139, 52.005994344365504 ], [ 8.187462820827697, 51.98752041481211 ], [ 8.183764555796406, 51.966442297742653 ], [ 8.164787791663768, 51.939362451083291 ], [ 8.037771923733224, 51.856269402233458 ], [ 7.972176927244938, 51.885873727817874 ], [ 7.984273979290796, 51.911612926664098 ] ] ] }, { "type": "Polygon", "coordinates": [ [ [ 8.022156798216091, 51.591442918041686 ], [ 8.012414328889635, 51.608246882453507 ], [ 8.031577329494741, 51.621064646055224 ], [ 8.074486717029101, 51.593460408225091 ], [ 8.07309731195619, 51.589897705778512 ], [ 8.022156798216091, 51.591442918041686 ] ] ] }, { "type": "Polygon", "coordinates": [ [ [ 8.026318845854018, 51.982383204830043 ], [ 8.013992015960561, 52.113289169053225 ], [ 8.033564708207214, 52.119949494722412 ], [ 8.057002039313099, 52.111429676401876 ], [ 8.075816209966201, 52.048792674980746 ], [ 8.026318845854018, 51.982383204830043 ] ] ] }, { "type": "Polygon", "coordinates": [ [ [ 8.0140459914148, 51.662467735978154 ], [ 8.01411992085211, 51.667647953921666 ], [ 8.068451929297902, 51.712483953096402 ], [ 8.078977847296169, 51.680988230743921 ], [ 8.0330395848816, 51.644483395574653 ], [ 8.0140459914148, 51.662467735978154 ] ] ] }, { "type": "Polygon", "coordinates": [ [ [ 8.044708233137143, 52.322261379121315 ], [ 8.038033095849995, 52.345679434914089 ], [ 8.044150694792606, 52.364143460740898 ], [ 8.083483131323288, 52.361387029277253 ], [ 8.08572148902312, 52.314912797268647 ], [ 8.073654311181775, 52.308081387177353 ], [ 8.044708233137143, 52.322261379121315 ] ] ] }, { "type": "Polygon", "coordinates": [ [ [ 8.023236472291629, 52.236859505425279 ], [ 8.033681311654535, 52.249296548188454 ], [ 8.060064592711321, 52.243689116178501 ], [ 8.057852119429461, 52.226178093714076 ], [ 8.035943181525045, 52.18932079967346 ], [ 8.026399343204252, 52.188128557607975 ], [ 8.023236472291629, 52.236859505425279 ] ] ] }, { "type": "Polygon", "coordinates": [ [ [ 8.077019879963727, 51.166263206521315 ], [ 8.069439040650515, 51.293546783357293 ], [ 8.082253093233678, 51.371369545084789 ], [ 8.109728268853225, 51.412543002949342 ], [ 8.147677089081041, 51.417199251770334 ], [ 8.086733562714061, 51.122338099055185 ], [ 8.077019879963727, 51.166263206521315 ] ] ] }, { "type": "Polygon", "coordinates": [ [ [ 8.038684198749797, 51.397368398778582 ], [ 8.031071017923205, 51.402733283806995 ], [ 8.041483225599036, 51.458346156704231 ], [ 8.0647118510359, 51.457410734543039 ], [ 8.06641683969646, 51.456388463305657 ], [ 8.074408167560174, 51.427987192820879 ], [ 8.069983485142467, 51.418134390671462 ], [ 8.038684198749797, 51.397368398778582 ] ] ] }, { "type": "Polygon", "coordinates": [ [ [ 8.020023383137769, 52.184707335451208 ], [ 8.026399343204252, 52.188128557607975 ], [ 8.035943181525045, 52.18932079967346 ], [ 8.074600554464929, 52.174015765730374 ], [ 8.034641495190275, 52.135746034391573 ], [ 8.020023383137769, 52.184707335451208 ] ] ] }, { "type": "Polygon", "coordinates": [ [ [ 8.120521983791974, 52.882403702588377 ], [ 8.176486182045313, 53.044710905627994 ], [ 8.169306742608162, 52.742812155388116 ], [ 8.126994870288339, 52.603596750208339 ], [ 8.103443156287929, 52.601035554116287 ], [ 8.082345378144257, 52.610853617717822 ], [ 8.088697608498029, 52.709550404538987 ], [ 8.120521983791974, 52.882403702588377 ] ] ] }, { "type": "Polygon", "coordinates": [ [ [ 8.053638858029274, 52.569674207264072 ], [ 8.053748886357099, 52.578869000100525 ], [ 8.082345378144257, 52.610853617717822 ], [ 8.103443156287929, 52.601035554116287 ], [ 8.136596512672613, 52.525098582737947 ], [ 8.136568535869561, 52.525064495470986 ], [ 8.119452277936482, 52.5259223215213 ], [ 8.067870638069497, 52.551028846974894 ], [ 8.053638858029274, 52.569674207264072 ] ] ] }, { "type": "Polygon", "coordinates": [ [ [ 8.053748886357099, 52.578869000100525 ], [ 8.019887477648638, 52.606113239842941 ], [ 8.088697608498029, 52.709550404538987 ], [ 8.082345378144257, 52.610853617717822 ], [ 8.053748886357099, 52.578869000100525 ] ] ] }, { "type": "Polygon", "coordinates": [ [ [ 8.023264865830754, 52.266800079583518 ], [ 8.01873690018656, 52.282750119392567 ], [ 8.06594542067009, 52.29205623861349 ], [ 8.073370070441818, 52.250718470518571 ], [ 8.060064592711321, 52.243689116178501 ], [ 8.033681311654535, 52.249296548188454 ], [ 8.023264865830754, 52.266800079583518 ] ] ] }, { "type": "Polygon", "coordinates": [ [ [ 8.072895032951278, 51.588178918958697 ], [ 8.07309731195619, 51.589897705778512 ], [ 8.074486717029101, 51.593460408225091 ], [ 8.080886796903487, 51.600270304152531 ], [ 8.087018171030506, 51.601138026038875 ], [ 8.137256471400185, 51.587886696650834 ], [ 8.139925199796874, 51.574889040579961 ], [ 8.113600470042922, 51.550944204904901 ], [ 8.10394321860141, 51.546351601671724 ], [ 8.081622996450127, 51.563652646433134 ], [ 8.072895032951278, 51.588178918958697 ] ] ] }, { "type": "Polygon", "coordinates": [ [ [ 8.044150694792606, 52.364143460740898 ], [ 8.020035774726699, 52.391588132389217 ], [ 8.056925627484297, 52.440908747403213 ], [ 8.093612493636154, 52.371251922534931 ], [ 8.083483131323288, 52.361387029277253 ], [ 8.044150694792606, 52.364143460740898 ] ] ] }, { "type": "Polygon", "coordinates": [ [ [ 8.034917374137869, 51.64048503960835 ], [ 8.0330395848816, 51.644483395574653 ], [ 8.078977847296169, 51.680988230743921 ], [ 8.086302667921336, 51.668576125696042 ], [ 8.074462328905151, 51.63604037017425 ], [ 8.034917374137869, 51.64048503960835 ] ] ] }, { "type": "Polygon", "coordinates": [ [ [ 8.033564708207214, 52.119949494722412 ], [ 8.034641495190275, 52.135746034391573 ], [ 8.074600554464929, 52.174015765730374 ], [ 8.082329651813691, 52.173073316972662 ], [ 8.077333918544012, 52.126621394896993 ], [ 8.057002039313099, 52.111429676401876 ], [ 8.033564708207214, 52.119949494722412 ] ] ] }, { "type": "Polygon", "coordinates": [ [ [ 8.031577329494741, 51.621064646055224 ], [ 8.034917374137869, 51.64048503960835 ], [ 8.074462328905151, 51.63604037017425 ], [ 8.080886796903487, 51.600270304152531 ], [ 8.074486717029101, 51.593460408225091 ], [ 8.031577329494741, 51.621064646055224 ] ] ] }, { "type": "Polygon", "coordinates": [ [ [ 8.065793153536427, 51.514706336973248 ], [ 8.065380986756249, 51.515022096534381 ], [ 8.075076117784548, 51.554821972876638 ], [ 8.081622996450127, 51.563652646433134 ], [ 8.10394321860141, 51.546351601671724 ], [ 8.103350782906425, 51.534530387173881 ], [ 8.065793153536427, 51.514706336973248 ] ] ] }, { "type": "Polygon", "coordinates": [ [ [ 8.028917442679203, 51.532077604310402 ], [ 8.026541937310657, 51.553574226666242 ], [ 8.072895032951278, 51.588178918958697 ], [ 8.081622996450127, 51.563652646433134 ], [ 8.075076117784548, 51.554821972876638 ], [ 8.028917442679203, 51.532077604310402 ] ] ] }, { "type": "Polygon", "coordinates": [ [ [ 8.06594542067009, 52.29205623861349 ], [ 8.073654311181775, 52.308081387177353 ], [ 8.08572148902312, 52.314912797268647 ], [ 8.109176100134858, 52.30631091031632 ], [ 8.113659852588775, 52.295860255771103 ], [ 8.103756528102434, 52.266519679278446 ], [ 8.076044734951953, 52.250174853377523 ], [ 8.073370070441818, 52.250718470518571 ], [ 8.06594542067009, 52.29205623861349 ] ] ] }, { "type": "Polygon", "coordinates": [ [ [ 8.074600554464929, 52.174015765730374 ], [ 8.035943181525045, 52.18932079967346 ], [ 8.057852119429461, 52.226178093714076 ], [ 8.087877064954208, 52.192255549144257 ], [ 8.087251257350383, 52.175840922063699 ], [ 8.082329651813691, 52.173073316972662 ], [ 8.074600554464929, 52.174015765730374 ] ] ] }, { "type": "Polygon", "coordinates": [ [ [ 8.078977847296169, 51.680988230743921 ], [ 8.068451929297902, 51.712483953096402 ], [ 8.079013282236501, 51.821224875634002 ], [ 8.164577175419129, 51.792058257620006 ], [ 8.166497122124369, 51.790883529230513 ], [ 8.193458099312988, 51.74454985398858 ], [ 8.116739988183499, 51.66078907549597 ], [ 8.114857259942466, 51.659180572015813 ], [ 8.086302667921336, 51.668576125696042 ], [ 8.078977847296169, 51.680988230743921 ] ] ] }, { "type": "Polygon", "coordinates": [ [ [ 8.082329651813691, 52.173073316972662 ], [ 8.087251257350383, 52.175840922063699 ], [ 8.102352363930482, 52.173197635602499 ], [ 8.123905177768973, 52.151644821764009 ], [ 8.12361762604684, 52.142132179869641 ], [ 8.078738336892862, 52.126197064322284 ], [ 8.077333918544012, 52.126621394896993 ], [ 8.082329651813691, 52.173073316972662 ] ] ] }, { "type": "Polygon", "coordinates": [ [ [ 8.075816209966201, 52.048792674980746 ], [ 8.057002039313099, 52.111429676401876 ], [ 8.077333918544012, 52.126621394896993 ], [ 8.078738336892862, 52.126197064322284 ], [ 8.117094690921187, 52.104181299151939 ], [ 8.114668397932967, 52.064571158204046 ], [ 8.075816209966201, 52.048792674980746 ] ] ] }, { "type": "Polygon", "coordinates": [ [ [ 8.060064592711321, 52.243689116178501 ], [ 8.073370070441818, 52.250718470518571 ], [ 8.076044734951953, 52.250174853377523 ], [ 8.09834818766001, 52.226808633890691 ], [ 8.09845655029128, 52.221048026319032 ], [ 8.087877064954208, 52.192255549144257 ], [ 8.057852119429461, 52.226178093714076 ], [ 8.060064592711321, 52.243689116178501 ] ] ] }, { "type": "Polygon", "coordinates": [ [ [ 8.052918923753245, 52.470074813600242 ], [ 8.040959072949839, 52.496473880983125 ], [ 8.067870638069497, 52.551028846974894 ], [ 8.119452277936482, 52.5259223215213 ], [ 8.052918923753245, 52.470074813600242 ] ] ] }, { "type": "Polygon", "coordinates": [ [ [ 8.080886796903487, 51.600270304152531 ], [ 8.074462328905151, 51.63604037017425 ], [ 8.086302667921336, 51.668576125696042 ], [ 8.114857259942466, 51.659180572015813 ], [ 8.117679051032392, 51.653601293291125 ], [ 8.114253976125985, 51.629978466198516 ], [ 8.087018171030506, 51.601138026038875 ], [ 8.080886796903487, 51.600270304152531 ] ] ] }, { "type": "Polygon", "coordinates": [ [ [ 8.069983485142467, 51.418134390671462 ], [ 8.074408167560174, 51.427987192820879 ], [ 8.109728268853225, 51.412543002949342 ], [ 8.082253093233678, 51.371369545084789 ], [ 8.069983485142467, 51.418134390671462 ] ] ] }, { "type": "Polygon", "coordinates": [ [ [ 8.082253093233678, 51.371369545084789 ], [ 8.069439040650515, 51.293546783357293 ], [ 8.038684198749797, 51.397368398778582 ], [ 8.069983485142467, 51.418134390671462 ], [ 8.082253093233678, 51.371369545084789 ] ] ] }, { "type": "Polygon", "coordinates": [ [ [ 8.083483131323288, 52.361387029277253 ], [ 8.093612493636154, 52.371251922534931 ], [ 8.126848347000083, 52.378427408795361 ], [ 8.133951539171766, 52.369657903879407 ], [ 8.13378936055117, 52.326680505080937 ], [ 8.109176100134858, 52.30631091031632 ], [ 8.08572148902312, 52.314912797268647 ], [ 8.083483131323288, 52.361387029277253 ] ] ] }, { "type": "Polygon", "coordinates": [ [ [ 8.07027046208254, 51.504658928439518 ], [ 8.065793153536427, 51.514706336973248 ], [ 8.103350782906425, 51.534530387173881 ], [ 8.114950421072853, 51.512292099976349 ], [ 8.109384534267752, 51.500932975331196 ], [ 8.07027046208254, 51.504658928439518 ] ] ] }, { "type": "Polygon", "coordinates": [ [ [ 8.06641683969646, 51.456388463305657 ], [ 8.0647118510359, 51.457410734543039 ], [ 8.07027046208254, 51.504658928439518 ], [ 8.109384534267752, 51.500932975331196 ], [ 8.11200030574866, 51.467805042440482 ], [ 8.06641683969646, 51.456388463305657 ] ] ] }, { "type": "Polygon", "coordinates": [ [ [ 8.06641683969646, 51.456388463305657 ], [ 8.11200030574866, 51.467805042440482 ], [ 8.142011701782966, 51.452950969106347 ], [ 8.159320128189028, 51.436253965166038 ], [ 8.161664808629858, 51.433040628224653 ], [ 8.147677089081041, 51.417199251770334 ], [ 8.109728268853225, 51.412543002949342 ], [ 8.074408167560174, 51.427987192820879 ], [ 8.06641683969646, 51.456388463305657 ] ] ] }, { "type": "Polygon", "coordinates": [ [ [ 8.09834818766001, 52.226808633890691 ], [ 8.076044734951953, 52.250174853377523 ], [ 8.103756528102434, 52.266519679278446 ], [ 8.13925848364584, 52.242588607522556 ], [ 8.139182230208021, 52.24222134855254 ], [ 8.09834818766001, 52.226808633890691 ] ] ] }, { "type": "Polygon", "coordinates": [ [ [ 8.056925627484297, 52.440908747403213 ], [ 8.057320822458067, 52.442452740993225 ], [ 8.14734580982771, 52.44395594114696 ], [ 8.126848347000083, 52.378427408795361 ], [ 8.093612493636154, 52.371251922534931 ], [ 8.056925627484297, 52.440908747403213 ] ] ] }, { "type": "Polygon", "coordinates": [ [ [ 8.087251257350383, 52.175840922063699 ], [ 8.087877064954208, 52.192255549144257 ], [ 8.09845655029128, 52.221048026319032 ], [ 8.137191076955281, 52.199507030269281 ], [ 8.102352363930482, 52.173197635602499 ], [ 8.087251257350383, 52.175840922063699 ] ] ] }, { "type": "Polygon", "coordinates": [ [ [ 8.109384534267752, 51.500932975331196 ], [ 8.114950421072853, 51.512292099976349 ], [ 8.145612415402759, 51.5157580316734 ], [ 8.142011701782966, 51.452950969106347 ], [ 8.11200030574866, 51.467805042440482 ], [ 8.109384534267752, 51.500932975331196 ] ] ] }, { "type": "Polygon", "coordinates": [ [ [ 8.14734580982771, 52.44395594114696 ], [ 8.152994021218818, 52.448438203790801 ], [ 8.210147188164214, 52.436003121274517 ], [ 8.224162541628299, 52.407075106483546 ], [ 8.220802106987579, 52.399576477309097 ], [ 8.199894437162047, 52.369112831674549 ], [ 8.17060965521476, 52.359912745497198 ], [ 8.133951539171766, 52.369657903879407 ], [ 8.126848347000083, 52.378427408795361 ], [ 8.14734580982771, 52.44395594114696 ] ] ] }, { "type": "Polygon", "coordinates": [ [ [ 8.113659852588775, 52.295860255771103 ], [ 8.109176100134858, 52.30631091031632 ], [ 8.13378936055117, 52.326680505080937 ], [ 8.135834600347337, 52.325847675766084 ], [ 8.166109851112248, 52.289645174646111 ], [ 8.157525906858902, 52.273185897891594 ], [ 8.15623380944602, 52.272424233327548 ], [ 8.113659852588775, 52.295860255771103 ] ] ] }, { "type": "Polygon", "coordinates": [ [ [ 8.117094690921187, 52.104181299151939 ], [ 8.078738336892862, 52.126197064322284 ], [ 8.12361762604684, 52.142132179869641 ], [ 8.129192521584605, 52.119481381176918 ], [ 8.117094690921187, 52.104181299151939 ] ] ] }, { "type": "Polygon", "coordinates": [ [ [ 8.10394321860141, 51.546351601671724 ], [ 8.113600470042922, 51.550944204904901 ], [ 8.153613980287076, 51.521808530041362 ], [ 8.145612415402759, 51.5157580316734 ], [ 8.114950421072853, 51.512292099976349 ], [ 8.103350782906425, 51.534530387173881 ], [ 8.10394321860141, 51.546351601671724 ] ] ] }, { "type": "Polygon", "coordinates": [ [ [ 8.123905177768973, 52.151644821764009 ], [ 8.102352363930482, 52.173197635602499 ], [ 8.137191076955281, 52.199507030269281 ], [ 8.152261822088148, 52.204650029520494 ], [ 8.156480839687543, 52.202279475504149 ], [ 8.185242511112813, 52.170687172671862 ], [ 8.123905177768973, 52.151644821764009 ] ] ] }, { "type": "Polygon", "coordinates": [ [ [ 8.137256471400185, 51.587886696650834 ], [ 8.087018171030506, 51.601138026038875 ], [ 8.114253976125985, 51.629978466198516 ], [ 8.142723830240534, 51.610512398803898 ], [ 8.144023605890734, 51.599082094368541 ], [ 8.137256471400185, 51.587886696650834 ] ] ] }, { "type": "Polygon", "coordinates": [ [ [ 8.237062960841639, 49.548159999684287 ], [ 8.086733562714061, 51.122338099055185 ], [ 8.147677089081041, 51.417199251770334 ], [ 8.161664808629858, 51.433040628224653 ], [ 8.162862081988454, 51.432992716590576 ], [ 8.207772291683176, 51.421031013403123 ], [ 8.216828414246356, 51.416103561679485 ], [ 8.360913160318191, 51.145267967530728 ], [ 8.402644616972267, 51.033046020614826 ], [ 8.51181996661073, 50.263710074958794 ], [ 8.577586433004917, 49.548159999684287 ], [ 8.237062960841639, 49.548159999684287 ] ] ] }, { "type": "Polygon", "coordinates": [ [ [ 8.09845655029128, 52.221048026319032 ], [ 8.09834818766001, 52.226808633890691 ], [ 8.139182230208021, 52.24222134855254 ], [ 8.152261822088148, 52.204650029520494 ], [ 8.137191076955281, 52.199507030269281 ], [ 8.09845655029128, 52.221048026319032 ] ] ] }, { "type": "Polygon", "coordinates": [ [ [ 8.136568535869561, 52.525064495470986 ], [ 8.136596512672613, 52.525098582737947 ], [ 8.140446904426639, 52.528162909892814 ], [ 8.211679156611916, 52.5048282070669 ], [ 8.23147971793607, 52.464154503078795 ], [ 8.210147188164214, 52.436003121274517 ], [ 8.152994021218818, 52.448438203790801 ], [ 8.136568535869561, 52.525064495470986 ] ] ] }, { "type": "Polygon", "coordinates": [ [ [ 8.136596512672613, 52.525098582737947 ], [ 8.103443156287929, 52.601035554116287 ], [ 8.126994870288339, 52.603596750208339 ], [ 8.155858614569912, 52.585204652028118 ], [ 8.160446610545112, 52.551154579187923 ], [ 8.140446904426639, 52.528162909892814 ], [ 8.136596512672613, 52.525098582737947 ] ] ] }, { "type": "Polygon", "coordinates": [ [ [ 8.103756528102434, 52.266519679278446 ], [ 8.113659852588775, 52.295860255771103 ], [ 8.15623380944602, 52.272424233327548 ], [ 8.148258581345532, 52.254901575488262 ], [ 8.13925848364584, 52.242588607522556 ], [ 8.103756528102434, 52.266519679278446 ] ] ] }, { "type": "Polygon", "coordinates": [ [ [ 8.114668397932967, 52.064571158204046 ], [ 8.117094690921187, 52.104181299151939 ], [ 8.129192521584605, 52.119481381176918 ], [ 8.140722375590736, 52.119003679547298 ], [ 8.171339026882272, 52.074920533483208 ], [ 8.116017975785971, 52.06419746618554 ], [ 8.114668397932967, 52.064571158204046 ] ] ] }, { "type": "Polygon", "coordinates": [ [ [ 8.117679051032392, 51.653601293291125 ], [ 8.114857259942466, 51.659180572015813 ], [ 8.116739988183499, 51.66078907549597 ], [ 8.161888635569646, 51.659907797688042 ], [ 8.153865528404676, 51.638726794592941 ], [ 8.149985470521827, 51.63656041107528 ], [ 8.117679051032392, 51.653601293291125 ] ] ] }, { "type": "Polygon", "coordinates": [ [ [ 8.114253976125985, 51.629978466198516 ], [ 8.117679051032392, 51.653601293291125 ], [ 8.149985470521827, 51.63656041107528 ], [ 8.142723830240534, 51.610512398803898 ], [ 8.114253976125985, 51.629978466198516 ] ] ] }, { "type": "Polygon", "coordinates": [ [ [ 8.139182230208021, 52.24222134855254 ], [ 8.13925848364584, 52.242588607522556 ], [ 8.148258581345532, 52.254901575488262 ], [ 8.182449153486651, 52.233842663051355 ], [ 8.156480839687543, 52.202279475504149 ], [ 8.152261822088148, 52.204650029520494 ], [ 8.139182230208021, 52.24222134855254 ] ] ] }, { "type": "Polygon", "coordinates": [ [ [ 8.155858614569912, 52.585204652028118 ], [ 8.126994870288339, 52.603596750208339 ], [ 8.169306742608162, 52.742812155388116 ], [ 8.175766320405197, 52.632859589886458 ], [ 8.155858614569912, 52.585204652028118 ] ] ] }, { "type": "Polygon", "coordinates": [ [ [ 8.079013282236501, 51.821224875634002 ], [ 8.037771923733224, 51.856269402233458 ], [ 8.164787791663768, 51.939362451083291 ], [ 8.218910440092133, 51.904650382937831 ], [ 8.164577175419129, 51.792058257620006 ], [ 8.079013282236501, 51.821224875634002 ] ] ] }, { "type": "Polygon", "coordinates": [ [ [ 8.12361762604684, 52.142132179869641 ], [ 8.123905177768973, 52.151644821764009 ], [ 8.185242511112813, 52.170687172671862 ], [ 8.192202415112694, 52.167248461312113 ], [ 8.178723710478501, 52.135010114252395 ], [ 8.140722375590736, 52.119003679547298 ], [ 8.129192521584605, 52.119481381176918 ], [ 8.12361762604684, 52.142132179869641 ] ] ] }, { "type": "Polygon", "coordinates": [ [ [ 8.13378936055117, 52.326680505080937 ], [ 8.133951539171766, 52.369657903879407 ], [ 8.17060965521476, 52.359912745497198 ], [ 8.169753037669405, 52.328275774390526 ], [ 8.135834600347337, 52.325847675766084 ], [ 8.13378936055117, 52.326680505080937 ] ] ] }, { "type": "Polygon", "coordinates": [ [ [ 8.153613980287076, 51.521808530041362 ], [ 8.113600470042922, 51.550944204904901 ], [ 8.139925199796874, 51.574889040579961 ], [ 8.168856511601152, 51.550257010509696 ], [ 8.169560365790758, 51.541513801473499 ], [ 8.155008441448674, 51.522436809809065 ], [ 8.153613980287076, 51.521808530041362 ] ] ] }, { "type": "Polygon", "coordinates": [ [ [ 8.148258581345532, 52.254901575488262 ], [ 8.15623380944602, 52.272424233327548 ], [ 8.157525906858902, 52.273185897891594 ], [ 8.192017410832802, 52.256539335694349 ], [ 8.191722205638122, 52.238102941697043 ], [ 8.182449153486651, 52.233842663051355 ], [ 8.148258581345532, 52.254901575488262 ] ] ] }, { "type": "Polygon", "coordinates": [ [ [ 8.137256471400185, 51.587886696650834 ], [ 8.144023605890734, 51.599082094368541 ], [ 8.177023318310656, 51.604530819122502 ], [ 8.180437482819533, 51.561158263745831 ], [ 8.168856511601152, 51.550257010509696 ], [ 8.139925199796874, 51.574889040579961 ], [ 8.137256471400185, 51.587886696650834 ] ] ] }, { "type": "Polygon", "coordinates": [ [ [ 8.159320128189028, 51.436253965166038 ], [ 8.142011701782966, 51.452950969106347 ], [ 8.145612415402759, 51.5157580316734 ], [ 8.153613980287076, 51.521808530041362 ], [ 8.155008441448674, 51.522436809809065 ], [ 8.168437939008481, 51.501733367552191 ], [ 8.159320128189028, 51.436253965166038 ] ] ] }, { "type": "Polygon", "coordinates": [ [ [ 8.144023605890734, 51.599082094368541 ], [ 8.142723830240534, 51.610512398803898 ], [ 8.149985470521827, 51.63656041107528 ], [ 8.153865528404676, 51.638726794592941 ], [ 8.179939485889724, 51.628947761805208 ], [ 8.187857916016332, 51.611842900627224 ], [ 8.177023318310656, 51.604530819122502 ], [ 8.144023605890734, 51.599082094368541 ] ] ] }, { "type": "Polygon", "coordinates": [ [ [ 8.116017975785971, 52.06419746618554 ], [ 8.171339026882272, 52.074920533483208 ], [ 8.178727833728274, 52.074486891675761 ], [ 8.182752650084284, 52.060578139746269 ], [ 8.169831966347139, 52.005994344365504 ], [ 8.154605840616682, 52.00897690099675 ], [ 8.116017975785971, 52.06419746618554 ] ] ] }, { "type": "Polygon", "coordinates": [ [ [ 8.153865528404676, 51.638726794592941 ], [ 8.161888635569646, 51.659907797688042 ], [ 8.197987241038158, 51.719507783856734 ], [ 8.203353041830562, 51.682817596500918 ], [ 8.179939485889724, 51.628947761805208 ], [ 8.153865528404676, 51.638726794592941 ] ] ] }, { "type": "Polygon", "coordinates": [ [ [ 8.116739988183499, 51.66078907549597 ], [ 8.193458099312988, 51.74454985398858 ], [ 8.199427645682716, 51.737734442717723 ], [ 8.197987241038158, 51.719507783856734 ], [ 8.161888635569646, 51.659907797688042 ], [ 8.116739988183499, 51.66078907549597 ] ] ] }, { "type": "Polygon", "coordinates": [ [ [ 8.166497122124369, 51.790883529230513 ], [ 8.164577175419129, 51.792058257620006 ], [ 8.218910440092133, 51.904650382937831 ], [ 8.234696483832684, 51.913372819057756 ], [ 8.269367871075092, 51.880488726534978 ], [ 8.253704214351536, 51.850831394015543 ], [ 8.185722818700603, 51.799596604926059 ], [ 8.166497122124369, 51.790883529230513 ] ] ] }, { "type": "Polygon", "coordinates": [ [ [ 8.166109851112248, 52.289645174646111 ], [ 8.135834600347337, 52.325847675766084 ], [ 8.169753037669405, 52.328275774390526 ], [ 8.187526971562312, 52.307400130719294 ], [ 8.166109851112248, 52.289645174646111 ] ] ] }, { "type": "Polygon", "coordinates": [ [ [ 8.140722375590736, 52.119003679547298 ], [ 8.178723710478501, 52.135010114252395 ], [ 8.185581984209632, 52.082604706006904 ], [ 8.178727833728274, 52.074486891675761 ], [ 8.171339026882272, 52.074920533483208 ], [ 8.140722375590736, 52.119003679547298 ] ] ] }, { "type": "Polygon", "coordinates": [ [ [ 8.159320128189028, 51.436253965166038 ], [ 8.168437939008481, 51.501733367552191 ], [ 8.193841458005677, 51.495902587203055 ], [ 8.162862081988454, 51.432992716590576 ], [ 8.161664808629858, 51.433040628224653 ], [ 8.159320128189028, 51.436253965166038 ] ] ] }, { "type": "Polygon", "coordinates": [ [ [ 8.192202415112694, 52.167248461312113 ], [ 8.185242511112813, 52.170687172671862 ], [ 8.156480839687543, 52.202279475504149 ], [ 8.182449153486651, 52.233842663051355 ], [ 8.191722205638122, 52.238102941697043 ], [ 8.214654264260522, 52.216576082296086 ], [ 8.219390969896732, 52.180112136714165 ], [ 8.212121917865325, 52.170703694244651 ], [ 8.192202415112694, 52.167248461312113 ] ] ] }, { "type": "Polygon", "coordinates": [ [ [ 8.178723710478501, 52.135010114252395 ], [ 8.192202415112694, 52.167248461312113 ], [ 8.212121917865325, 52.170703694244651 ], [ 8.237084507160011, 52.135086756480646 ], [ 8.212666742854895, 52.088057398104546 ], [ 8.185581984209632, 52.082604706006904 ], [ 8.178723710478501, 52.135010114252395 ] ] ] }, { "type": "Polygon", "coordinates": [ [ [ 8.160446610545112, 52.551154579187923 ], [ 8.155858614569912, 52.585204652028118 ], [ 8.175766320405197, 52.632859589886458 ], [ 8.226439190665879, 52.57504594722316 ], [ 8.215901341053128, 52.561746387577976 ], [ 8.160446610545112, 52.551154579187923 ] ] ] }, { "type": "Polygon", "coordinates": [ [ [ 8.169753037669405, 52.328275774390526 ], [ 8.17060965521476, 52.359912745497198 ], [ 8.199894437162047, 52.369112831674549 ], [ 8.210975416548182, 52.310032763889119 ], [ 8.187526971562312, 52.307400130719294 ], [ 8.169753037669405, 52.328275774390526 ] ] ] }, { "type": "Polygon", "coordinates": [ [ [ 8.169831966347139, 52.005994344365504 ], [ 8.182752650084284, 52.060578139746269 ], [ 8.219559264487541, 52.03974010602338 ], [ 8.212839369672478, 51.997312768916032 ], [ 8.187462820827697, 51.98752041481211 ], [ 8.169831966347139, 52.005994344365504 ] ] ] }, { "type": "Polygon", "coordinates": [ [ [ 8.157525906858902, 52.273185897891594 ], [ 8.166109851112248, 52.289645174646111 ], [ 8.187526971562312, 52.307400130719294 ], [ 8.210975416548182, 52.310032763889119 ], [ 8.212393263696683, 52.309300475956036 ], [ 8.216134822767904, 52.26989044685034 ], [ 8.192017410832802, 52.256539335694349 ], [ 8.157525906858902, 52.273185897891594 ] ] ] }, { "type": "Polygon", "coordinates": [ [ [ 8.177023318310656, 51.604530819122502 ], [ 8.187857916016332, 51.611842900627224 ], [ 8.192593765476873, 51.610926191352696 ], [ 8.209618646513096, 51.574215465393586 ], [ 8.180437482819533, 51.561158263745831 ], [ 8.177023318310656, 51.604530819122502 ] ] ] }, { "type": "Polygon", "coordinates": [ [ [ 8.168437939008481, 51.501733367552191 ], [ 8.155008441448674, 51.522436809809065 ], [ 8.169560365790758, 51.541513801473499 ], [ 8.19832835899035, 51.525398659063008 ], [ 8.203936728948534, 51.502448175085732 ], [ 8.193841458005677, 51.495902587203055 ], [ 8.168437939008481, 51.501733367552191 ] ] ] }, { "type": "Polygon", "coordinates": [ [ [ 9.024506931816338, 49.548159999684287 ], [ 8.984524994325977, 51.350975613220477 ], [ 8.996318060924517, 51.41011683283763 ], [ 9.024166185000412, 51.441020565844141 ], [ 9.114831751274702, 51.471898797201483 ], [ 9.144018514311577, 51.437454124890195 ], [ 9.209858709529195, 51.167314949739364 ], [ 9.488299162977881, 49.548159999684287 ], [ 9.024506931816338, 49.548159999684287 ] ] ] }, { "type": "Polygon", "coordinates": [ [ [ 8.199427645682716, 51.737734442717723 ], [ 8.193458099312988, 51.74454985398858 ], [ 8.166497122124369, 51.790883529230513 ], [ 8.185722818700603, 51.799596604926059 ], [ 8.277555640753999, 51.803870447505759 ], [ 8.299282820118052, 51.783946624183287 ], [ 8.293238279158214, 51.754345550101895 ], [ 8.263527714837725, 51.718772996014522 ], [ 8.199427645682716, 51.737734442717723 ] ] ] }, { "type": "Polygon", "coordinates": [ [ [ 8.162862081988454, 51.432992716590576 ], [ 8.193841458005677, 51.495902587203055 ], [ 8.203936728948534, 51.502448175085732 ], [ 8.215510096420976, 51.496030297144884 ], [ 8.207772291683176, 51.421031013403123 ], [ 8.162862081988454, 51.432992716590576 ] ] ] }, { "type": "Polygon", "coordinates": [ [ [ 8.169560365790758, 51.541513801473499 ], [ 8.168856511601152, 51.550257010509696 ], [ 8.180437482819533, 51.561158263745831 ], [ 8.209618646513096, 51.574215465393586 ], [ 8.220835329898948, 51.571746721664553 ], [ 8.226141297688926, 51.541546364930845 ], [ 8.19832835899035, 51.525398659063008 ], [ 8.169560365790758, 51.541513801473499 ] ] ] }, { "type": "Polygon", "coordinates": [ [ [ 8.215901341053128, 52.561746387577976 ], [ 8.219491617642003, 52.552071649225191 ], [ 8.211679156611916, 52.5048282070669 ], [ 8.140446904426639, 52.528162909892814 ], [ 8.160446610545112, 52.551154579187923 ], [ 8.215901341053128, 52.561746387577976 ] ] ] }, { "type": "Polygon", "coordinates": [ [ [ 8.219491617642003, 52.552071649225191 ], [ 8.215901341053128, 52.561746387577976 ], [ 8.226439190665879, 52.57504594722316 ], [ 8.237160275317779, 52.58096126755418 ], [ 8.263307272825589, 52.56292675217388 ], [ 8.266637311286155, 52.534775112643331 ], [ 8.266096119001068, 52.533371485680902 ], [ 8.248989164344835, 52.519117171723515 ], [ 8.219491617642003, 52.552071649225191 ] ] ] }, { "type": "Polygon", "coordinates": [ [ [ 8.191722205638122, 52.238102941697043 ], [ 8.192017410832802, 52.256539335694349 ], [ 8.216134822767904, 52.26989044685034 ], [ 8.233886813756641, 52.254689582442907 ], [ 8.214654264260522, 52.216576082296086 ], [ 8.191722205638122, 52.238102941697043 ] ] ] }, { "type": "Polygon", "coordinates": [ [ [ 8.187857916016332, 51.611842900627224 ], [ 8.179939485889724, 51.628947761805208 ], [ 8.203353041830562, 51.682817596500918 ], [ 8.224987773816773, 51.633395923623212 ], [ 8.221325709548765, 51.625359497949511 ], [ 8.192593765476873, 51.610926191352696 ], [ 8.187857916016332, 51.611842900627224 ] ] ] }, { "type": "Polygon", "coordinates": [ [ [ 8.182752650084284, 52.060578139746269 ], [ 8.178727833728274, 52.074486891675761 ], [ 8.185581984209632, 52.082604706006904 ], [ 8.212666742854895, 52.088057398104546 ], [ 8.237851811641145, 52.07195679650377 ], [ 8.240315953393809, 52.052263322694557 ], [ 8.219559264487541, 52.03974010602338 ], [ 8.182752650084284, 52.060578139746269 ] ] ] }, { "type": "Polygon", "coordinates": [ [ [ 8.164787791663768, 51.939362451083291 ], [ 8.183764555796406, 51.966442297742653 ], [ 8.240459802989202, 51.933338602584406 ], [ 8.234696483832684, 51.913372819057756 ], [ 8.218910440092133, 51.904650382937831 ], [ 8.164787791663768, 51.939362451083291 ] ] ] }, { "type": "Polygon", "coordinates": [ [ [ 8.199894437162047, 52.369112831674549 ], [ 8.220802106987579, 52.399576477309097 ], [ 8.240741909127921, 52.330787877210547 ], [ 8.233560240484447, 52.313787257975754 ], [ 8.212393263696683, 52.309300475956036 ], [ 8.210975416548182, 52.310032763889119 ], [ 8.199894437162047, 52.369112831674549 ] ] ] }, { "type": "Polygon", "coordinates": [ [ [ 8.220802106987579, 52.399576477309097 ], [ 8.224162541628299, 52.407075106483546 ], [ 8.271830280997833, 52.390050516738555 ], [ 8.278609765329406, 52.362136426476958 ], [ 8.240741909127921, 52.330787877210547 ], [ 8.220802106987579, 52.399576477309097 ] ] ] }, { "type": "Polygon", "coordinates": [ [ [ 8.209618646513096, 51.574215465393586 ], [ 8.192593765476873, 51.610926191352696 ], [ 8.221325709548765, 51.625359497949511 ], [ 8.239931988955467, 51.584970902735577 ], [ 8.220835329898948, 51.571746721664553 ], [ 8.209618646513096, 51.574215465393586 ] ] ] }, { "type": "Polygon", "coordinates": [ [ [ 8.197987241038158, 51.719507783856734 ], [ 8.199427645682716, 51.737734442717723 ], [ 8.263527714837725, 51.718772996014522 ], [ 8.277044900679714, 51.706703176937474 ], [ 8.279505401954323, 51.645726259784254 ], [ 8.274361230173719, 51.636554612591958 ], [ 8.224987773816773, 51.633395923623212 ], [ 8.203353041830562, 51.682817596500918 ], [ 8.197987241038158, 51.719507783856734 ] ] ] }, { "type": "Polygon", "coordinates": [ [ [ 8.207772291683176, 51.421031013403123 ], [ 8.215510096420976, 51.496030297144884 ], [ 8.238371510371909, 51.499077762763505 ], [ 8.243903020302174, 51.444787025545679 ], [ 8.216828414246356, 51.416103561679485 ], [ 8.207772291683176, 51.421031013403123 ] ] ] }, { "type": "Polygon", "coordinates": [ [ [ 8.23147971793607, 52.464154503078795 ], [ 8.211679156611916, 52.5048282070669 ], [ 8.219491617642003, 52.552071649225191 ], [ 8.248989164344835, 52.519117171723515 ], [ 8.254088385870709, 52.478031210176347 ], [ 8.23147971793607, 52.464154503078795 ] ] ] }, { "type": "Polygon", "coordinates": [ [ [ 8.19832835899035, 51.525398659063008 ], [ 8.226141297688926, 51.541546364930845 ], [ 8.240536793503068, 51.532898479522416 ], [ 8.249259743539591, 51.507940663279818 ], [ 8.238371510371909, 51.499077762763505 ], [ 8.215510096420976, 51.496030297144884 ], [ 8.203936728948534, 51.502448175085732 ], [ 8.19832835899035, 51.525398659063008 ] ] ] }, { "type": "Polygon", "coordinates": [ [ [ 8.219390969896732, 52.180112136714165 ], [ 8.214654264260522, 52.216576082296086 ], [ 8.233886813756641, 52.254689582442907 ], [ 8.27543049083881, 52.255422385299738 ], [ 8.276387040041724, 52.253193577155102 ], [ 8.238126973802361, 52.187226496564236 ], [ 8.219390969896732, 52.180112136714165 ] ] ] }, { "type": "Polygon", "coordinates": [ [ [ 8.183764555796406, 51.966442297742653 ], [ 8.187462820827697, 51.98752041481211 ], [ 8.212839369672478, 51.997312768916032 ], [ 8.253077583270546, 51.991358995914446 ], [ 8.259110454376483, 51.983558752195698 ], [ 8.250199399475701, 51.941357194279043 ], [ 8.240459802989202, 51.933338602584406 ], [ 8.183764555796406, 51.966442297742653 ] ] ] }, { "type": "Polygon", "coordinates": [ [ [ 8.237851811641145, 52.07195679650377 ], [ 8.212666742854895, 52.088057398104546 ], [ 8.237084507160011, 52.135086756480646 ], [ 8.252881816135636, 52.127782072308996 ], [ 8.251250241557898, 52.082168928607992 ], [ 8.237851811641145, 52.07195679650377 ] ] ] }, { "type": "Polygon", "coordinates": [ [ [ 8.865928981915795, 52.75959378520789 ], [ 9.004879644621385, 52.523568000977065 ], [ 9.023422220378896, 52.438809046244756 ], [ 9.019364464214847, 52.434116736832813 ], [ 9.01549993761868, 52.433754001422322 ], [ 8.978066593101575, 52.450855927212018 ], [ 8.884202516840645, 52.549591564609493 ], [ 8.846781172373136, 52.612625984752185 ], [ 8.865928981915795, 52.75959378520789 ] ] ] }, { "type": "Polygon", "coordinates": [ [ [ 11.236550000382294, 54.501499999925159 ], [ 11.236550000382294, 53.283886625713322 ], [ 10.094438390296828, 52.638021859757046 ], [ 9.158852334790433, 52.452946859705996 ], [ 9.092403956826837, 52.45209188288441 ], [ 9.028367282441387, 52.493015755867681 ], [ 9.004879644621385, 52.523568000977065 ], [ 8.865928981915795, 52.75959378520789 ], [ 8.933391438227536, 54.428098475290497 ], [ 8.944946300020936, 54.501499999925159 ], [ 11.236550000382294, 54.501499999925159 ] ] ] }, { "type": "Polygon", "coordinates": [ [ [ 8.266637311286155, 52.534775112643331 ], [ 8.263307272825589, 52.56292675217388 ], [ 8.326002067526048, 52.554859023804575 ], [ 8.324264242028759, 52.545721815906035 ], [ 8.266637311286155, 52.534775112643331 ] ] ] }, { "type": "Polygon", "coordinates": [ [ [ 8.212839369672478, 51.997312768916032 ], [ 8.219559264487541, 52.03974010602338 ], [ 8.240315953393809, 52.052263322694557 ], [ 8.267303536885379, 52.034608249883902 ], [ 8.253077583270546, 51.991358995914446 ], [ 8.212839369672478, 51.997312768916032 ] ] ] }, { "type": "Polygon", "coordinates": [ [ [ 8.216134822767904, 52.26989044685034 ], [ 8.212393263696683, 52.309300475956036 ], [ 8.233560240484447, 52.313787257975754 ], [ 8.284454658847482, 52.291473435821693 ], [ 8.27543049083881, 52.255422385299738 ], [ 8.233886813756641, 52.254689582442907 ], [ 8.216134822767904, 52.26989044685034 ] ] ] }, { "type": "Polygon", "coordinates": [ [ [ 8.226141297688926, 51.541546364930845 ], [ 8.220835329898948, 51.571746721664553 ], [ 8.239931988955467, 51.584970902735577 ], [ 8.266001365638875, 51.584628185475424 ], [ 8.279328875259194, 51.566045945094686 ], [ 8.240536793503068, 51.532898479522416 ], [ 8.226141297688926, 51.541546364930845 ] ] ] }, { "type": "Polygon", "coordinates": [ [ [ 8.212121917865325, 52.170703694244651 ], [ 8.219390969896732, 52.180112136714165 ], [ 8.238126973802361, 52.187226496564236 ], [ 8.302227493657158, 52.181116352170839 ], [ 8.318770133813361, 52.15368532535814 ], [ 8.277209355464381, 52.126711489270342 ], [ 8.252881816135636, 52.127782072308996 ], [ 8.237084507160011, 52.135086756480646 ], [ 8.212121917865325, 52.170703694244651 ] ] ] }, { "type": "Polygon", "coordinates": [ [ [ 8.221325709548765, 51.625359497949511 ], [ 8.224987773816773, 51.633395923623212 ], [ 8.274361230173719, 51.636554612591958 ], [ 8.276317692345769, 51.616534773739971 ], [ 8.266001365638875, 51.584628185475424 ], [ 8.239931988955467, 51.584970902735577 ], [ 8.221325709548765, 51.625359497949511 ] ] ] }, { "type": "Polygon", "coordinates": [ [ [ 8.254088385870709, 52.478031210176347 ], [ 8.248989164344835, 52.519117171723515 ], [ 8.266096119001068, 52.533371485680902 ], [ 8.311077334271268, 52.496068880758891 ], [ 8.306636734967352, 52.4809171752362 ], [ 8.254088385870709, 52.478031210176347 ] ] ] }, { "type": "Polygon", "coordinates": [ [ [ 8.224162541628299, 52.407075106483546 ], [ 8.210147188164214, 52.436003121274517 ], [ 8.23147971793607, 52.464154503078795 ], [ 8.254088385870709, 52.478031210176347 ], [ 8.306636734967352, 52.4809171752362 ], [ 8.306965949585981, 52.480448909944158 ], [ 8.30961043189542, 52.441714024639097 ], [ 8.306819686073343, 52.409332666474349 ], [ 8.271830280997833, 52.390050516738555 ], [ 8.224162541628299, 52.407075106483546 ] ] ] }, { "type": "Polygon", "coordinates": [ [ [ 8.216828414246356, 51.416103561679485 ], [ 8.243903020302174, 51.444787025545679 ], [ 8.280701929070911, 51.461637171313058 ], [ 8.309856831451526, 51.454111182347262 ], [ 8.312718881068015, 51.451022547364381 ], [ 8.360913160318191, 51.145267967530728 ], [ 8.216828414246356, 51.416103561679485 ] ] ] }, { "type": "Polygon", "coordinates": [ [ [ 8.240459802989202, 51.933338602584406 ], [ 8.250199399475701, 51.941357194279043 ], [ 8.31722457636379, 51.916329148101703 ], [ 8.32023127132285, 51.899580217879603 ], [ 8.269367871075092, 51.880488726534978 ], [ 8.234696483832684, 51.913372819057756 ], [ 8.240459802989202, 51.933338602584406 ] ] ] }, { "type": "Polygon", "coordinates": [ [ [ 8.237851811641145, 52.07195679650377 ], [ 8.251250241557898, 52.082168928607992 ], [ 8.288416376710973, 52.079081650967652 ], [ 8.288522520034999, 52.078971118141276 ], [ 8.289602116125648, 52.0692623614353 ], [ 8.273252073797751, 52.037279613028367 ], [ 8.267303536885379, 52.034608249883902 ], [ 8.240315953393809, 52.052263322694557 ], [ 8.237851811641145, 52.07195679650377 ] ] ] }, { "type": "Polygon", "coordinates": [ [ [ 8.250199399475701, 51.941357194279043 ], [ 8.259110454376483, 51.983558752195698 ], [ 8.295008436278033, 51.979051547880402 ], [ 8.322538836708254, 51.939908759515916 ], [ 8.31722457636379, 51.916329148101703 ], [ 8.250199399475701, 51.941357194279043 ] ] ] }, { "type": "Polygon", "coordinates": [ [ [ 8.240741909127921, 52.330787877210547 ], [ 8.278609765329406, 52.362136426476958 ], [ 8.28615032587521, 52.351567013119066 ], [ 8.287809629744958, 52.2942466590493 ], [ 8.284454658847482, 52.291473435821693 ], [ 8.233560240484447, 52.313787257975754 ], [ 8.240741909127921, 52.330787877210547 ] ] ] }, { "type": "Polygon", "coordinates": [ [ [ 8.240536793503068, 51.532898479522416 ], [ 8.279328875259194, 51.566045945094686 ], [ 8.290113605265683, 51.55997447780701 ], [ 8.296775629720536, 51.545465812626823 ], [ 8.295953383149737, 51.542773237471401 ], [ 8.2601357346194, 51.505832277210139 ], [ 8.249259743539591, 51.507940663279818 ], [ 8.240536793503068, 51.532898479522416 ] ] ] }, { "type": "Polygon", "coordinates": [ [ [ 8.238371510371909, 51.499077762763505 ], [ 8.249259743539591, 51.507940663279818 ], [ 8.2601357346194, 51.505832277210139 ], [ 8.269247223882518, 51.496291510177372 ], [ 8.280701929070911, 51.461637171313058 ], [ 8.243903020302174, 51.444787025545679 ], [ 8.238371510371909, 51.499077762763505 ] ] ] }, { "type": "Polygon", "coordinates": [ [ [ 8.251250241557898, 52.082168928607992 ], [ 8.252881816135636, 52.127782072308996 ], [ 8.277209355464381, 52.126711489270342 ], [ 8.288416376710973, 52.079081650967652 ], [ 8.251250241557898, 52.082168928607992 ] ] ] }, { "type": "Polygon", "coordinates": [ [ [ 8.276387040041724, 52.253193577155102 ], [ 8.27543049083881, 52.255422385299738 ], [ 8.284454658847482, 52.291473435821693 ], [ 8.287809629744958, 52.2942466590493 ], [ 8.31001095272625, 52.296508514823017 ], [ 8.343318637282751, 52.285904880203013 ], [ 8.344432082850746, 52.284501723599156 ], [ 8.34151900632261, 52.259665950743077 ], [ 8.29395702680679, 52.23732588486039 ], [ 8.276387040041724, 52.253193577155102 ] ] ] }, { "type": "Polygon", "coordinates": [ [ [ 8.269247223882518, 51.496291510177372 ], [ 8.2601357346194, 51.505832277210139 ], [ 8.295953383149737, 51.542773237471401 ], [ 8.304113673910564, 51.504640068770172 ], [ 8.269247223882518, 51.496291510177372 ] ] ] }, { "type": "Polygon", "coordinates": [ [ [ 8.263307272825589, 52.56292675217388 ], [ 8.237160275317779, 52.58096126755418 ], [ 8.620021742490346, 53.265800749757865 ], [ 8.542395998232294, 52.904302682587719 ], [ 8.326002067526048, 52.554859023804575 ], [ 8.263307272825589, 52.56292675217388 ] ] ] }, { "type": "Polygon", "coordinates": [ [ [ 8.266001365638875, 51.584628185475424 ], [ 8.276317692345769, 51.616534773739971 ], [ 8.319683589898478, 51.602397711819172 ], [ 8.325365881668649, 51.588718642465864 ], [ 8.290113605265683, 51.55997447780701 ], [ 8.279328875259194, 51.566045945094686 ], [ 8.266001365638875, 51.584628185475424 ] ] ] }, { "type": "Polygon", "coordinates": [ [ [ 8.259110454376483, 51.983558752195698 ], [ 8.253077583270546, 51.991358995914446 ], [ 8.267303536885379, 52.034608249883902 ], [ 8.273252073797751, 52.037279613028367 ], [ 8.301380139997132, 52.024892217788846 ], [ 8.313241613619258, 52.005924060221695 ], [ 8.295008436278033, 51.979051547880402 ], [ 8.259110454376483, 51.983558752195698 ] ] ] }, { "type": "Polygon", "coordinates": [ [ [ 8.253704214351536, 51.850831394015543 ], [ 8.269367871075092, 51.880488726534978 ], [ 8.32023127132285, 51.899580217879603 ], [ 8.329283404395142, 51.890826759179824 ], [ 8.336098185526684, 51.879707969514307 ], [ 8.334865742631315, 51.873686236878733 ], [ 8.288759393051885, 51.83711415085461 ], [ 8.253704214351536, 51.850831394015543 ] ] ] }, { "type": "Polygon", "coordinates": [ [ [ 8.185722818700603, 51.799596604926059 ], [ 8.253704214351536, 51.850831394015543 ], [ 8.288759393051885, 51.83711415085461 ], [ 8.294776813860151, 51.819825588769461 ], [ 8.277555640753999, 51.803870447505759 ], [ 8.185722818700603, 51.799596604926059 ] ] ] }, { "type": "Polygon", "coordinates": [ [ [ 8.288522520034999, 52.078971118141276 ], [ 8.288416376710973, 52.079081650967652 ], [ 8.277209355464381, 52.126711489270342 ], [ 8.318770133813361, 52.15368532535814 ], [ 8.319469226499145, 52.153422179255621 ], [ 8.318920212769216, 52.093810069209191 ], [ 8.318401414049937, 52.092663301308171 ], [ 8.288522520034999, 52.078971118141276 ] ] ] }, { "type": "Polygon", "coordinates": [ [ [ 8.302227493657158, 52.181116352170839 ], [ 8.238126973802361, 52.187226496564236 ], [ 8.276387040041724, 52.253193577155102 ], [ 8.29395702680679, 52.23732588486039 ], [ 8.306552025171161, 52.214474148740528 ], [ 8.302227493657158, 52.181116352170839 ] ] ] }, { "type": "Polygon", "coordinates": [ [ [ 8.311077334271268, 52.496068880758891 ], [ 8.266096119001068, 52.533371485680902 ], [ 8.266637311286155, 52.534775112643331 ], [ 8.324264242028759, 52.545721815906035 ], [ 8.322870600181338, 52.522378976944871 ], [ 8.311077334271268, 52.496068880758891 ] ] ] }, { "type": "Polygon", "coordinates": [ [ [ 8.28615032587521, 52.351567013119066 ], [ 8.278609765329406, 52.362136426476958 ], [ 8.271830280997833, 52.390050516738555 ], [ 8.306819686073343, 52.409332666474349 ], [ 8.357937589940464, 52.386029746615428 ], [ 8.361677895575903, 52.369511108912917 ], [ 8.356643423490802, 52.359293382309986 ], [ 8.33595299907158, 52.349046777512775 ], [ 8.28615032587521, 52.351567013119066 ] ] ] }, { "type": "Polygon", "coordinates": [ [ [ 8.287809629744958, 52.2942466590493 ], [ 8.28615032587521, 52.351567013119066 ], [ 8.33595299907158, 52.349046777512775 ], [ 8.31001095272625, 52.296508514823017 ], [ 8.287809629744958, 52.2942466590493 ] ] ] }, { "type": "Polygon", "coordinates": [ [ [ 8.402644616972267, 51.033046020614826 ], [ 8.360913160318191, 51.145267967530728 ], [ 8.312718881068015, 51.451022547364381 ], [ 8.355833721472857, 51.468369417818899 ], [ 8.395845267718588, 51.396325592334115 ], [ 8.420632551627724, 51.218628080965516 ], [ 8.402644616972267, 51.033046020614826 ] ] ] }, { "type": "Polygon", "coordinates": [ [ [ 8.322870600181338, 52.522378976944871 ], [ 8.324264242028759, 52.545721815906035 ], [ 8.326002067526048, 52.554859023804575 ], [ 8.542395998232294, 52.904302682587719 ], [ 8.52264392634368, 52.685668213838476 ], [ 8.472646813126561, 52.568334544123616 ], [ 8.359777975462247, 52.511457903614279 ], [ 8.322870600181338, 52.522378976944871 ] ] ] }, { "type": "Polygon", "coordinates": [ [ [ 8.30961043189542, 52.441714024639097 ], [ 8.306965949585981, 52.480448909944158 ], [ 8.338356938594279, 52.47204050509869 ], [ 8.363225544356172, 52.433505011895903 ], [ 8.30961043189542, 52.441714024639097 ] ] ] }, { "type": "Polygon", "coordinates": [ [ [ 8.302227493657158, 52.181116352170839 ], [ 8.306552025171161, 52.214474148740528 ], [ 8.355868543172923, 52.226744228059253 ], [ 8.368312243521215, 52.221007417631156 ], [ 8.338663594122732, 52.162340941871868 ], [ 8.329122201359398, 52.153154151782061 ], [ 8.319469226499145, 52.153422179255621 ], [ 8.318770133813361, 52.15368532535814 ], [ 8.302227493657158, 52.181116352170839 ] ] ] }, { "type": "Polygon", "coordinates": [ [ [ 8.32023127132285, 51.899580217879603 ], [ 8.31722457636379, 51.916329148101703 ], [ 8.322538836708254, 51.939908759515916 ], [ 8.34779338337554, 51.959211254469807 ], [ 8.35243138862795, 51.960673884540299 ], [ 8.387162538229285, 51.942042446808344 ], [ 8.38942458715707, 51.934788123580859 ], [ 8.38817155314074, 51.930778223339608 ], [ 8.329283404395142, 51.890826759179824 ], [ 8.32023127132285, 51.899580217879603 ] ] ] }, { "type": "Polygon", "coordinates": [ [ [ 8.570364869232801, 52.518181540009863 ], [ 8.602711086876097, 52.481075057314655 ], [ 8.592495150198726, 52.421468023707625 ], [ 8.57300765654713, 52.399892584367009 ], [ 8.572809359652727, 52.399842821340378 ], [ 8.538582710555373, 52.430574544678585 ], [ 8.570364869232801, 52.518181540009863 ] ] ] }, { "type": "Polygon", "coordinates": [ [ [ 8.602711086876097, 52.481075057314655 ], [ 8.570364869232801, 52.518181540009863 ], [ 8.52264392634368, 52.685668213838476 ], [ 8.542395998232294, 52.904302682587719 ], [ 8.620021742490346, 53.265800749757865 ], [ 8.933391438227536, 54.428098475290497 ], [ 8.865928981915795, 52.75959378520789 ], [ 8.846781172373136, 52.612625984752185 ], [ 8.829261440534784, 52.570530320258449 ], [ 8.759586164505322, 52.494005988431425 ], [ 8.62092330407579, 52.471770065691445 ], [ 8.602711086876097, 52.481075057314655 ] ] ] }, { "type": "Polygon", "coordinates": [ [ [ 8.311077334271268, 52.496068880758891 ], [ 8.322870600181338, 52.522378976944871 ], [ 8.359777975462247, 52.511457903614279 ], [ 8.371120892641731, 52.497107331884592 ], [ 8.341815532889726, 52.472477469006556 ], [ 8.338356938594279, 52.47204050509869 ], [ 8.306965949585981, 52.480448909944158 ], [ 8.306636734967352, 52.4809171752362 ], [ 8.311077334271268, 52.496068880758891 ] ] ] }, { "type": "Polygon", "coordinates": [ [ [ 8.299282820118052, 51.783946624183287 ], [ 8.277555640753999, 51.803870447505759 ], [ 8.294776813860151, 51.819825588769461 ], [ 8.3376948851962, 51.811571049919202 ], [ 8.338649243318846, 51.809601632457259 ], [ 8.299282820118052, 51.783946624183287 ] ] ] }, { "type": "Polygon", "coordinates": [ [ [ 8.274361230173719, 51.636554612591958 ], [ 8.279505401954323, 51.645726259784254 ], [ 8.327703007417266, 51.635728081277705 ], [ 8.319683589898478, 51.602397711819172 ], [ 8.276317692345769, 51.616534773739971 ], [ 8.274361230173719, 51.636554612591958 ] ] ] }, { "type": "Polygon", "coordinates": [ [ [ 8.280701929070911, 51.461637171313058 ], [ 8.269247223882518, 51.496291510177372 ], [ 8.304113673910564, 51.504640068770172 ], [ 8.314925654146705, 51.49421903482628 ], [ 8.309856831451526, 51.454111182347262 ], [ 8.280701929070911, 51.461637171313058 ] ] ] }, { "type": "Polygon", "coordinates": [ [ [ 8.273252073797751, 52.037279613028367 ], [ 8.289602116125648, 52.0692623614353 ], [ 8.323831967715597, 52.051996087558038 ], [ 8.301380139997132, 52.024892217788846 ], [ 8.273252073797751, 52.037279613028367 ] ] ] }, { "type": "Polygon", "coordinates": [ [ [ 8.313241613619258, 52.005924060221695 ], [ 8.301380139997132, 52.024892217788846 ], [ 8.323831967715597, 52.051996087558038 ], [ 8.335518866604108, 52.053135183334632 ], [ 8.345267246990419, 52.040589852641865 ], [ 8.319626134761343, 52.006615377749441 ], [ 8.313241613619258, 52.005924060221695 ] ] ] }, { "type": "Polygon", "coordinates": [ [ [ 8.309856831451526, 51.454111182347262 ], [ 8.314925654146705, 51.49421903482628 ], [ 8.338194106070066, 51.508775742925323 ], [ 8.345958769308494, 51.504384411201706 ], [ 8.35992649705684, 51.474235545560582 ], [ 8.355833721472857, 51.468369417818899 ], [ 8.312718881068015, 51.451022547364381 ], [ 8.309856831451526, 51.454111182347262 ] ] ] }, { "type": "Polygon", "coordinates": [ [ [ 8.288759393051885, 51.83711415085461 ], [ 8.334865742631315, 51.873686236878733 ], [ 8.3376948851962, 51.811571049919202 ], [ 8.294776813860151, 51.819825588769461 ], [ 8.288759393051885, 51.83711415085461 ] ] ] }, { "type": "Polygon", "coordinates": [ [ [ 8.295953383149737, 51.542773237471401 ], [ 8.296775629720536, 51.545465812626823 ], [ 8.334783290356029, 51.536681782636272 ], [ 8.338194106070066, 51.508775742925323 ], [ 8.314925654146705, 51.49421903482628 ], [ 8.304113673910564, 51.504640068770172 ], [ 8.295953383149737, 51.542773237471401 ] ] ] }, { "type": "Polygon", "coordinates": [ [ [ 8.296775629720536, 51.545465812626823 ], [ 8.290113605265683, 51.55997447780701 ], [ 8.325365881668649, 51.588718642465864 ], [ 8.346345544923384, 51.583983196722066 ], [ 8.352180094503334, 51.549617309586765 ], [ 8.334783290356029, 51.536681782636272 ], [ 8.296775629720536, 51.545465812626823 ] ] ] }, { "type": "Polygon", "coordinates": [ [ [ 8.279505401954323, 51.645726259784254 ], [ 8.277044900679714, 51.706703176937474 ], [ 8.317270267337934, 51.702915322721275 ], [ 8.337842852294866, 51.64342057608124 ], [ 8.335702242978723, 51.639663506570265 ], [ 8.327703007417266, 51.635728081277705 ], [ 8.279505401954323, 51.645726259784254 ] ] ] }, { "type": "Polygon", "coordinates": [ [ [ 8.288522520034999, 52.078971118141276 ], [ 8.318401414049937, 52.092663301308171 ], [ 8.338678240067971, 52.065850864603576 ], [ 8.335518866604108, 52.053135183334632 ], [ 8.323831967715597, 52.051996087558038 ], [ 8.289602116125648, 52.0692623614353 ], [ 8.288522520034999, 52.078971118141276 ] ] ] }, { "type": "Polygon", "coordinates": [ [ [ 8.339390895528707, 51.808970230743462 ], [ 8.338649243318846, 51.809601632457259 ], [ 8.3376948851962, 51.811571049919202 ], [ 8.334865742631315, 51.873686236878733 ], [ 8.336098185526684, 51.879707969514307 ], [ 8.379370299041701, 51.872364388177779 ], [ 8.39336902145692, 51.862383522331079 ], [ 8.382397392507144, 51.821640494199151 ], [ 8.339390895528707, 51.808970230743462 ] ] ] }, { "type": "Polygon", "coordinates": [ [ [ 8.338649243318846, 51.809601632457259 ], [ 8.339390895528707, 51.808970230743462 ], [ 8.340040296095744, 51.807385753952623 ], [ 8.341751479009368, 51.766612098954155 ], [ 8.293238279158214, 51.754345550101895 ], [ 8.299282820118052, 51.783946624183287 ], [ 8.338649243318846, 51.809601632457259 ] ] ] }, { "type": "Polygon", "coordinates": [ [ [ 8.295008436278033, 51.979051547880402 ], [ 8.313241613619258, 52.005924060221695 ], [ 8.319626134761343, 52.006615377749441 ], [ 8.331276437797856, 52.00058419169477 ], [ 8.34779338337554, 51.959211254469807 ], [ 8.322538836708254, 51.939908759515916 ], [ 8.295008436278033, 51.979051547880402 ] ] ] }, { "type": "Polygon", "coordinates": [ [ [ 8.277044900679714, 51.706703176937474 ], [ 8.263527714837725, 51.718772996014522 ], [ 8.293238279158214, 51.754345550101895 ], [ 8.341751479009368, 51.766612098954155 ], [ 8.357717788167005, 51.744761299222411 ], [ 8.360013846227959, 51.72977086431878 ], [ 8.339039438174867, 51.709169247328767 ], [ 8.317270267337934, 51.702915322721275 ], [ 8.277044900679714, 51.706703176937474 ] ] ] }, { "type": "Polygon", "coordinates": [ [ [ 8.306819686073343, 52.409332666474349 ], [ 8.30961043189542, 52.441714024639097 ], [ 8.363225544356172, 52.433505011895903 ], [ 8.367773769438543, 52.429335476757331 ], [ 8.370357059008564, 52.404544876222644 ], [ 8.357937589940464, 52.386029746615428 ], [ 8.306819686073343, 52.409332666474349 ] ] ] }, { "type": "Polygon", "coordinates": [ [ [ 8.306552025171161, 52.214474148740528 ], [ 8.29395702680679, 52.23732588486039 ], [ 8.34151900632261, 52.259665950743077 ], [ 8.355868543172923, 52.226744228059253 ], [ 8.306552025171161, 52.214474148740528 ] ] ] }, { "type": "Polygon", "coordinates": [ [ [ 8.338194106070066, 51.508775742925323 ], [ 8.334783290356029, 51.536681782636272 ], [ 8.352180094503334, 51.549617309586765 ], [ 8.377903191306224, 51.541632972720478 ], [ 8.382573272512854, 51.536523524795022 ], [ 8.382993914808893, 51.519819853188196 ], [ 8.345958769308494, 51.504384411201706 ], [ 8.338194106070066, 51.508775742925323 ] ] ] }, { "type": "Polygon", "coordinates": [ [ [ 8.325365881668649, 51.588718642465864 ], [ 8.319683589898478, 51.602397711819172 ], [ 8.327703007417266, 51.635728081277705 ], [ 8.335702242978723, 51.639663506570265 ], [ 8.367992442536755, 51.600941125147322 ], [ 8.346345544923384, 51.583983196722066 ], [ 8.325365881668649, 51.588718642465864 ] ] ] }, { "type": "Polygon", "coordinates": [ [ [ 8.31001095272625, 52.296508514823017 ], [ 8.33595299907158, 52.349046777512775 ], [ 8.356643423490802, 52.359293382309986 ], [ 8.362762834953692, 52.329365458405874 ], [ 8.343318637282751, 52.285904880203013 ], [ 8.31001095272625, 52.296508514823017 ] ] ] }, { "type": "Polygon", "coordinates": [ [ [ 8.318401414049937, 52.092663301308171 ], [ 8.318920212769216, 52.093810069209191 ], [ 8.351805546132111, 52.098684254726408 ], [ 8.361593890334914, 52.085152729623367 ], [ 8.338678240067971, 52.065850864603576 ], [ 8.318401414049937, 52.092663301308171 ] ] ] }, { "type": "Polygon", "coordinates": [ [ [ 8.318920212769216, 52.093810069209191 ], [ 8.319469226499145, 52.153422179255621 ], [ 8.329122201359398, 52.153154151782061 ], [ 8.346353813237338, 52.140346086233293 ], [ 8.351805546132111, 52.098684254726408 ], [ 8.318920212769216, 52.093810069209191 ] ] ] }, { "type": "Polygon", "coordinates": [ [ [ 8.319626134761343, 52.006615377749441 ], [ 8.345267246990419, 52.040589852641865 ], [ 8.359577595107755, 52.034911433492184 ], [ 8.361350898259271, 52.006415222011114 ], [ 8.331276437797856, 52.00058419169477 ], [ 8.319626134761343, 52.006615377749441 ] ] ] }, { "type": "Polygon", "coordinates": [ [ [ 8.34779338337554, 51.959211254469807 ], [ 8.331276437797856, 52.00058419169477 ], [ 8.361350898259271, 52.006415222011114 ], [ 8.373614270360711, 51.990589632170085 ], [ 8.35243138862795, 51.960673884540299 ], [ 8.34779338337554, 51.959211254469807 ] ] ] }, { "type": "Polygon", "coordinates": [ [ [ 8.335518866604108, 52.053135183334632 ], [ 8.338678240067971, 52.065850864603576 ], [ 8.361593890334914, 52.085152729623367 ], [ 8.383976914892541, 52.082854706989956 ], [ 8.391884117005217, 52.048174111621897 ], [ 8.359577595107755, 52.034911433492184 ], [ 8.345267246990419, 52.040589852641865 ], [ 8.335518866604108, 52.053135183334632 ] ] ] }, { "type": "Polygon", "coordinates": [ [ [ 8.352180094503334, 51.549617309586765 ], [ 8.346345544923384, 51.583983196722066 ], [ 8.367992442536755, 51.600941125147322 ], [ 8.372945487959981, 51.601675027302534 ], [ 8.393407465673329, 51.590059688447298 ], [ 8.377903191306224, 51.541632972720478 ], [ 8.352180094503334, 51.549617309586765 ] ] ] }, { "type": "Polygon", "coordinates": [ [ [ 8.367773769438543, 52.429335476757331 ], [ 8.363225544356172, 52.433505011895903 ], [ 8.338356938594279, 52.47204050509869 ], [ 8.341815532889726, 52.472477469006556 ], [ 8.361192504902816, 52.470143583556002 ], [ 8.381300281285169, 52.450949149349633 ], [ 8.367773769438543, 52.429335476757331 ] ] ] }, { "type": "Polygon", "coordinates": [ [ [ 8.34151900632261, 52.259665950743077 ], [ 8.344432082850746, 52.284501723599156 ], [ 8.38909902552953, 52.276504749022443 ], [ 8.37644636168562, 52.22172334837235 ], [ 8.368312243521215, 52.221007417631156 ], [ 8.355868543172923, 52.226744228059253 ], [ 8.34151900632261, 52.259665950743077 ] ] ] }, { "type": "Polygon", "coordinates": [ [ [ 8.337842852294866, 51.64342057608124 ], [ 8.317270267337934, 51.702915322721275 ], [ 8.339039438174867, 51.709169247328767 ], [ 8.374216861275352, 51.664671939841654 ], [ 8.374144479409878, 51.659420542699614 ], [ 8.337842852294866, 51.64342057608124 ] ] ] }, { "type": "Polygon", "coordinates": [ [ [ 8.361593890334914, 52.085152729623367 ], [ 8.351805546132111, 52.098684254726408 ], [ 8.346353813237338, 52.140346086233293 ], [ 8.358331467951807, 52.137615986533596 ], [ 8.3821201146527, 52.119580098449468 ], [ 8.389565504228228, 52.090616011172358 ], [ 8.383976914892541, 52.082854706989956 ], [ 8.361593890334914, 52.085152729623367 ] ] ] }, { "type": "Polygon", "coordinates": [ [ [ 8.362762834953692, 52.329365458405874 ], [ 8.356643423490802, 52.359293382309986 ], [ 8.361677895575903, 52.369511108912917 ], [ 8.406763783717196, 52.35721145069688 ], [ 8.410005031401024, 52.34961161130456 ], [ 8.409790889992546, 52.315203347577985 ], [ 8.40308724862523, 52.302814088484396 ], [ 8.362762834953692, 52.329365458405874 ] ] ] }, { "type": "Polygon", "coordinates": [ [ [ 8.361350898259271, 52.006415222011114 ], [ 8.359577595107755, 52.034911433492184 ], [ 8.391884117005217, 52.048174111621897 ], [ 8.39927186645142, 52.043651637407756 ], [ 8.405502831571255, 52.035656431154379 ], [ 8.390156899760596, 51.991989144921398 ], [ 8.373614270360711, 51.990589632170085 ], [ 8.361350898259271, 52.006415222011114 ] ] ] }, { "type": "Polygon", "coordinates": [ [ [ 8.367992442536755, 51.600941125147322 ], [ 8.335702242978723, 51.639663506570265 ], [ 8.337842852294866, 51.64342057608124 ], [ 8.374144479409878, 51.659420542699614 ], [ 8.38761111896595, 51.644615351564489 ], [ 8.372945487959981, 51.601675027302534 ], [ 8.367992442536755, 51.600941125147322 ] ] ] }, { "type": "Polygon", "coordinates": [ [ [ 8.344432082850746, 52.284501723599156 ], [ 8.343318637282751, 52.285904880203013 ], [ 8.362762834953692, 52.329365458405874 ], [ 8.40308724862523, 52.302814088484396 ], [ 8.40390218762527, 52.2844584142508 ], [ 8.38909902552953, 52.276504749022443 ], [ 8.344432082850746, 52.284501723599156 ] ] ] }, { "type": "Polygon", "coordinates": [ [ [ 8.341751479009368, 51.766612098954155 ], [ 8.340040296095744, 51.807385753952623 ], [ 8.389604452843187, 51.78025347015523 ], [ 8.357717788167005, 51.744761299222411 ], [ 8.341751479009368, 51.766612098954155 ] ] ] }, { "type": "Polygon", "coordinates": [ [ [ 8.402644616972267, 51.033046020614826 ], [ 8.420632551627724, 51.218628080965516 ], [ 8.480342036870553, 51.454668538370456 ], [ 8.519596282020029, 51.473821973802252 ], [ 8.541333556739295, 51.473588360367252 ], [ 8.550610190130824, 51.467456729026651 ], [ 8.57841943214939, 51.30081082337599 ], [ 8.51181996661073, 50.263710074958794 ], [ 8.402644616972267, 51.033046020614826 ] ] ] }, { "type": "Polygon", "coordinates": [ [ [ 8.345958769308494, 51.504384411201706 ], [ 8.382993914808893, 51.519819853188196 ], [ 8.386614561213131, 51.513305131920632 ], [ 8.385500864608549, 51.481707964144803 ], [ 8.35992649705684, 51.474235545560582 ], [ 8.345958769308494, 51.504384411201706 ] ] ] }, { "type": "Polygon", "coordinates": [ [ [ 8.400222933253245, 52.489559477416357 ], [ 8.471757256133792, 52.565658755098781 ], [ 8.47126565868429, 52.552362889185986 ], [ 8.453814010755641, 52.469111058119516 ], [ 8.44028124751701, 52.447182879020225 ], [ 8.410344679026753, 52.447847424801793 ], [ 8.398725076806098, 52.459190091423572 ], [ 8.400222933253245, 52.489559477416357 ] ] ] }, { "type": "Polygon", "coordinates": [ [ [ 8.471757256133792, 52.565658755098781 ], [ 8.400222933253245, 52.489559477416357 ], [ 8.393339146448806, 52.489337365056393 ], [ 8.371120892641731, 52.497107331884592 ], [ 8.359777975462247, 52.511457903614279 ], [ 8.472646813126561, 52.568334544123616 ], [ 8.471757256133792, 52.565658755098781 ] ] ] }, { "type": "Polygon", "coordinates": [ [ [ 8.329122201359398, 52.153154151782061 ], [ 8.338663594122732, 52.162340941871868 ], [ 8.393172641648112, 52.178925843943105 ], [ 8.402918053402692, 52.159572695428238 ], [ 8.402897047964498, 52.159141400863859 ], [ 8.358331467951807, 52.137615986533596 ], [ 8.346353813237338, 52.140346086233293 ], [ 8.329122201359398, 52.153154151782061 ] ] ] }, { "type": "Polygon", "coordinates": [ [ [ 8.368312243521215, 52.221007417631156 ], [ 8.37644636168562, 52.22172334837235 ], [ 8.396492164690642, 52.211131404794862 ], [ 8.393172641648112, 52.178925843943105 ], [ 8.338663594122732, 52.162340941871868 ], [ 8.368312243521215, 52.221007417631156 ] ] ] }, { "type": "Polygon", "coordinates": [ [ [ 8.361677895575903, 52.369511108912917 ], [ 8.357937589940464, 52.386029746615428 ], [ 8.370357059008564, 52.404544876222644 ], [ 8.401050686018511, 52.413300677825006 ], [ 8.434928455745897, 52.400896878989059 ], [ 8.427944310398898, 52.375115832670879 ], [ 8.406763783717196, 52.35721145069688 ], [ 8.361677895575903, 52.369511108912917 ] ] ] }, { "type": "Polygon", "coordinates": [ [ [ 8.336098185526684, 51.879707969514307 ], [ 8.329283404395142, 51.890826759179824 ], [ 8.38817155314074, 51.930778223339608 ], [ 8.397265108430606, 51.905614324765985 ], [ 8.379370299041701, 51.872364388177779 ], [ 8.336098185526684, 51.879707969514307 ] ] ] }, { "type": "Polygon", "coordinates": [ [ [ 8.339039438174867, 51.709169247328767 ], [ 8.360013846227959, 51.72977086431878 ], [ 8.400193376842997, 51.721352958238846 ], [ 8.406076878544447, 51.698607822899199 ], [ 8.374216861275352, 51.664671939841654 ], [ 8.339039438174867, 51.709169247328767 ] ] ] }, { "type": "Polygon", "coordinates": [ [ [ 8.389565504228228, 52.090616011172358 ], [ 8.3821201146527, 52.119580098449468 ], [ 8.402681170865211, 52.132906525530402 ], [ 8.42480930172702, 52.101247858787843 ], [ 8.424399249049674, 52.100202409192306 ], [ 8.389565504228228, 52.090616011172358 ] ] ] }, { "type": "Polygon", "coordinates": [ [ [ 8.374144479409878, 51.659420542699614 ], [ 8.374216861275352, 51.664671939841654 ], [ 8.406076878544447, 51.698607822899199 ], [ 8.409448224734472, 51.695882827699357 ], [ 8.427936490132351, 51.665663652751178 ], [ 8.42604613876745, 51.657198092015499 ], [ 8.412351549940604, 51.643230007643737 ], [ 8.38761111896595, 51.644615351564489 ], [ 8.374144479409878, 51.659420542699614 ] ] ] }, { "type": "Polygon", "coordinates": [ [ [ 8.386614561213131, 51.513305131920632 ], [ 8.382993914808893, 51.519819853188196 ], [ 8.382573272512854, 51.536523524795022 ], [ 8.413942939286933, 51.544655468867603 ], [ 8.434961541200968, 51.536373512717802 ], [ 8.435074212971019, 51.517986909457342 ], [ 8.422384544161186, 51.509090196637246 ], [ 8.386614561213131, 51.513305131920632 ] ] ] }, { "type": "Polygon", "coordinates": [ [ [ 8.355833721472857, 51.468369417818899 ], [ 8.35992649705684, 51.474235545560582 ], [ 8.385500864608549, 51.481707964144803 ], [ 8.40280687938429, 51.470604984065375 ], [ 8.395845267718588, 51.396325592334115 ], [ 8.355833721472857, 51.468369417818899 ] ] ] }, { "type": "Polygon", "coordinates": [ [ [ 8.361192504902816, 52.470143583556002 ], [ 8.393339146448806, 52.489337365056393 ], [ 8.400222933253245, 52.489559477416357 ], [ 8.398725076806098, 52.459190091423572 ], [ 8.381300281285169, 52.450949149349633 ], [ 8.361192504902816, 52.470143583556002 ] ] ] }, { "type": "Polygon", "coordinates": [ [ [ 8.393339146448806, 52.489337365056393 ], [ 8.361192504902816, 52.470143583556002 ], [ 8.341815532889726, 52.472477469006556 ], [ 8.371120892641731, 52.497107331884592 ], [ 8.393339146448806, 52.489337365056393 ] ] ] }, { "type": "Polygon", "coordinates": [ [ [ 8.340040296095744, 51.807385753952623 ], [ 8.339390895528707, 51.808970230743462 ], [ 8.382397392507144, 51.821640494199151 ], [ 8.402493948069829, 51.804452551374943 ], [ 8.404820208278046, 51.78380313055434 ], [ 8.389604452843187, 51.78025347015523 ], [ 8.340040296095744, 51.807385753952623 ] ] ] }, { "type": "Polygon", "coordinates": [ [ [ 8.372945487959981, 51.601675027302534 ], [ 8.38761111896595, 51.644615351564489 ], [ 8.412351549940604, 51.643230007643737 ], [ 8.429462023701612, 51.599118880232915 ], [ 8.408944410646349, 51.58990809570912 ], [ 8.393407465673329, 51.590059688447298 ], [ 8.372945487959981, 51.601675027302534 ] ] ] }, { "type": "Polygon", "coordinates": [ [ [ 8.360013846227959, 51.72977086431878 ], [ 8.357717788167005, 51.744761299222411 ], [ 8.389604452843187, 51.78025347015523 ], [ 8.404820208278046, 51.78380313055434 ], [ 8.430350646079036, 51.765171288787371 ], [ 8.430321835152462, 51.74950771946525 ], [ 8.400193376842997, 51.721352958238846 ], [ 8.360013846227959, 51.72977086431878 ] ] ] }, { "type": "Polygon", "coordinates": [ [ [ 8.382573272512854, 51.536523524795022 ], [ 8.377903191306224, 51.541632972720478 ], [ 8.393407465673329, 51.590059688447298 ], [ 8.408944410646349, 51.58990809570912 ], [ 8.413942939286933, 51.544655468867603 ], [ 8.382573272512854, 51.536523524795022 ] ] ] }, { "type": "Polygon", "coordinates": [ [ [ 8.37644636168562, 52.22172334837235 ], [ 8.38909902552953, 52.276504749022443 ], [ 8.40390218762527, 52.2844584142508 ], [ 8.440951247327563, 52.265397664641746 ], [ 8.441566102549354, 52.252931995030366 ], [ 8.424988128583449, 52.217143571365114 ], [ 8.396492164690642, 52.211131404794862 ], [ 8.37644636168562, 52.22172334837235 ] ] ] }, { "type": "Polygon", "coordinates": [ [ [ 8.47126565868429, 52.552362889185986 ], [ 8.471757256133792, 52.565658755098781 ], [ 8.472646813126561, 52.568334544123616 ], [ 8.52264392634368, 52.685668213838476 ], [ 8.570364869232801, 52.518181540009863 ], [ 8.538582710555373, 52.430574544678585 ], [ 8.508908200362171, 52.422959144578236 ], [ 8.47126565868429, 52.552362889185986 ] ] ] }, { "type": "Polygon", "coordinates": [ [ [ 8.370357059008564, 52.404544876222644 ], [ 8.367773769438543, 52.429335476757331 ], [ 8.381300281285169, 52.450949149349633 ], [ 8.398725076806098, 52.459190091423572 ], [ 8.410344679026753, 52.447847424801793 ], [ 8.401050686018511, 52.413300677825006 ], [ 8.370357059008564, 52.404544876222644 ] ] ] }, { "type": "Polygon", "coordinates": [ [ [ 8.393172641648112, 52.178925843943105 ], [ 8.396492164690642, 52.211131404794862 ], [ 8.424988128583449, 52.217143571365114 ], [ 8.442437724262684, 52.197030593098908 ], [ 8.443190628528596, 52.179727057860894 ], [ 8.402918053402692, 52.159572695428238 ], [ 8.393172641648112, 52.178925843943105 ] ] ] }, { "type": "Polygon", "coordinates": [ [ [ 8.383976914892541, 52.082854706989956 ], [ 8.389565504228228, 52.090616011172358 ], [ 8.424399249049674, 52.100202409192306 ], [ 8.437275612849348, 52.079426829205403 ], [ 8.39927186645142, 52.043651637407756 ], [ 8.391884117005217, 52.048174111621897 ], [ 8.383976914892541, 52.082854706989956 ] ] ] }, { "type": "Polygon", "coordinates": [ [ [ 8.420632551627724, 51.218628080965516 ], [ 8.395845267718588, 51.396325592334115 ], [ 8.40280687938429, 51.470604984065375 ], [ 8.413193685237214, 51.474552778236699 ], [ 8.472619450656792, 51.46298315906634 ], [ 8.480342036870553, 51.454668538370456 ], [ 8.420632551627724, 51.218628080965516 ] ] ] }, { "type": "Polygon", "coordinates": [ [ [ 8.402493948069829, 51.804452551374943 ], [ 8.382397392507144, 51.821640494199151 ], [ 8.39336902145692, 51.862383522331079 ], [ 8.40360851703571, 51.861239254118537 ], [ 8.428526953036297, 51.833611948552793 ], [ 8.402493948069829, 51.804452551374943 ] ] ] }, { "type": "Polygon", "coordinates": [ [ [ 8.35243138862795, 51.960673884540299 ], [ 8.373614270360711, 51.990589632170085 ], [ 8.390156899760596, 51.991989144921398 ], [ 8.411260956647679, 51.975398109662997 ], [ 8.387162538229285, 51.942042446808344 ], [ 8.35243138862795, 51.960673884540299 ] ] ] }, { "type": "Polygon", "coordinates": [ [ [ 8.3821201146527, 52.119580098449468 ], [ 8.358331467951807, 52.137615986533596 ], [ 8.402897047964498, 52.159141400863859 ], [ 8.408132201232476, 52.148694770573421 ], [ 8.402681170865211, 52.132906525530402 ], [ 8.3821201146527, 52.119580098449468 ] ] ] }, { "type": "Polygon", "coordinates": [ [ [ 8.39336902145692, 51.862383522331079 ], [ 8.379370299041701, 51.872364388177779 ], [ 8.397265108430606, 51.905614324765985 ], [ 8.42366892271049, 51.907631503416582 ], [ 8.408533294373793, 51.865155719713698 ], [ 8.40360851703571, 51.861239254118537 ], [ 8.39336902145692, 51.862383522331079 ] ] ] }, { "type": "Polygon", "coordinates": [ [ [ 8.38817155314074, 51.930778223339608 ], [ 8.38942458715707, 51.934788123580859 ], [ 8.421858686409321, 51.930965320988832 ], [ 8.433010508851989, 51.913295180494337 ], [ 8.42366892271049, 51.907631503416582 ], [ 8.397265108430606, 51.905614324765985 ], [ 8.38817155314074, 51.930778223339608 ] ] ] }, { "type": "Polygon", "coordinates": [ [ [ 8.387162538229285, 51.942042446808344 ], [ 8.411260956647679, 51.975398109662997 ], [ 8.425107970273372, 51.974546713313153 ], [ 8.430231299256432, 51.963557473803036 ], [ 8.421858686409321, 51.930965320988832 ], [ 8.38942458715707, 51.934788123580859 ], [ 8.387162538229285, 51.942042446808344 ] ] ] }, { "type": "Polygon", "coordinates": [ [ [ 8.401050686018511, 52.413300677825006 ], [ 8.410344679026753, 52.447847424801793 ], [ 8.44028124751701, 52.447182879020225 ], [ 8.448414960471624, 52.409441124309765 ], [ 8.434928455745897, 52.400896878989059 ], [ 8.401050686018511, 52.413300677825006 ] ] ] }, { "type": "Polygon", "coordinates": [ [ [ 8.413942939286933, 51.544655468867603 ], [ 8.408944410646349, 51.58990809570912 ], [ 8.429462023701612, 51.599118880232915 ], [ 8.448366597997664, 51.595614250428241 ], [ 8.442137047352233, 51.542919272927556 ], [ 8.434961541200968, 51.536373512717802 ], [ 8.413942939286933, 51.544655468867603 ] ] ] }, { "type": "Polygon", "coordinates": [ [ [ 8.385500864608549, 51.481707964144803 ], [ 8.386614561213131, 51.513305131920632 ], [ 8.422384544161186, 51.509090196637246 ], [ 8.413193685237214, 51.474552778236699 ], [ 8.40280687938429, 51.470604984065375 ], [ 8.385500864608549, 51.481707964144803 ] ] ] }, { "type": "Polygon", "coordinates": [ [ [ 8.40308724862523, 52.302814088484396 ], [ 8.409790889992546, 52.315203347577985 ], [ 8.462851704609946, 52.32318855667183 ], [ 8.461622290049364, 52.282904278887209 ], [ 8.440951247327563, 52.265397664641746 ], [ 8.40390218762527, 52.2844584142508 ], [ 8.40308724862523, 52.302814088484396 ] ] ] }, { "type": "Polygon", "coordinates": [ [ [ 8.404820208278046, 51.78380313055434 ], [ 8.402493948069829, 51.804452551374943 ], [ 8.428526953036297, 51.833611948552793 ], [ 8.455881889952533, 51.827966046739796 ], [ 8.460636865654246, 51.792531859724633 ], [ 8.430350646079036, 51.765171288787371 ], [ 8.404820208278046, 51.78380313055434 ] ] ] }, { "type": "Polygon", "coordinates": [ [ [ 8.411260956647679, 51.975398109662997 ], [ 8.390156899760596, 51.991989144921398 ], [ 8.405502831571255, 52.035656431154379 ], [ 8.435159986433041, 52.02660271160542 ], [ 8.435713827221125, 52.026078760627215 ], [ 8.446867625002817, 52.001184637405892 ], [ 8.432267145540244, 51.982604144160398 ], [ 8.425107970273372, 51.974546713313153 ], [ 8.411260956647679, 51.975398109662997 ] ] ] }, { "type": "Polygon", "coordinates": [ [ [ 8.406076878544447, 51.698607822899199 ], [ 8.400193376842997, 51.721352958238846 ], [ 8.430321835152462, 51.74950771946525 ], [ 8.471685585078955, 51.718356288246291 ], [ 8.46657076957398, 51.704029474652899 ], [ 8.463053630439989, 51.702095468375248 ], [ 8.409448224734472, 51.695882827699357 ], [ 8.406076878544447, 51.698607822899199 ] ] ] }, { "type": "Polygon", "coordinates": [ [ [ 8.402897047964498, 52.159141400863859 ], [ 8.402918053402692, 52.159572695428238 ], [ 8.443190628528596, 52.179727057860894 ], [ 8.448363104639153, 52.171084492769346 ], [ 8.453184390718409, 52.142036409970025 ], [ 8.450570073852859, 52.133164557254645 ], [ 8.408132201232476, 52.148694770573421 ], [ 8.402897047964498, 52.159141400863859 ] ] ] }, { "type": "Polygon", "coordinates": [ [ [ 8.409790889992546, 52.315203347577985 ], [ 8.410005031401024, 52.34961161130456 ], [ 8.464127817195596, 52.329116490906522 ], [ 8.46445310247142, 52.327084760745954 ], [ 8.462851704609946, 52.32318855667183 ], [ 8.409790889992546, 52.315203347577985 ] ] ] }, { "type": "Polygon", "coordinates": [ [ [ 8.413193685237214, 51.474552778236699 ], [ 8.422384544161186, 51.509090196637246 ], [ 8.435074212971019, 51.517986909457342 ], [ 8.462209390422071, 51.492774897248076 ], [ 8.472619450656792, 51.46298315906634 ], [ 8.413193685237214, 51.474552778236699 ] ] ] }, { "type": "Polygon", "coordinates": [ [ [ 8.40360851703571, 51.861239254118537 ], [ 8.408533294373793, 51.865155719713698 ], [ 8.467261391350474, 51.887114564221392 ], [ 8.477794636177896, 51.854508176554688 ], [ 8.455881889952533, 51.827966046739796 ], [ 8.428526953036297, 51.833611948552793 ], [ 8.40360851703571, 51.861239254118537 ] ] ] }, { "type": "Polygon", "coordinates": [ [ [ 8.408533294373793, 51.865155719713698 ], [ 8.42366892271049, 51.907631503416582 ], [ 8.433010508851989, 51.913295180494337 ], [ 8.461058160545448, 51.906225226567528 ], [ 8.467966496370712, 51.897488594883157 ], [ 8.467261391350474, 51.887114564221392 ], [ 8.408533294373793, 51.865155719713698 ] ] ] }, { "type": "Polygon", "coordinates": [ [ [ 8.402681170865211, 52.132906525530402 ], [ 8.408132201232476, 52.148694770573421 ], [ 8.450570073852859, 52.133164557254645 ], [ 8.450923343145941, 52.131466385618054 ], [ 8.42480930172702, 52.101247858787843 ], [ 8.402681170865211, 52.132906525530402 ] ] ] }, { "type": "Polygon", "coordinates": [ [ [ 8.424399249049674, 52.100202409192306 ], [ 8.42480930172702, 52.101247858787843 ], [ 8.450923343145941, 52.131466385618054 ], [ 8.48346991837364, 52.109333835405387 ], [ 8.483397866806103, 52.092368482153894 ], [ 8.442541468490768, 52.076523138859315 ], [ 8.437275612849348, 52.079426829205403 ], [ 8.424399249049674, 52.100202409192306 ] ] ] }, { "type": "Polygon", "coordinates": [ [ [ 8.405502831571255, 52.035656431154379 ], [ 8.39927186645142, 52.043651637407756 ], [ 8.437275612849348, 52.079426829205403 ], [ 8.442541468490768, 52.076523138859315 ], [ 8.446565844952199, 52.064270307131729 ], [ 8.435159986433041, 52.02660271160542 ], [ 8.405502831571255, 52.035656431154379 ] ] ] }, { "type": "Polygon", "coordinates": [ [ [ 8.427936490132351, 51.665663652751178 ], [ 8.409448224734472, 51.695882827699357 ], [ 8.463053630439989, 51.702095468375248 ], [ 8.431748853442265, 51.667461758099144 ], [ 8.427936490132351, 51.665663652751178 ] ] ] }, { "type": "Polygon", "coordinates": [ [ [ 8.410005031401024, 52.34961161130456 ], [ 8.406763783717196, 52.35721145069688 ], [ 8.427944310398898, 52.375115832670879 ], [ 8.467607776667515, 52.349205346396218 ], [ 8.464127817195596, 52.329116490906522 ], [ 8.410005031401024, 52.34961161130456 ] ] ] }, { "type": "Polygon", "coordinates": [ [ [ 8.433010508851989, 51.913295180494337 ], [ 8.421858686409321, 51.930965320988832 ], [ 8.430231299256432, 51.963557473803036 ], [ 8.463235092811242, 51.943560784987049 ], [ 8.461058160545448, 51.906225226567528 ], [ 8.433010508851989, 51.913295180494337 ] ] ] }, { "type": "Polygon", "coordinates": [ [ [ 8.453814010755641, 52.469111058119516 ], [ 8.47126565868429, 52.552362889185986 ], [ 8.508908200362171, 52.422959144578236 ], [ 8.500666685859715, 52.416278542933078 ], [ 8.453814010755641, 52.469111058119516 ] ] ] }, { "type": "Polygon", "coordinates": [ [ [ 8.44028124751701, 52.447182879020225 ], [ 8.453814010755641, 52.469111058119516 ], [ 8.500666685859715, 52.416278542933078 ], [ 8.498088567133657, 52.412651734394125 ], [ 8.476180873888081, 52.404209097940381 ], [ 8.448414960471624, 52.409441124309765 ], [ 8.44028124751701, 52.447182879020225 ] ] ] }, { "type": "Polygon", "coordinates": [ [ [ 8.430321835152462, 51.74950771946525 ], [ 8.430350646079036, 51.765171288787371 ], [ 8.460636865654246, 51.792531859724633 ], [ 8.497079394879542, 51.780545902540389 ], [ 8.499789038620298, 51.777744116585545 ], [ 8.482130421513972, 51.721790207087224 ], [ 8.471685585078955, 51.718356288246291 ], [ 8.430321835152462, 51.74950771946525 ] ] ] }, { "type": "Polygon", "coordinates": [ [ [ 8.412351549940604, 51.643230007643737 ], [ 8.42604613876745, 51.657198092015499 ], [ 8.453588884083169, 51.640442628758301 ], [ 8.460018760612842, 51.599662039969829 ], [ 8.448366597997664, 51.595614250428241 ], [ 8.429462023701612, 51.599118880232915 ], [ 8.412351549940604, 51.643230007643737 ] ] ] }, { "type": "Polygon", "coordinates": [ [ [ 8.430231299256432, 51.963557473803036 ], [ 8.425107970273372, 51.974546713313153 ], [ 8.432267145540244, 51.982604144160398 ], [ 8.477458229888573, 51.957447764028636 ], [ 8.463235092811242, 51.943560784987049 ], [ 8.430231299256432, 51.963557473803036 ] ] ] }, { "type": "Polygon", "coordinates": [ [ [ 8.442437724262684, 52.197030593098908 ], [ 8.424988128583449, 52.217143571365114 ], [ 8.441566102549354, 52.252931995030366 ], [ 8.472738139170831, 52.234795536855678 ], [ 8.479705479559948, 52.203932775198119 ], [ 8.442437724262684, 52.197030593098908 ] ] ] }, { "type": "Polygon", "coordinates": [ [ [ 8.427944310398898, 52.375115832670879 ], [ 8.434928455745897, 52.400896878989059 ], [ 8.448414960471624, 52.409441124309765 ], [ 8.476180873888081, 52.404209097940381 ], [ 8.470649445873024, 52.352873088169893 ], [ 8.467607776667515, 52.349205346396218 ], [ 8.427944310398898, 52.375115832670879 ] ] ] }, { "type": "Polygon", "coordinates": [ [ [ 8.472619450656792, 51.46298315906634 ], [ 8.462209390422071, 51.492774897248076 ], [ 8.483285568914232, 51.536212181228848 ], [ 8.501694182868013, 51.533445324811048 ], [ 8.505684436559578, 51.52806552406512 ], [ 8.519596282020029, 51.473821973802252 ], [ 8.480342036870553, 51.454668538370456 ], [ 8.472619450656792, 51.46298315906634 ] ] ] }, { "type": "Polygon", "coordinates": [ [ [ 8.435074212971019, 51.517986909457342 ], [ 8.434961541200968, 51.536373512717802 ], [ 8.442137047352233, 51.542919272927556 ], [ 8.479169630189045, 51.540083539582326 ], [ 8.483285568914232, 51.536212181228848 ], [ 8.462209390422071, 51.492774897248076 ], [ 8.435074212971019, 51.517986909457342 ] ] ] }, { "type": "Polygon", "coordinates": [ [ [ 8.435713827221125, 52.026078760627215 ], [ 8.435159986433041, 52.02660271160542 ], [ 8.446565844952199, 52.064270307131729 ], [ 8.474578525765809, 52.051891929324277 ], [ 8.476344232481649, 52.045635788224381 ], [ 8.435713827221125, 52.026078760627215 ] ] ] }, { "type": "Polygon", "coordinates": [ [ [ 8.443190628528596, 52.179727057860894 ], [ 8.442437724262684, 52.197030593098908 ], [ 8.479705479559948, 52.203932775198119 ], [ 8.493026081505388, 52.197929992899638 ], [ 8.493581799910443, 52.196561968464565 ], [ 8.48817312506378, 52.176640447322256 ], [ 8.448363104639153, 52.171084492769346 ], [ 8.443190628528596, 52.179727057860894 ] ] ] }, { "type": "Polygon", "coordinates": [ [ [ 8.431748853442265, 51.667461758099144 ], [ 8.463053630439989, 51.702095468375248 ], [ 8.46657076957398, 51.704029474652899 ], [ 8.472695790143197, 51.683866917482433 ], [ 8.461707421792957, 51.665588273475045 ], [ 8.431748853442265, 51.667461758099144 ] ] ] }, { "type": "Polygon", "coordinates": [ [ [ 8.427936490132351, 51.665663652751178 ], [ 8.431748853442265, 51.667461758099144 ], [ 8.461707421792957, 51.665588273475045 ], [ 8.46485319598626, 51.651817616345454 ], [ 8.453588884083169, 51.640442628758301 ], [ 8.42604613876745, 51.657198092015499 ], [ 8.427936490132351, 51.665663652751178 ] ] ] }, { "type": "Polygon", "coordinates": [ [ [ 8.442137047352233, 51.542919272927556 ], [ 8.448366597997664, 51.595614250428241 ], [ 8.460018760612842, 51.599662039969829 ], [ 8.479017755591869, 51.598061600471929 ], [ 8.479169630189045, 51.540083539582326 ], [ 8.442137047352233, 51.542919272927556 ] ] ] }, { "type": "Polygon", "coordinates": [ [ [ 8.441566102549354, 52.252931995030366 ], [ 8.440951247327563, 52.265397664641746 ], [ 8.461622290049364, 52.282904278887209 ], [ 8.488850335665854, 52.27754769329384 ], [ 8.493212896196479, 52.270698280985648 ], [ 8.483922041173569, 52.238304496729647 ], [ 8.472738139170831, 52.234795536855678 ], [ 8.441566102549354, 52.252931995030366 ] ] ] }, { "type": "Polygon", "coordinates": [ [ [ 8.462851704609946, 52.32318855667183 ], [ 8.46445310247142, 52.327084760745954 ], [ 8.506311898126837, 52.321138376460212 ], [ 8.518087319430061, 52.315432184160052 ], [ 8.511866765203242, 52.296068784389753 ], [ 8.488850335665854, 52.27754769329384 ], [ 8.461622290049364, 52.282904278887209 ], [ 8.462851704609946, 52.32318855667183 ] ] ] }, { "type": "Polygon", "coordinates": [ [ [ 8.450923343145941, 52.131466385618054 ], [ 8.450570073852859, 52.133164557254645 ], [ 8.453184390718409, 52.142036409970025 ], [ 8.491237354124408, 52.16059883096505 ], [ 8.492897587037161, 52.159245296715262 ], [ 8.501642013559161, 52.139475582624328 ], [ 8.49676214099058, 52.118564297380622 ], [ 8.48346991837364, 52.109333835405387 ], [ 8.450923343145941, 52.131466385618054 ] ] ] }, { "type": "Polygon", "coordinates": [ [ [ 8.467966496370712, 51.897488594883157 ], [ 8.461058160545448, 51.906225226567528 ], [ 8.463235092811242, 51.943560784987049 ], [ 8.477458229888573, 51.957447764028636 ], [ 8.490249512792836, 51.968222117904823 ], [ 8.518375051131947, 51.952756023306186 ], [ 8.525774371560594, 51.934264726206948 ], [ 8.517632410308085, 51.917264017286833 ], [ 8.467966496370712, 51.897488594883157 ] ] ] }, { "type": "Polygon", "coordinates": [ [ [ 8.460018760612842, 51.599662039969829 ], [ 8.453588884083169, 51.640442628758301 ], [ 8.46485319598626, 51.651817616345454 ], [ 8.487389526633054, 51.648625775307728 ], [ 8.493678692049068, 51.607410931706426 ], [ 8.484441472816464, 51.599673470942108 ], [ 8.479017755591869, 51.598061600471929 ], [ 8.460018760612842, 51.599662039969829 ] ] ] }, { "type": "Polygon", "coordinates": [ [ [ 8.46445310247142, 52.327084760745954 ], [ 8.464127817195596, 52.329116490906522 ], [ 8.467607776667515, 52.349205346396218 ], [ 8.470649445873024, 52.352873088169893 ], [ 8.500378432638506, 52.357199752416896 ], [ 8.506311898126837, 52.321138376460212 ], [ 8.46445310247142, 52.327084760745954 ] ] ] }, { "type": "Polygon", "coordinates": [ [ [ 8.442541468490768, 52.076523138859315 ], [ 8.483397866806103, 52.092368482153894 ], [ 8.486119954204813, 52.087813002296265 ], [ 8.474578525765809, 52.051891929324277 ], [ 8.446565844952199, 52.064270307131729 ], [ 8.442541468490768, 52.076523138859315 ] ] ] }, { "type": "Polygon", "coordinates": [ [ [ 8.46657076957398, 51.704029474652899 ], [ 8.471685585078955, 51.718356288246291 ], [ 8.482130421513972, 51.721790207087224 ], [ 8.486107359742453, 51.720582822112085 ], [ 8.516292668345997, 51.670587542963204 ], [ 8.496327387172862, 51.664815013255669 ], [ 8.472695790143197, 51.683866917482433 ], [ 8.46657076957398, 51.704029474652899 ] ] ] }, { "type": "Polygon", "coordinates": [ [ [ 8.432267145540244, 51.982604144160398 ], [ 8.446867625002817, 52.001184637405892 ], [ 8.481446172666701, 51.996295531545755 ], [ 8.490249512792836, 51.968222117904823 ], [ 8.477458229888573, 51.957447764028636 ], [ 8.432267145540244, 51.982604144160398 ] ] ] }, { "type": "Polygon", "coordinates": [ [ [ 8.460636865654246, 51.792531859724633 ], [ 8.455881889952533, 51.827966046739796 ], [ 8.477794636177896, 51.854508176554688 ], [ 8.487817304404029, 51.851867964493636 ], [ 8.510589201139352, 51.8251395910426 ], [ 8.497079394879542, 51.780545902540389 ], [ 8.460636865654246, 51.792531859724633 ] ] ] }, { "type": "Polygon", "coordinates": [ [ [ 8.446867625002817, 52.001184637405892 ], [ 8.435713827221125, 52.026078760627215 ], [ 8.476344232481649, 52.045635788224381 ], [ 8.498991341791941, 52.026644257629101 ], [ 8.49012505341878, 52.007219026268054 ], [ 8.481446172666701, 51.996295531545755 ], [ 8.446867625002817, 52.001184637405892 ] ] ] }, { "type": "Polygon", "coordinates": [ [ [ 8.479169630189045, 51.540083539582326 ], [ 8.479017755591869, 51.598061600471929 ], [ 8.484441472816464, 51.599673470942108 ], [ 8.515606037811651, 51.558566073678911 ], [ 8.501694182868013, 51.533445324811048 ], [ 8.483285568914232, 51.536212181228848 ], [ 8.479169630189045, 51.540083539582326 ] ] ] }, { "type": "Polygon", "coordinates": [ [ [ 8.453184390718409, 52.142036409970025 ], [ 8.448363104639153, 52.171084492769346 ], [ 8.48817312506378, 52.176640447322256 ], [ 8.491237354124408, 52.16059883096505 ], [ 8.453184390718409, 52.142036409970025 ] ] ] }, { "type": "Polygon", "coordinates": [ [ [ 8.467261391350474, 51.887114564221392 ], [ 8.467966496370712, 51.897488594883157 ], [ 8.517632410308085, 51.917264017286833 ], [ 8.527239990094271, 51.898723223983069 ], [ 8.520075238344143, 51.864665184103487 ], [ 8.487817304404029, 51.851867964493636 ], [ 8.477794636177896, 51.854508176554688 ], [ 8.467261391350474, 51.887114564221392 ] ] ] }, { "type": "Polygon", "coordinates": [ [ [ 8.476344232481649, 52.045635788224381 ], [ 8.474578525765809, 52.051891929324277 ], [ 8.486119954204813, 52.087813002296265 ], [ 8.520211440323159, 52.068428167531032 ], [ 8.522558153359906, 52.061756303998322 ], [ 8.519180034755342, 52.03715025298186 ], [ 8.498991341791941, 52.026644257629101 ], [ 8.476344232481649, 52.045635788224381 ] ] ] }, { "type": "Polygon", "coordinates": [ [ [ 8.46485319598626, 51.651817616345454 ], [ 8.461707421792957, 51.665588273475045 ], [ 8.472695790143197, 51.683866917482433 ], [ 8.496327387172862, 51.664815013255669 ], [ 8.487389526633054, 51.648625775307728 ], [ 8.46485319598626, 51.651817616345454 ] ] ] }, { "type": "Polygon", "coordinates": [ [ [ 8.479705479559948, 52.203932775198119 ], [ 8.472738139170831, 52.234795536855678 ], [ 8.483922041173569, 52.238304496729647 ], [ 8.501691019730686, 52.234158593106365 ], [ 8.508221226432255, 52.220035590934742 ], [ 8.493026081505388, 52.197929992899638 ], [ 8.479705479559948, 52.203932775198119 ] ] ] }, { "type": "Polygon", "coordinates": [ [ [ 8.486119954204813, 52.087813002296265 ], [ 8.483397866806103, 52.092368482153894 ], [ 8.48346991837364, 52.109333835405387 ], [ 8.49676214099058, 52.118564297380622 ], [ 8.540211311718613, 52.111965792171311 ], [ 8.542813445167486, 52.109246000440258 ], [ 8.520211440323159, 52.068428167531032 ], [ 8.486119954204813, 52.087813002296265 ] ] ] }, { "type": "Polygon", "coordinates": [ [ [ 8.490249512792836, 51.968222117904823 ], [ 8.481446172666701, 51.996295531545755 ], [ 8.49012505341878, 52.007219026268054 ], [ 8.541562698306308, 51.985914358115849 ], [ 8.518375051131947, 51.952756023306186 ], [ 8.490249512792836, 51.968222117904823 ] ] ] }, { "type": "Polygon", "coordinates": [ [ [ 8.476180873888081, 52.404209097940381 ], [ 8.498088567133657, 52.412651734394125 ], [ 8.516558414018622, 52.372493589399532 ], [ 8.516252116881281, 52.367040000177845 ], [ 8.500378432638506, 52.357199752416896 ], [ 8.470649445873024, 52.352873088169893 ], [ 8.476180873888081, 52.404209097940381 ] ] ] }, { "type": "Polygon", "coordinates": [ [ [ 8.48817312506378, 52.176640447322256 ], [ 8.493581799910443, 52.196561968464565 ], [ 8.510892506012491, 52.189405772590881 ], [ 8.530625887596081, 52.169123409541058 ], [ 8.492897587037161, 52.159245296715262 ], [ 8.491237354124408, 52.16059883096505 ], [ 8.48817312506378, 52.176640447322256 ] ] ] }, { "type": "Polygon", "coordinates": [ [ [ 8.516558414018622, 52.372493589399532 ], [ 8.498088567133657, 52.412651734394125 ], [ 8.500666685859715, 52.416278542933078 ], [ 8.508908200362171, 52.422959144578236 ], [ 8.538582710555373, 52.430574544678585 ], [ 8.572809359652727, 52.399842821340378 ], [ 8.569580895465847, 52.391501513199138 ], [ 8.516558414018622, 52.372493589399532 ] ] ] }, { "type": "Polygon", "coordinates": [ [ [ 8.487389526633054, 51.648625775307728 ], [ 8.496327387172862, 51.664815013255669 ], [ 8.516292668345997, 51.670587542963204 ], [ 8.533020297926313, 51.668798975789279 ], [ 8.558507267630086, 51.629139344289037 ], [ 8.558562352518189, 51.628454128824522 ], [ 8.552737390252233, 51.620589244824878 ], [ 8.493678692049068, 51.607410931706426 ], [ 8.487389526633054, 51.648625775307728 ] ] ] }, { "type": "Polygon", "coordinates": [ [ [ 8.493581799910443, 52.196561968464565 ], [ 8.493026081505388, 52.197929992899638 ], [ 8.508221226432255, 52.220035590934742 ], [ 8.53387713159711, 52.223009975769223 ], [ 8.535486200293469, 52.22071687702789 ], [ 8.530797831751642, 52.202057171175902 ], [ 8.510892506012491, 52.189405772590881 ], [ 8.493581799910443, 52.196561968464565 ] ] ] }, { "type": "Polygon", "coordinates": [ [ [ 8.486107359742453, 51.720582822112085 ], [ 8.482130421513972, 51.721790207087224 ], [ 8.499789038620298, 51.777744116585545 ], [ 8.531395856431859, 51.7722357046474 ], [ 8.540584177010173, 51.746021679655492 ], [ 8.533837982620652, 51.721468458690417 ], [ 8.486107359742453, 51.720582822112085 ] ] ] }, { "type": "Polygon", "coordinates": [ [ [ 8.501691019730686, 52.234158593106365 ], [ 8.483922041173569, 52.238304496729647 ], [ 8.493212896196479, 52.270698280985648 ], [ 8.510094212491794, 52.256268713497093 ], [ 8.501691019730686, 52.234158593106365 ] ] ] }, { "type": "Polygon", "coordinates": [ [ [ 8.500378432638506, 52.357199752416896 ], [ 8.516252116881281, 52.367040000177845 ], [ 8.534606705881865, 52.344704520433929 ], [ 8.531828181105647, 52.321913171046589 ], [ 8.518087319430061, 52.315432184160052 ], [ 8.506311898126837, 52.321138376460212 ], [ 8.500378432638506, 52.357199752416896 ] ] ] }, { "type": "Polygon", "coordinates": [ [ [ 8.501691019730686, 52.234158593106365 ], [ 8.510094212491794, 52.256268713497093 ], [ 8.542164681884723, 52.256606105395321 ], [ 8.53387713159711, 52.223009975769223 ], [ 8.508221226432255, 52.220035590934742 ], [ 8.501691019730686, 52.234158593106365 ] ] ] }, { "type": "Polygon", "coordinates": [ [ [ 8.493212896196479, 52.270698280985648 ], [ 8.488850335665854, 52.27754769329384 ], [ 8.511866765203242, 52.296068784389753 ], [ 8.546652255694703, 52.260623191672885 ], [ 8.542164681884723, 52.256606105395321 ], [ 8.510094212491794, 52.256268713497093 ], [ 8.493212896196479, 52.270698280985648 ] ] ] }, { "type": "Polygon", "coordinates": [ [ [ 8.49012505341878, 52.007219026268054 ], [ 8.498991341791941, 52.026644257629101 ], [ 8.519180034755342, 52.03715025298186 ], [ 8.542561415683529, 52.022797086452051 ], [ 8.54540411462143, 51.988916602176403 ], [ 8.541562698306308, 51.985914358115849 ], [ 8.49012505341878, 52.007219026268054 ] ] ] }, { "type": "Polygon", "coordinates": [ [ [ 8.501694182868013, 51.533445324811048 ], [ 8.515606037811651, 51.558566073678911 ], [ 8.538401650370904, 51.562401071833861 ], [ 8.547543442507202, 51.534271820319212 ], [ 8.505684436559578, 51.52806552406512 ], [ 8.501694182868013, 51.533445324811048 ] ] ] }, { "type": "Polygon", "coordinates": [ [ [ 8.552737390252233, 51.620589244824878 ], [ 8.558562352518189, 51.628454128824522 ], [ 8.593207330076503, 51.619290134023615 ], [ 8.619069845613348, 51.563591263753366 ], [ 8.599115911549042, 51.548716850977684 ], [ 8.595028471243756, 51.548496780648286 ], [ 8.554772297282438, 51.58563281499746 ], [ 8.552737390252233, 51.620589244824878 ] ] ] }, { "type": "Polygon", "coordinates": [ [ [ 8.501642013559161, 52.139475582624328 ], [ 8.492897587037161, 52.159245296715262 ], [ 8.530625887596081, 52.169123409541058 ], [ 8.533896645565591, 52.167732610259428 ], [ 8.538994744907255, 52.159106131764744 ], [ 8.539042721427917, 52.15868315193412 ], [ 8.536025310443609, 52.151182582799514 ], [ 8.501642013559161, 52.139475582624328 ] ] ] }, { "type": "Polygon", "coordinates": [ [ [ 8.484441472816464, 51.599673470942108 ], [ 8.493678692049068, 51.607410931706426 ], [ 8.552737390252233, 51.620589244824878 ], [ 8.554772297282438, 51.58563281499746 ], [ 8.538401650370904, 51.562401071833861 ], [ 8.515606037811651, 51.558566073678911 ], [ 8.484441472816464, 51.599673470942108 ] ] ] }, { "type": "Polygon", "coordinates": [ [ [ 8.499789038620298, 51.777744116585545 ], [ 8.497079394879542, 51.780545902540389 ], [ 8.510589201139352, 51.8251395910426 ], [ 8.569748527171136, 51.822510287413188 ], [ 8.568307568669688, 51.809224854519897 ], [ 8.531395856431859, 51.7722357046474 ], [ 8.499789038620298, 51.777744116585545 ] ] ] }, { "type": "Polygon", "coordinates": [ [ [ 8.516292668345997, 51.670587542963204 ], [ 8.486107359742453, 51.720582822112085 ], [ 8.533837982620652, 51.721468458690417 ], [ 8.543220730144418, 51.705492102042811 ], [ 8.533020297926313, 51.668798975789279 ], [ 8.516292668345997, 51.670587542963204 ] ] ] }, { "type": "Polygon", "coordinates": [ [ [ 8.511866765203242, 52.296068784389753 ], [ 8.518087319430061, 52.315432184160052 ], [ 8.531828181105647, 52.321913171046589 ], [ 8.547968221516113, 52.31323242745367 ], [ 8.555267648391714, 52.289747046530444 ], [ 8.551849355416367, 52.262503507497406 ], [ 8.546652255694703, 52.260623191672885 ], [ 8.511866765203242, 52.296068784389753 ] ] ] }, { "type": "Polygon", "coordinates": [ [ [ 8.527239990094271, 51.898723223983069 ], [ 8.517632410308085, 51.917264017286833 ], [ 8.525774371560594, 51.934264726206948 ], [ 8.557831797657979, 51.933566854632218 ], [ 8.584171868426843, 51.912322986608885 ], [ 8.583678612090505, 51.894766315910147 ], [ 8.573531084813427, 51.877295134559262 ], [ 8.527239990094271, 51.898723223983069 ] ] ] }, { "type": "Polygon", "coordinates": [ [ [ 8.49676214099058, 52.118564297380622 ], [ 8.501642013559161, 52.139475582624328 ], [ 8.536025310443609, 52.151182582799514 ], [ 8.540211311718613, 52.111965792171311 ], [ 8.49676214099058, 52.118564297380622 ] ] ] }, { "type": "Polygon", "coordinates": [ [ [ 8.520075238344143, 51.864665184103487 ], [ 8.527239990094271, 51.898723223983069 ], [ 8.573531084813427, 51.877295134559262 ], [ 8.571391298380412, 51.841664143887186 ], [ 8.520075238344143, 51.864665184103487 ] ] ] }, { "type": "Polygon", "coordinates": [ [ [ 8.581913388530579, 52.345888548253335 ], [ 8.568349459724441, 52.363078705075644 ], [ 8.569580895465847, 52.391501513199138 ], [ 8.572809359652727, 52.399842821340378 ], [ 8.57300765654713, 52.399892584367009 ], [ 8.623784126191673, 52.379790535173228 ], [ 8.588778573194981, 52.344499418639529 ], [ 8.581913388530579, 52.345888548253335 ] ] ] }, { "type": "Polygon", "coordinates": [ [ [ 8.568349459724441, 52.363078705075644 ], [ 8.581913388530579, 52.345888548253335 ], [ 8.56829317723299, 52.321290463234057 ], [ 8.547968221516113, 52.31323242745367 ], [ 8.531828181105647, 52.321913171046589 ], [ 8.534606705881865, 52.344704520433929 ], [ 8.568349459724441, 52.363078705075644 ] ] ] }, { "type": "Polygon", "coordinates": [ [ [ 8.510589201139352, 51.8251395910426 ], [ 8.487817304404029, 51.851867964493636 ], [ 8.520075238344143, 51.864665184103487 ], [ 8.571391298380412, 51.841664143887186 ], [ 8.574698357101392, 51.831784858733954 ], [ 8.569748527171136, 51.822510287413188 ], [ 8.510589201139352, 51.8251395910426 ] ] ] }, { "type": "Polygon", "coordinates": [ [ [ 8.533837982620652, 51.721468458690417 ], [ 8.540584177010173, 51.746021679655492 ], [ 8.571285836986149, 51.745994267017416 ], [ 8.583211862621392, 51.727332104540899 ], [ 8.564986431859811, 51.70612449697515 ], [ 8.543220730144418, 51.705492102042811 ], [ 8.533837982620652, 51.721468458690417 ] ] ] }, { "type": "Polygon", "coordinates": [ [ [ 8.516252116881281, 52.367040000177845 ], [ 8.516558414018622, 52.372493589399532 ], [ 8.569580895465847, 52.391501513199138 ], [ 8.568349459724441, 52.363078705075644 ], [ 8.534606705881865, 52.344704520433929 ], [ 8.516252116881281, 52.367040000177845 ] ] ] }, { "type": "Polygon", "coordinates": [ [ [ 8.530797831751642, 52.202057171175902 ], [ 8.535486200293469, 52.22071687702789 ], [ 8.560574445360398, 52.207436821641849 ], [ 8.560194887688493, 52.199703335721175 ], [ 8.540530178796859, 52.183509507748909 ], [ 8.530797831751642, 52.202057171175902 ] ] ] }, { "type": "Polygon", "coordinates": [ [ [ 8.520211440323159, 52.068428167531032 ], [ 8.542813445167486, 52.109246000440258 ], [ 8.574672046245764, 52.105037137888814 ], [ 8.576264823831899, 52.102413665196693 ], [ 8.570701025830063, 52.066988094883783 ], [ 8.522558153359906, 52.061756303998322 ], [ 8.520211440323159, 52.068428167531032 ] ] ] }, { "type": "Polygon", "coordinates": [ [ [ 8.530625887596081, 52.169123409541058 ], [ 8.510892506012491, 52.189405772590881 ], [ 8.530797831751642, 52.202057171175902 ], [ 8.540530178796859, 52.183509507748909 ], [ 8.533896645565591, 52.167732610259428 ], [ 8.530625887596081, 52.169123409541058 ] ] ] }, { "type": "Polygon", "coordinates": [ [ [ 8.542164681884723, 52.256606105395321 ], [ 8.546652255694703, 52.260623191672885 ], [ 8.551849355416367, 52.262503507497406 ], [ 8.572400011100623, 52.255368913018501 ], [ 8.566727782091673, 52.211875891251168 ], [ 8.560574445360398, 52.207436821641849 ], [ 8.535486200293469, 52.22071687702789 ], [ 8.53387713159711, 52.223009975769223 ], [ 8.542164681884723, 52.256606105395321 ] ] ] }, { "type": "Polygon", "coordinates": [ [ [ 8.533020297926313, 51.668798975789279 ], [ 8.543220730144418, 51.705492102042811 ], [ 8.564986431859811, 51.70612449697515 ], [ 8.589316347470156, 51.686175442199584 ], [ 8.584642357438776, 51.664800791202978 ], [ 8.558507267630086, 51.629139344289037 ], [ 8.533020297926313, 51.668798975789279 ] ] ] }, { "type": "Polygon", "coordinates": [ [ [ 8.538994744907255, 52.159106131764744 ], [ 8.533896645565591, 52.167732610259428 ], [ 8.540530178796859, 52.183509507748909 ], [ 8.560194887688493, 52.199703335721175 ], [ 8.574518490007133, 52.178328384426052 ], [ 8.538994744907255, 52.159106131764744 ] ] ] }, { "type": "Polygon", "coordinates": [ [ [ 8.531395856431859, 51.7722357046474 ], [ 8.568307568669688, 51.809224854519897 ], [ 8.592286094218142, 51.774371417719671 ], [ 8.571285836986149, 51.745994267017416 ], [ 8.540584177010173, 51.746021679655492 ], [ 8.531395856431859, 51.7722357046474 ] ] ] }, { "type": "Polygon", "coordinates": [ [ [ 8.569748527171136, 51.822510287413188 ], [ 8.574698357101392, 51.831784858733954 ], [ 8.620584453461767, 51.834450340821419 ], [ 8.646643418737233, 51.788872539637318 ], [ 8.632418036059306, 51.770049398099928 ], [ 8.611677377383884, 51.765384194097159 ], [ 8.592286094218142, 51.774371417719671 ], [ 8.568307568669688, 51.809224854519897 ], [ 8.569748527171136, 51.822510287413188 ] ] ] }, { "type": "Polygon", "coordinates": [ [ [ 8.505684436559578, 51.52806552406512 ], [ 8.547543442507202, 51.534271820319212 ], [ 8.5494220234946, 51.532355539960967 ], [ 8.546853897232516, 51.488941429598555 ], [ 8.541333556739295, 51.473588360367252 ], [ 8.519596282020029, 51.473821973802252 ], [ 8.505684436559578, 51.52806552406512 ] ] ] }, { "type": "Polygon", "coordinates": [ [ [ 8.525774371560594, 51.934264726206948 ], [ 8.518375051131947, 51.952756023306186 ], [ 8.541562698306308, 51.985914358115849 ], [ 8.54540411462143, 51.988916602176403 ], [ 8.580993476926173, 51.97760745380301 ], [ 8.557831797657979, 51.933566854632218 ], [ 8.525774371560594, 51.934264726206948 ] ] ] }, { "type": "Polygon", "coordinates": [ [ [ 8.577586433004917, 49.548159999684287 ], [ 8.51181996661073, 50.263710074958794 ], [ 8.57841943214939, 51.30081082337599 ], [ 8.611513086245504, 51.417484362075484 ], [ 8.678504905623637, 51.439814968534996 ], [ 8.682619430673554, 51.434671611877668 ], [ 8.995348017731601, 49.548159999684287 ], [ 8.577586433004917, 49.548159999684287 ] ] ] }, { "type": "Polygon", "coordinates": [ [ [ 8.542813445167486, 52.109246000440258 ], [ 8.540211311718613, 52.111965792171311 ], [ 8.536025310443609, 52.151182582799514 ], [ 8.539042721427917, 52.15868315193412 ], [ 8.587395298130007, 52.137981056689526 ], [ 8.574672046245764, 52.105037137888814 ], [ 8.542813445167486, 52.109246000440258 ] ] ] }, { "type": "Polygon", "coordinates": [ [ [ 8.538401650370904, 51.562401071833861 ], [ 8.554772297282438, 51.58563281499746 ], [ 8.595028471243756, 51.548496780648286 ], [ 8.586313252829944, 51.540956879744741 ], [ 8.5494220234946, 51.532355539960967 ], [ 8.547543442507202, 51.534271820319212 ], [ 8.538401650370904, 51.562401071833861 ] ] ] }, { "type": "Polygon", "coordinates": [ [ [ 8.519180034755342, 52.03715025298186 ], [ 8.522558153359906, 52.061756303998322 ], [ 8.570701025830063, 52.066988094883783 ], [ 8.579960929212485, 52.046611746031516 ], [ 8.575704325016794, 52.034445515496699 ], [ 8.542561415683529, 52.022797086452051 ], [ 8.519180034755342, 52.03715025298186 ] ] ] }, { "type": "Polygon", "coordinates": [ [ [ 8.576264823831899, 52.102413665196693 ], [ 8.574672046245764, 52.105037137888814 ], [ 8.587395298130007, 52.137981056689526 ], [ 8.588077489375042, 52.138658366431095 ], [ 8.639909758007146, 52.122663035975876 ], [ 8.639835142341834, 52.108917447215589 ], [ 8.622413064035737, 52.087526478496201 ], [ 8.576264823831899, 52.102413665196693 ] ] ] }, { "type": "Polygon", "coordinates": [ [ [ 8.574698357101392, 51.831784858733954 ], [ 8.571391298380412, 51.841664143887186 ], [ 8.573531084813427, 51.877295134559262 ], [ 8.583678612090505, 51.894766315910147 ], [ 8.643117422940119, 51.879811480548398 ], [ 8.653269702302238, 51.866403201607547 ], [ 8.620584453461767, 51.834450340821419 ], [ 8.574698357101392, 51.831784858733954 ] ] ] }, { "type": "Polygon", "coordinates": [ [ [ 8.54540411462143, 51.988916602176403 ], [ 8.542561415683529, 52.022797086452051 ], [ 8.575704325016794, 52.034445515496699 ], [ 8.581146345807317, 52.026286736085623 ], [ 8.58870619900423, 51.97986113823621 ], [ 8.580993476926173, 51.97760745380301 ], [ 8.54540411462143, 51.988916602176403 ] ] ] }, { "type": "Polygon", "coordinates": [ [ [ 8.538994744907255, 52.159106131764744 ], [ 8.574518490007133, 52.178328384426052 ], [ 8.588913633437059, 52.172815693938112 ], [ 8.59136304064598, 52.14910165510755 ], [ 8.588077489375042, 52.138658366431095 ], [ 8.587395298130007, 52.137981056689526 ], [ 8.539042721427917, 52.15868315193412 ], [ 8.538994744907255, 52.159106131764744 ] ] ] }, { "type": "Polygon", "coordinates": [ [ [ 8.557831797657979, 51.933566854632218 ], [ 8.580993476926173, 51.97760745380301 ], [ 8.58870619900423, 51.97986113823621 ], [ 8.600405963949109, 51.976907009427002 ], [ 8.626365640351409, 51.944016414703704 ], [ 8.626382161646395, 51.943921255338545 ], [ 8.584171868426843, 51.912322986608885 ], [ 8.557831797657979, 51.933566854632218 ] ] ] }, { "type": "Polygon", "coordinates": [ [ [ 8.579960929212485, 52.046611746031516 ], [ 8.570701025830063, 52.066988094883783 ], [ 8.576264823831899, 52.102413665196693 ], [ 8.622413064035737, 52.087526478496201 ], [ 8.625505765541396, 52.070647566959472 ], [ 8.617795826340767, 52.055636141507122 ], [ 8.579960929212485, 52.046611746031516 ] ] ] }, { "type": "Polygon", "coordinates": [ [ [ 8.560194887688493, 52.199703335721175 ], [ 8.560574445360398, 52.207436821641849 ], [ 8.566727782091673, 52.211875891251168 ], [ 8.57863868478498, 52.211335985232452 ], [ 8.599676515967966, 52.184744497317816 ], [ 8.588913633437059, 52.172815693938112 ], [ 8.574518490007133, 52.178328384426052 ], [ 8.560194887688493, 52.199703335721175 ] ] ] }, { "type": "Polygon", "coordinates": [ [ [ 8.555267648391714, 52.289747046530444 ], [ 8.547968221516113, 52.31323242745367 ], [ 8.56829317723299, 52.321290463234057 ], [ 8.592416792072123, 52.301626342559857 ], [ 8.592411493361494, 52.299217210250497 ], [ 8.555267648391714, 52.289747046530444 ] ] ] }, { "type": "Polygon", "coordinates": [ [ [ 8.586313252829944, 51.540956879744741 ], [ 8.595028471243756, 51.548496780648286 ], [ 8.599115911549042, 51.548716850977684 ], [ 8.622953018832767, 51.494496771620298 ], [ 8.606417702587565, 51.484272667999477 ], [ 8.580276007365489, 51.516976902559648 ], [ 8.586313252829944, 51.540956879744741 ] ] ] }, { "type": "Polygon", "coordinates": [ [ [ 8.546853897232516, 51.488941429598555 ], [ 8.5494220234946, 51.532355539960967 ], [ 8.586313252829944, 51.540956879744741 ], [ 8.580276007365489, 51.516976902559648 ], [ 8.546853897232516, 51.488941429598555 ] ] ] }, { "type": "Polygon", "coordinates": [ [ [ 8.583211862621392, 51.727332104540899 ], [ 8.571285836986149, 51.745994267017416 ], [ 8.592286094218142, 51.774371417719671 ], [ 8.611677377383884, 51.765384194097159 ], [ 8.605001166984016, 51.727165765612064 ], [ 8.604508894531069, 51.726481911972463 ], [ 8.583211862621392, 51.727332104540899 ] ] ] }, { "type": "Polygon", "coordinates": [ [ [ 8.551849355416367, 52.262503507497406 ], [ 8.555267648391714, 52.289747046530444 ], [ 8.592411493361494, 52.299217210250497 ], [ 8.598248139768492, 52.286705219911894 ], [ 8.57939490786806, 52.255907339039439 ], [ 8.572400011100623, 52.255368913018501 ], [ 8.551849355416367, 52.262503507497406 ] ] ] }, { "type": "Polygon", "coordinates": [ [ [ 8.59136304064598, 52.14910165510755 ], [ 8.588913633437059, 52.172815693938112 ], [ 8.599676515967966, 52.184744497317816 ], [ 8.611123231768902, 52.190670612747262 ], [ 8.643020903014236, 52.163400262538836 ], [ 8.642772823309752, 52.1617519801448 ], [ 8.59136304064598, 52.14910165510755 ] ] ] }, { "type": "Polygon", "coordinates": [ [ [ 8.541333556739295, 51.473588360367252 ], [ 8.546853897232516, 51.488941429598555 ], [ 8.580276007365489, 51.516976902559648 ], [ 8.606417702587565, 51.484272667999477 ], [ 8.592194873404273, 51.469734271853355 ], [ 8.550610190130824, 51.467456729026651 ], [ 8.541333556739295, 51.473588360367252 ] ] ] }, { "type": "Polygon", "coordinates": [ [ [ 8.592416792072123, 52.301626342559857 ], [ 8.56829317723299, 52.321290463234057 ], [ 8.581913388530579, 52.345888548253335 ], [ 8.588778573194981, 52.344499418639529 ], [ 8.610535083819203, 52.327399414520691 ], [ 8.592416792072123, 52.301626342559857 ] ] ] }, { "type": "Polygon", "coordinates": [ [ [ 8.572400011100623, 52.255368913018501 ], [ 8.57939490786806, 52.255907339039439 ], [ 8.6099444259018, 52.23615223144477 ], [ 8.610871227345543, 52.231268134797091 ], [ 8.57863868478498, 52.211335985232452 ], [ 8.566727782091673, 52.211875891251168 ], [ 8.572400011100623, 52.255368913018501 ] ] ] }, { "type": "Polygon", "coordinates": [ [ [ 8.564986431859811, 51.70612449697515 ], [ 8.583211862621392, 51.727332104540899 ], [ 8.604508894531069, 51.726481911972463 ], [ 8.610461120241006, 51.698726269033685 ], [ 8.589316347470156, 51.686175442199584 ], [ 8.564986431859811, 51.70612449697515 ] ] ] }, { "type": "Polygon", "coordinates": [ [ [ 8.57300765654713, 52.399892584367009 ], [ 8.592495150198726, 52.421468023707625 ], [ 8.638602250828498, 52.420981546468205 ], [ 8.643622886716363, 52.386672819070945 ], [ 8.624807359445338, 52.379758892516783 ], [ 8.623784126191673, 52.379790535173228 ], [ 8.57300765654713, 52.399892584367009 ] ] ] }, { "type": "Polygon", "coordinates": [ [ [ 8.558562352518189, 51.628454128824522 ], [ 8.558507267630086, 51.629139344289037 ], [ 8.584642357438776, 51.664800791202978 ], [ 8.638756382972705, 51.661167422509564 ], [ 8.633260443895683, 51.631662908955754 ], [ 8.632461051848232, 51.630828038876153 ], [ 8.593207330076503, 51.619290134023615 ], [ 8.558562352518189, 51.628454128824522 ] ] ] }, { "type": "Polygon", "coordinates": [ [ [ 8.57863868478498, 52.211335985232452 ], [ 8.610871227345543, 52.231268134797091 ], [ 8.620106299975864, 52.216458213208064 ], [ 8.611123231768902, 52.190670612747262 ], [ 8.599676515967966, 52.184744497317816 ], [ 8.57863868478498, 52.211335985232452 ] ] ] }, { "type": "Polygon", "coordinates": [ [ [ 8.592411493361494, 52.299217210250497 ], [ 8.592416792072123, 52.301626342559857 ], [ 8.610535083819203, 52.327399414520691 ], [ 8.620518599812309, 52.327824680119953 ], [ 8.624686843466417, 52.325943594728194 ], [ 8.635148545826031, 52.281299687114384 ], [ 8.598248139768492, 52.286705219911894 ], [ 8.592411493361494, 52.299217210250497 ] ] ] }, { "type": "Polygon", "coordinates": [ [ [ 8.611513086245504, 51.417484362075484 ], [ 8.57841943214939, 51.30081082337599 ], [ 8.550610190130824, 51.467456729026651 ], [ 8.592194873404273, 51.469734271853355 ], [ 8.610911429475086, 51.437890236769626 ], [ 8.611513086245504, 51.417484362075484 ] ] ] }, { "type": "Polygon", "coordinates": [ [ [ 8.6099444259018, 52.23615223144477 ], [ 8.57939490786806, 52.255907339039439 ], [ 8.598248139768492, 52.286705219911894 ], [ 8.635148545826031, 52.281299687114384 ], [ 8.63876827283188, 52.278171568777957 ], [ 8.639610097201819, 52.26914173201385 ], [ 8.6099444259018, 52.23615223144477 ] ] ] }, { "type": "Polygon", "coordinates": [ [ [ 8.600405963949109, 51.976907009427002 ], [ 8.58870619900423, 51.97986113823621 ], [ 8.581146345807317, 52.026286736085623 ], [ 8.618143230890063, 52.018905858364256 ], [ 8.618648068280773, 51.999637901146862 ], [ 8.600405963949109, 51.976907009427002 ] ] ] }, { "type": "Polygon", "coordinates": [ [ [ 8.581146345807317, 52.026286736085623 ], [ 8.575704325016794, 52.034445515496699 ], [ 8.579960929212485, 52.046611746031516 ], [ 8.617795826340767, 52.055636141507122 ], [ 8.626774168660955, 52.032624982139978 ], [ 8.618143230890063, 52.018905858364256 ], [ 8.581146345807317, 52.026286736085623 ] ] ] }, { "type": "Polygon", "coordinates": [ [ [ 8.584642357438776, 51.664800791202978 ], [ 8.589316347470156, 51.686175442199584 ], [ 8.610461120241006, 51.698726269033685 ], [ 8.650886253312793, 51.682525041848436 ], [ 8.638756382972705, 51.661167422509564 ], [ 8.584642357438776, 51.664800791202978 ] ] ] }, { "type": "Polygon", "coordinates": [ [ [ 8.606417702587565, 51.484272667999477 ], [ 8.622953018832767, 51.494496771620298 ], [ 8.634317126148188, 51.494054897061581 ], [ 8.665611063631866, 51.475524817242267 ], [ 8.66704238537678, 51.464091182908405 ], [ 8.610911429475086, 51.437890236769626 ], [ 8.592194873404273, 51.469734271853355 ], [ 8.606417702587565, 51.484272667999477 ] ] ] }, { "type": "Polygon", "coordinates": [ [ [ 8.583678612090505, 51.894766315910147 ], [ 8.584171868426843, 51.912322986608885 ], [ 8.626382161646395, 51.943921255338545 ], [ 8.632566703322343, 51.938578719991099 ], [ 8.643117422940119, 51.879811480548398 ], [ 8.583678612090505, 51.894766315910147 ] ] ] }, { "type": "Polygon", "coordinates": [ [ [ 8.626365640351409, 51.944016414703704 ], [ 8.600405963949109, 51.976907009427002 ], [ 8.618648068280773, 51.999637901146862 ], [ 8.654466188151131, 51.998236323279016 ], [ 8.655258033694283, 51.979082978901964 ], [ 8.626365640351409, 51.944016414703704 ] ] ] }, { "type": "Polygon", "coordinates": [ [ [ 8.610871227345543, 52.231268134797091 ], [ 8.6099444259018, 52.23615223144477 ], [ 8.639610097201819, 52.26914173201385 ], [ 8.665169163210233, 52.247148216351334 ], [ 8.640655959827482, 52.214227029532381 ], [ 8.620106299975864, 52.216458213208064 ], [ 8.610871227345543, 52.231268134797091 ] ] ] }, { "type": "Polygon", "coordinates": [ [ [ 8.610535083819203, 52.327399414520691 ], [ 8.588778573194981, 52.344499418639529 ], [ 8.623784126191673, 52.379790535173228 ], [ 8.624807359445338, 52.379758892516783 ], [ 8.620518599812309, 52.327824680119953 ], [ 8.610535083819203, 52.327399414520691 ] ] ] }, { "type": "Polygon", "coordinates": [ [ [ 8.633260443895683, 51.631662908955754 ], [ 8.638756382972705, 51.661167422509564 ], [ 8.650886253312793, 51.682525041848436 ], [ 8.653427291259748, 51.683801432771233 ], [ 8.675028319391922, 51.668652102369592 ], [ 8.680564808952619, 51.651578348430334 ], [ 8.662442261249106, 51.623889404538659 ], [ 8.633260443895683, 51.631662908955754 ] ] ] }, { "type": "Polygon", "coordinates": [ [ [ 8.619069845613348, 51.563591263753366 ], [ 8.593207330076503, 51.619290134023615 ], [ 8.632461051848232, 51.630828038876153 ], [ 8.648620862042641, 51.566067297450466 ], [ 8.619069845613348, 51.563591263753366 ] ] ] }, { "type": "Polygon", "coordinates": [ [ [ 8.626774168660955, 52.032624982139978 ], [ 8.617795826340767, 52.055636141507122 ], [ 8.625505765541396, 52.070647566959472 ], [ 8.660263686863596, 52.060726702960793 ], [ 8.664646380698647, 52.050072882171747 ], [ 8.652549739101238, 52.026778976564614 ], [ 8.626774168660955, 52.032624982139978 ] ] ] }, { "type": "Polygon", "coordinates": [ [ [ 8.604508894531069, 51.726481911972463 ], [ 8.605001166984016, 51.727165765612064 ], [ 8.654485219867372, 51.729328738421131 ], [ 8.654944742523158, 51.728922089225982 ], [ 8.66201050579013, 51.703492336649134 ], [ 8.653427291259748, 51.683801432771233 ], [ 8.650886253312793, 51.682525041848436 ], [ 8.610461120241006, 51.698726269033685 ], [ 8.604508894531069, 51.726481911972463 ] ] ] }, { "type": "Polygon", "coordinates": [ [ [ 8.592495150198726, 52.421468023707625 ], [ 8.602711086876097, 52.481075057314655 ], [ 8.62092330407579, 52.471770065691445 ], [ 8.640699341329423, 52.427455122021776 ], [ 8.638602250828498, 52.420981546468205 ], [ 8.592495150198726, 52.421468023707625 ] ] ] }, { "type": "Polygon", "coordinates": [ [ [ 8.620518599812309, 52.327824680119953 ], [ 8.624807359445338, 52.379758892516783 ], [ 8.643622886716363, 52.386672819070945 ], [ 8.650290731794648, 52.383353936756059 ], [ 8.655444658067937, 52.334862421313439 ], [ 8.624686843466417, 52.325943594728194 ], [ 8.620518599812309, 52.327824680119953 ] ] ] }, { "type": "Polygon", "coordinates": [ [ [ 8.643622886716363, 52.386672819070945 ], [ 8.638602250828498, 52.420981546468205 ], [ 8.640699341329423, 52.427455122021776 ], [ 8.741760358983623, 52.463061244358975 ], [ 8.718923541261947, 52.390003634347259 ], [ 8.650290731794648, 52.383353936756059 ], [ 8.643622886716363, 52.386672819070945 ] ] ] }, { "type": "Polygon", "coordinates": [ [ [ 8.611123231768902, 52.190670612747262 ], [ 8.620106299975864, 52.216458213208064 ], [ 8.640655959827482, 52.214227029532381 ], [ 8.667813696680357, 52.18918218746397 ], [ 8.643020903014236, 52.163400262538836 ], [ 8.611123231768902, 52.190670612747262 ] ] ] }, { "type": "Polygon", "coordinates": [ [ [ 8.588077489375042, 52.138658366431095 ], [ 8.59136304064598, 52.14910165510755 ], [ 8.642772823309752, 52.1617519801448 ], [ 8.648566794998745, 52.13802278788399 ], [ 8.639909758007146, 52.122663035975876 ], [ 8.588077489375042, 52.138658366431095 ] ] ] }, { "type": "Polygon", "coordinates": [ [ [ 8.605001166984016, 51.727165765612064 ], [ 8.611677377383884, 51.765384194097159 ], [ 8.632418036059306, 51.770049398099928 ], [ 8.654485219867372, 51.729328738421131 ], [ 8.605001166984016, 51.727165765612064 ] ] ] }, { "type": "Polygon", "coordinates": [ [ [ 8.618143230890063, 52.018905858364256 ], [ 8.626774168660955, 52.032624982139978 ], [ 8.652549739101238, 52.026778976564614 ], [ 8.655412808281314, 52.020544848390394 ], [ 8.658043745294227, 52.003767033242795 ], [ 8.654466188151131, 51.998236323279016 ], [ 8.618648068280773, 51.999637901146862 ], [ 8.618143230890063, 52.018905858364256 ] ] ] }, { "type": "Polygon", "coordinates": [ [ [ 8.646643418737233, 51.788872539637318 ], [ 8.620584453461767, 51.834450340821419 ], [ 8.653269702302238, 51.866403201607547 ], [ 8.693756791607498, 51.865345011183031 ], [ 8.71308715769068, 51.848804641075979 ], [ 8.716574610694808, 51.821552586800109 ], [ 8.681311860782747, 51.791495029837769 ], [ 8.646643418737233, 51.788872539637318 ] ] ] }, { "type": "Polygon", "coordinates": [ [ [ 8.653269702302238, 51.866403201607547 ], [ 8.643117422940119, 51.879811480548398 ], [ 8.632566703322343, 51.938578719991099 ], [ 8.696865135248807, 51.931802137743368 ], [ 8.693756791607498, 51.865345011183031 ], [ 8.653269702302238, 51.866403201607547 ] ] ] }, { "type": "Polygon", "coordinates": [ [ [ 8.632461051848232, 51.630828038876153 ], [ 8.633260443895683, 51.631662908955754 ], [ 8.662442261249106, 51.623889404538659 ], [ 8.697470801424441, 51.593560626683796 ], [ 8.682227937238629, 51.565653275155356 ], [ 8.67735902480392, 51.563534907559351 ], [ 8.659525114599468, 51.56239083789437 ], [ 8.648620862042641, 51.566067297450466 ], [ 8.632461051848232, 51.630828038876153 ] ] ] }, { "type": "Polygon", "coordinates": [ [ [ 8.599115911549042, 51.548716850977684 ], [ 8.619069845613348, 51.563591263753366 ], [ 8.648620862042641, 51.566067297450466 ], [ 8.659525114599468, 51.56239083789437 ], [ 8.634317126148188, 51.494054897061581 ], [ 8.622953018832767, 51.494496771620298 ], [ 8.599115911549042, 51.548716850977684 ] ] ] }, { "type": "Polygon", "coordinates": [ [ [ 8.626382161646395, 51.943921255338545 ], [ 8.626365640351409, 51.944016414703704 ], [ 8.655258033694283, 51.979082978901964 ], [ 8.690163916425822, 51.965846812282194 ], [ 8.70113648930384, 51.952438388449629 ], [ 8.697508434817339, 51.932620242952481 ], [ 8.696865135248807, 51.931802137743368 ], [ 8.632566703322343, 51.938578719991099 ], [ 8.626382161646395, 51.943921255338545 ] ] ] }, { "type": "Polygon", "coordinates": [ [ [ 8.665611063631866, 51.475524817242267 ], [ 8.634317126148188, 51.494054897061581 ], [ 8.659525114599468, 51.56239083789437 ], [ 8.67735902480392, 51.563534907559351 ], [ 8.677843752469187, 51.487271338704524 ], [ 8.665611063631866, 51.475524817242267 ] ] ] }, { "type": "Polygon", "coordinates": [ [ [ 8.654466188151131, 51.998236323279016 ], [ 8.658043745294227, 52.003767033242795 ], [ 8.678983757812601, 52.002977820791003 ], [ 8.688053924207392, 51.99064164854812 ], [ 8.690163916425822, 51.965846812282194 ], [ 8.655258033694283, 51.979082978901964 ], [ 8.654466188151131, 51.998236323279016 ] ] ] }, { "type": "Polygon", "coordinates": [ [ [ 8.640699341329423, 52.427455122021776 ], [ 8.62092330407579, 52.471770065691445 ], [ 8.759586164505322, 52.494005988431425 ], [ 8.741760358983623, 52.463061244358975 ], [ 8.640699341329423, 52.427455122021776 ] ] ] }, { "type": "Polygon", "coordinates": [ [ [ 8.632418036059306, 51.770049398099928 ], [ 8.646643418737233, 51.788872539637318 ], [ 8.681311860782747, 51.791495029837769 ], [ 8.685351832137346, 51.756805664596826 ], [ 8.654944742523158, 51.728922089225982 ], [ 8.654485219867372, 51.729328738421131 ], [ 8.632418036059306, 51.770049398099928 ] ] ] }, { "type": "Polygon", "coordinates": [ [ [ 8.625505765541396, 52.070647566959472 ], [ 8.622413064035737, 52.087526478496201 ], [ 8.639835142341834, 52.108917447215589 ], [ 8.666290676400207, 52.096483576036924 ], [ 8.670045467878806, 52.075862447989067 ], [ 8.660263686863596, 52.060726702960793 ], [ 8.625505765541396, 52.070647566959472 ] ] ] }, { "type": "Polygon", "coordinates": [ [ [ 8.642772823309752, 52.1617519801448 ], [ 8.643020903014236, 52.163400262538836 ], [ 8.667813696680357, 52.18918218746397 ], [ 8.684481056214013, 52.191622849449146 ], [ 8.691292889610787, 52.186610254680055 ], [ 8.697013846635478, 52.179434399165935 ], [ 8.688065094733801, 52.137960172585963 ], [ 8.68150834195316, 52.13606531083402 ], [ 8.648566794998745, 52.13802278788399 ], [ 8.642772823309752, 52.1617519801448 ] ] ] }, { "type": "Polygon", "coordinates": [ [ [ 8.639835142341834, 52.108917447215589 ], [ 8.639909758007146, 52.122663035975876 ], [ 8.648566794998745, 52.13802278788399 ], [ 8.68150834195316, 52.13606531083402 ], [ 8.674037269721014, 52.100367594638129 ], [ 8.666290676400207, 52.096483576036924 ], [ 8.639835142341834, 52.108917447215589 ] ] ] }, { "type": "Polygon", "coordinates": [ [ [ 8.63876827283188, 52.278171568777957 ], [ 8.635148545826031, 52.281299687114384 ], [ 8.624686843466417, 52.325943594728194 ], [ 8.655444658067937, 52.334862421313439 ], [ 8.67366913657246, 52.323220402828568 ], [ 8.669607249060171, 52.299412575585031 ], [ 8.63876827283188, 52.278171568777957 ] ] ] }, { "type": "Polygon", "coordinates": [ [ [ 8.610911429475086, 51.437890236769626 ], [ 8.66704238537678, 51.464091182908405 ], [ 8.678504905623637, 51.439814968534996 ], [ 8.611513086245504, 51.417484362075484 ], [ 8.610911429475086, 51.437890236769626 ] ] ] }, { "type": "Polygon", "coordinates": [ [ [ 8.667813696680357, 52.18918218746397 ], [ 8.640655959827482, 52.214227029532381 ], [ 8.665169163210233, 52.247148216351334 ], [ 8.671902572520112, 52.245981074806132 ], [ 8.682654017679809, 52.234829888200728 ], [ 8.688544857983773, 52.221586774259819 ], [ 8.684481056214013, 52.191622849449146 ], [ 8.667813696680357, 52.18918218746397 ] ] ] }, { "type": "Polygon", "coordinates": [ [ [ 8.639610097201819, 52.26914173201385 ], [ 8.63876827283188, 52.278171568777957 ], [ 8.669607249060171, 52.299412575585031 ], [ 8.691165844141054, 52.281228048488948 ], [ 8.691611315451373, 52.273740774233566 ], [ 8.671902572520112, 52.245981074806132 ], [ 8.665169163210233, 52.247148216351334 ], [ 8.639610097201819, 52.26914173201385 ] ] ] }, { "type": "Polygon", "coordinates": [ [ [ 8.884202516840645, 52.549591564609493 ], [ 8.978066593101575, 52.450855927212018 ], [ 8.989107079692369, 52.410873712152238 ], [ 8.975856371956729, 52.397195161975773 ], [ 8.961923688206429, 52.398441679687934 ], [ 8.931372596537649, 52.429718310716751 ], [ 8.884202516840645, 52.549591564609493 ] ] ] }, { "type": "Polygon", "coordinates": [ [ [ 8.741760358983623, 52.463061244358975 ], [ 8.759586164505322, 52.494005988431425 ], [ 8.829261440534784, 52.570530320258449 ], [ 8.838310402791006, 52.443617213809993 ], [ 8.838076463071495, 52.436559340691318 ], [ 8.837834674246743, 52.434722711983639 ], [ 8.817094269017147, 52.378641402927087 ], [ 8.771090620594714, 52.353016739107737 ], [ 8.720691780137582, 52.383510574486067 ], [ 8.718923541261947, 52.390003634347259 ], [ 8.741760358983623, 52.463061244358975 ] ] ] }, { "type": "Polygon", "coordinates": [ [ [ 8.66704238537678, 51.464091182908405 ], [ 8.665611063631866, 51.475524817242267 ], [ 8.677843752469187, 51.487271338704524 ], [ 8.716301083911715, 51.49785265350441 ], [ 8.735875146720259, 51.484179811240097 ], [ 8.737796136257121, 51.460478186392734 ], [ 8.682619430673554, 51.434671611877668 ], [ 8.678504905623637, 51.439814968534996 ], [ 8.66704238537678, 51.464091182908405 ] ] ] }, { "type": "Polygon", "coordinates": [ [ [ 8.655412808281314, 52.020544848390394 ], [ 8.652549739101238, 52.026778976564614 ], [ 8.664646380698647, 52.050072882171747 ], [ 8.696224043795283, 52.042266727709119 ], [ 8.699283115288608, 52.032639224167617 ], [ 8.698258563137884, 52.029914992649026 ], [ 8.655412808281314, 52.020544848390394 ] ] ] }, { "type": "Polygon", "coordinates": [ [ [ 8.696865135248807, 51.931802137743368 ], [ 8.697508434817339, 51.932620242952481 ], [ 8.759601085347043, 51.923398877702581 ], [ 8.784462735856213, 51.890782040603277 ], [ 8.71308715769068, 51.848804641075979 ], [ 8.693756791607498, 51.865345011183031 ], [ 8.696865135248807, 51.931802137743368 ] ] ] }, { "type": "Polygon", "coordinates": [ [ [ 8.655444658067937, 52.334862421313439 ], [ 8.650290731794648, 52.383353936756059 ], [ 8.718923541261947, 52.390003634347259 ], [ 8.720691780137582, 52.383510574486067 ], [ 8.708995726223119, 52.338784719205776 ], [ 8.67366913657246, 52.323220402828568 ], [ 8.655444658067937, 52.334862421313439 ] ] ] }, { "type": "Polygon", "coordinates": [ [ [ 8.690163916425822, 51.965846812282194 ], [ 8.688053924207392, 51.99064164854812 ], [ 8.710467576963994, 52.000882212827022 ], [ 8.724118361832588, 51.992481318620825 ], [ 8.72433728714892, 51.990801075941427 ], [ 8.717235418381748, 51.966187109258833 ], [ 8.70113648930384, 51.952438388449629 ], [ 8.690163916425822, 51.965846812282194 ] ] ] }, { "type": "Polygon", "coordinates": [ [ [ 8.67735902480392, 51.563534907559351 ], [ 8.682227937238629, 51.565653275155356 ], [ 8.717989807265155, 51.53758528360887 ], [ 8.716301083911715, 51.49785265350441 ], [ 8.677843752469187, 51.487271338704524 ], [ 8.67735902480392, 51.563534907559351 ] ] ] }, { "type": "Polygon", "coordinates": [ [ [ 8.66201050579013, 51.703492336649134 ], [ 8.654944742523158, 51.728922089225982 ], [ 8.685351832137346, 51.756805664596826 ], [ 8.712611988837093, 51.736199053693262 ], [ 8.71786255293822, 51.723444710704626 ], [ 8.716364344543138, 51.717083713338525 ], [ 8.66201050579013, 51.703492336649134 ] ] ] }, { "type": "Polygon", "coordinates": [ [ [ 8.697470801424441, 51.593560626683796 ], [ 8.662442261249106, 51.623889404538659 ], [ 8.680564808952619, 51.651578348430334 ], [ 8.717425736740138, 51.613067208715748 ], [ 8.718003047586397, 51.611977384701483 ], [ 8.717905814237433, 51.609611761542062 ], [ 8.697470801424441, 51.593560626683796 ] ] ] }, { "type": "Polygon", "coordinates": [ [ [ 8.660263686863596, 52.060726702960793 ], [ 8.670045467878806, 52.075862447989067 ], [ 8.710148853009848, 52.073215196207414 ], [ 8.696224043795283, 52.042266727709119 ], [ 8.664646380698647, 52.050072882171747 ], [ 8.660263686863596, 52.060726702960793 ] ] ] }, { "type": "Polygon", "coordinates": [ [ [ 8.714640766479711, 52.329853087956288 ], [ 8.715221103043117, 52.295459070038518 ], [ 8.715104507471208, 52.295103722327696 ], [ 8.691165844141054, 52.281228048488948 ], [ 8.669607249060171, 52.299412575585031 ], [ 8.67366913657246, 52.323220402828568 ], [ 8.708995726223119, 52.338784719205776 ], [ 8.714640766479711, 52.329853087956288 ] ] ] }, { "type": "Polygon", "coordinates": [ [ [ 8.715221103043117, 52.295459070038518 ], [ 8.714640766479711, 52.329853087956288 ], [ 8.750467671312338, 52.314551546926332 ], [ 8.747310413195745, 52.296454275632172 ], [ 8.715221103043117, 52.295459070038518 ] ] ] }, { "type": "Polygon", "coordinates": [ [ [ 8.666290676400207, 52.096483576036924 ], [ 8.674037269721014, 52.100367594638129 ], [ 8.717443055925004, 52.099016441718732 ], [ 8.715918010347309, 52.078329834496373 ], [ 8.710148853009848, 52.073215196207414 ], [ 8.670045467878806, 52.075862447989067 ], [ 8.666290676400207, 52.096483576036924 ] ] ] }, { "type": "Polygon", "coordinates": [ [ [ 8.671902572520112, 52.245981074806132 ], [ 8.691611315451373, 52.273740774233566 ], [ 8.7162208043707, 52.25676912211479 ], [ 8.682654017679809, 52.234829888200728 ], [ 8.671902572520112, 52.245981074806132 ] ] ] }, { "type": "Polygon", "coordinates": [ [ [ 8.714640766479711, 52.329853087956288 ], [ 8.708995726223119, 52.338784719205776 ], [ 8.720691780137582, 52.383510574486067 ], [ 8.771090620594714, 52.353016739107737 ], [ 8.774388812648606, 52.330956841261511 ], [ 8.771965558181261, 52.322815472665098 ], [ 8.750467671312338, 52.314551546926332 ], [ 8.714640766479711, 52.329853087956288 ] ] ] }, { "type": "Polygon", "coordinates": [ [ [ 8.655412808281314, 52.020544848390394 ], [ 8.698258563137884, 52.029914992649026 ], [ 8.697364522241385, 52.022205816514642 ], [ 8.678983757812601, 52.002977820791003 ], [ 8.658043745294227, 52.003767033242795 ], [ 8.655412808281314, 52.020544848390394 ] ] ] }, { "type": "Polygon", "coordinates": [ [ [ 8.685351832137346, 51.756805664596826 ], [ 8.681311860782747, 51.791495029837769 ], [ 8.716574610694808, 51.821552586800109 ], [ 8.736258289779208, 51.803626379136347 ], [ 8.712611988837093, 51.736199053693262 ], [ 8.685351832137346, 51.756805664596826 ] ] ] }, { "type": "Polygon", "coordinates": [ [ [ 8.653427291259748, 51.683801432771233 ], [ 8.66201050579013, 51.703492336649134 ], [ 8.716364344543138, 51.717083713338525 ], [ 8.731049581431439, 51.690558623801365 ], [ 8.708343450349524, 51.671018537858288 ], [ 8.675028319391922, 51.668652102369592 ], [ 8.653427291259748, 51.683801432771233 ] ] ] }, { "type": "Polygon", "coordinates": [ [ [ 8.674037269721014, 52.100367594638129 ], [ 8.68150834195316, 52.13606531083402 ], [ 8.688065094733801, 52.137960172585963 ], [ 8.723624861732935, 52.112050931227607 ], [ 8.717443055925004, 52.099016441718732 ], [ 8.674037269721014, 52.100367594638129 ] ] ] }, { "type": "Polygon", "coordinates": [ [ [ 8.680564808952619, 51.651578348430334 ], [ 8.675028319391922, 51.668652102369592 ], [ 8.708343450349524, 51.671018537858288 ], [ 8.717425736740138, 51.613067208715748 ], [ 8.680564808952619, 51.651578348430334 ] ] ] }, { "type": "Polygon", "coordinates": [ [ [ 8.678983757812601, 52.002977820791003 ], [ 8.697364522241385, 52.022205816514642 ], [ 8.710467576963994, 52.000882212827022 ], [ 8.688053924207392, 51.99064164854812 ], [ 8.678983757812601, 52.002977820791003 ] ] ] }, { "type": "Polygon", "coordinates": [ [ [ 8.697364522241385, 52.022205816514642 ], [ 8.698258563137884, 52.029914992649026 ], [ 8.699283115288608, 52.032639224167617 ], [ 8.73492419230845, 52.027870102814163 ], [ 8.733996216581426, 52.007932852979735 ], [ 8.724118361832588, 51.992481318620825 ], [ 8.710467576963994, 52.000882212827022 ], [ 8.697364522241385, 52.022205816514642 ] ] ] }, { "type": "Polygon", "coordinates": [ [ [ 8.688544857983773, 52.221586774259819 ], [ 8.682654017679809, 52.234829888200728 ], [ 8.7162208043707, 52.25676912211479 ], [ 8.721974194824064, 52.255918851122232 ], [ 8.728837456977608, 52.236587329444319 ], [ 8.722239559855279, 52.2303728271282 ], [ 8.688544857983773, 52.221586774259819 ] ] ] }, { "type": "Polygon", "coordinates": [ [ [ 8.696224043795283, 52.042266727709119 ], [ 8.710148853009848, 52.073215196207414 ], [ 8.715918010347309, 52.078329834496373 ], [ 8.736994315853451, 52.062331676574928 ], [ 8.742963793257033, 52.053823299483277 ], [ 8.735727836034366, 52.028636067994704 ], [ 8.73492419230845, 52.027870102814163 ], [ 8.699283115288608, 52.032639224167617 ], [ 8.696224043795283, 52.042266727709119 ] ] ] }, { "type": "Polygon", "coordinates": [ [ [ 8.717425736740138, 51.613067208715748 ], [ 8.708343450349524, 51.671018537858288 ], [ 8.731049581431439, 51.690558623801365 ], [ 8.764097486238814, 51.674730814465178 ], [ 8.718003047586397, 51.611977384701483 ], [ 8.717425736740138, 51.613067208715748 ] ] ] }, { "type": "Polygon", "coordinates": [ [ [ 8.682227937238629, 51.565653275155356 ], [ 8.697470801424441, 51.593560626683796 ], [ 8.717905814237433, 51.609611761542062 ], [ 8.739730973213394, 51.60015858940573 ], [ 8.744787746104306, 51.593578944820628 ], [ 8.752140254587246, 51.543490896979783 ], [ 8.717989807265155, 51.53758528360887 ], [ 8.682227937238629, 51.565653275155356 ] ] ] }, { "type": "Polygon", "coordinates": [ [ [ 8.715918010347309, 52.078329834496373 ], [ 8.717443055925004, 52.099016441718732 ], [ 8.723624861732935, 52.112050931227607 ], [ 8.742102264776173, 52.122631675625584 ], [ 8.757052080970656, 52.114449879602567 ], [ 8.768967148133312, 52.090588829414152 ], [ 8.736994315853451, 52.062331676574928 ], [ 8.715918010347309, 52.078329834496373 ] ] ] }, { "type": "Polygon", "coordinates": [ [ [ 8.691292889610787, 52.186610254680055 ], [ 8.684481056214013, 52.191622849449146 ], [ 8.688544857983773, 52.221586774259819 ], [ 8.722239559855279, 52.2303728271282 ], [ 8.722441400335065, 52.209132053785289 ], [ 8.691292889610787, 52.186610254680055 ] ] ] }, { "type": "Polygon", "coordinates": [ [ [ 8.7162208043707, 52.25676912211479 ], [ 8.691611315451373, 52.273740774233566 ], [ 8.691165844141054, 52.281228048488948 ], [ 8.715104507471208, 52.295103722327696 ], [ 8.731102253740568, 52.269471354012815 ], [ 8.721974194824064, 52.255918851122232 ], [ 8.7162208043707, 52.25676912211479 ] ] ] }, { "type": "Polygon", "coordinates": [ [ [ 8.688065094733801, 52.137960172585963 ], [ 8.697013846635478, 52.179434399165935 ], [ 8.735480445783681, 52.169233354897742 ], [ 8.746923469220231, 52.154684533908167 ], [ 8.742102264776173, 52.122631675625584 ], [ 8.723624861732935, 52.112050931227607 ], [ 8.688065094733801, 52.137960172585963 ] ] ] }, { "type": "Polygon", "coordinates": [ [ [ 8.71786255293822, 51.723444710704626 ], [ 8.712611988837093, 51.736199053693262 ], [ 8.736258289779208, 51.803626379136347 ], [ 8.754690769916715, 51.794739931470112 ], [ 8.764318338500731, 51.746911268871571 ], [ 8.71786255293822, 51.723444710704626 ] ] ] }, { "type": "Polygon", "coordinates": [ [ [ 8.716301083911715, 51.49785265350441 ], [ 8.717989807265155, 51.53758528360887 ], [ 8.752140254587246, 51.543490896979783 ], [ 8.795385934819116, 51.52320485722862 ], [ 8.794534008162756, 51.520938053567392 ], [ 8.735875146720259, 51.484179811240097 ], [ 8.716301083911715, 51.49785265350441 ] ] ] }, { "type": "Polygon", "coordinates": [ [ [ 8.697508434817339, 51.932620242952481 ], [ 8.70113648930384, 51.952438388449629 ], [ 8.717235418381748, 51.966187109258833 ], [ 8.759824463187071, 51.957983942933993 ], [ 8.759601085347043, 51.923398877702581 ], [ 8.697508434817339, 51.932620242952481 ] ] ] }, { "type": "Polygon", "coordinates": [ [ [ 8.715104507471208, 52.295103722327696 ], [ 8.715221103043117, 52.295459070038518 ], [ 8.747310413195745, 52.296454275632172 ], [ 8.752788624563777, 52.278527367053478 ], [ 8.749878440131019, 52.274316144793687 ], [ 8.731102253740568, 52.269471354012815 ], [ 8.715104507471208, 52.295103722327696 ] ] ] }, { "type": "Polygon", "coordinates": [ [ [ 8.691292889610787, 52.186610254680055 ], [ 8.722441400335065, 52.209132053785289 ], [ 8.744089028847426, 52.198805802884259 ], [ 8.735480445783681, 52.169233354897742 ], [ 8.697013846635478, 52.179434399165935 ], [ 8.691292889610787, 52.186610254680055 ] ] ] }, { "type": "Polygon", "coordinates": [ [ [ 8.722441400335065, 52.209132053785289 ], [ 8.722239559855279, 52.2303728271282 ], [ 8.728837456977608, 52.236587329444319 ], [ 8.761268292389277, 52.226430644976354 ], [ 8.76354222881484, 52.221251802898934 ], [ 8.744089028847426, 52.198805802884259 ], [ 8.722441400335065, 52.209132053785289 ] ] ] }, { "type": "Polygon", "coordinates": [ [ [ 8.716364344543138, 51.717083713338525 ], [ 8.71786255293822, 51.723444710704626 ], [ 8.764318338500731, 51.746911268871571 ], [ 8.789257731154848, 51.727105525189565 ], [ 8.7980841734596, 51.697419163518227 ], [ 8.784413040041509, 51.676426272735071 ], [ 8.764097486238814, 51.674730814465178 ], [ 8.731049581431439, 51.690558623801365 ], [ 8.716364344543138, 51.717083713338525 ] ] ] }, { "type": "Polygon", "coordinates": [ [ [ 8.716574610694808, 51.821552586800109 ], [ 8.71308715769068, 51.848804641075979 ], [ 8.784462735856213, 51.890782040603277 ], [ 8.797129762362687, 51.88978028501856 ], [ 8.824753359825625, 51.867322896615804 ], [ 8.82417060106066, 51.861730178743237 ], [ 8.805795573557385, 51.817575840789139 ], [ 8.787769471054736, 51.802236838157839 ], [ 8.754690769916715, 51.794739931470112 ], [ 8.736258289779208, 51.803626379136347 ], [ 8.716574610694808, 51.821552586800109 ] ] ] }, { "type": "Polygon", "coordinates": [ [ [ 8.717905814237433, 51.609611761542062 ], [ 8.718003047586397, 51.611977384701483 ], [ 8.764097486238814, 51.674730814465178 ], [ 8.784413040041509, 51.676426272735071 ], [ 8.798737289761005, 51.644118262684707 ], [ 8.797761863910669, 51.634151666453839 ], [ 8.792300445080711, 51.627485828320587 ], [ 8.739730973213394, 51.60015858940573 ], [ 8.717905814237433, 51.609611761542062 ] ] ] }, { "type": "Polygon", "coordinates": [ [ [ 8.746923469220231, 52.154684533908167 ], [ 8.735480445783681, 52.169233354897742 ], [ 8.744089028847426, 52.198805802884259 ], [ 8.76354222881484, 52.221251802898934 ], [ 8.763774431314467, 52.221119192662755 ], [ 8.780444826740872, 52.185988924406587 ], [ 8.776501293368748, 52.165753207584672 ], [ 8.746923469220231, 52.154684533908167 ] ] ] }, { "type": "Polygon", "coordinates": [ [ [ 8.995348017731601, 49.548159999684287 ], [ 8.682619430673554, 51.434671611877668 ], [ 8.737796136257121, 51.460478186392734 ], [ 8.793151605735641, 51.407048577058191 ], [ 9.021971414008323, 49.548159999684287 ], [ 8.995348017731601, 49.548159999684287 ] ] ] }, { "type": "Polygon", "coordinates": [ [ [ 8.724118361832588, 51.992481318620825 ], [ 8.733996216581426, 52.007932852979735 ], [ 8.768591566418301, 51.999293678602726 ], [ 8.768214353326968, 51.996070078444305 ], [ 8.761220631901111, 51.982341035227911 ], [ 8.72433728714892, 51.990801075941427 ], [ 8.724118361832588, 51.992481318620825 ] ] ] }, { "type": "Polygon", "coordinates": [ [ [ 8.721974194824064, 52.255918851122232 ], [ 8.731102253740568, 52.269471354012815 ], [ 8.749878440131019, 52.274316144793687 ], [ 8.76241934007812, 52.246549320272905 ], [ 8.761639731651606, 52.227719547482671 ], [ 8.761268292389277, 52.226430644976354 ], [ 8.728837456977608, 52.236587329444319 ], [ 8.721974194824064, 52.255918851122232 ] ] ] }, { "type": "Polygon", "coordinates": [ [ [ 8.717235418381748, 51.966187109258833 ], [ 8.72433728714892, 51.990801075941427 ], [ 8.761220631901111, 51.982341035227911 ], [ 8.762194543174472, 51.961008292008451 ], [ 8.759824463187071, 51.957983942933993 ], [ 8.717235418381748, 51.966187109258833 ] ] ] }, { "type": "Polygon", "coordinates": [ [ [ 8.752788624563777, 52.278527367053478 ], [ 8.747310413195745, 52.296454275632172 ], [ 8.750467671312338, 52.314551546926332 ], [ 8.771965558181261, 52.322815472665098 ], [ 8.782259348574739, 52.305278432906135 ], [ 8.776687036711985, 52.284107334201735 ], [ 8.752788624563777, 52.278527367053478 ] ] ] }, { "type": "Polygon", "coordinates": [ [ [ 8.759601085347043, 51.923398877702581 ], [ 8.759824463187071, 51.957983942933993 ], [ 8.762194543174472, 51.961008292008451 ], [ 8.810819248307885, 51.964744019351997 ], [ 8.811098136151921, 51.964705156370009 ], [ 8.807324741213394, 51.918106724467769 ], [ 8.797129762362687, 51.88978028501856 ], [ 8.784462735856213, 51.890782040603277 ], [ 8.759601085347043, 51.923398877702581 ] ] ] }, { "type": "Polygon", "coordinates": [ [ [ 8.733996216581426, 52.007932852979735 ], [ 8.73492419230845, 52.027870102814163 ], [ 8.735727836034366, 52.028636067994704 ], [ 8.764466297346683, 52.021523364276419 ], [ 8.771064764004628, 52.01279115424007 ], [ 8.771805009392466, 52.004467746499905 ], [ 8.768591566418301, 51.999293678602726 ], [ 8.733996216581426, 52.007932852979735 ] ] ] }, { "type": "Polygon", "coordinates": [ [ [ 8.735875146720259, 51.484179811240097 ], [ 8.794534008162756, 51.520938053567392 ], [ 8.803325713194157, 51.440047017142057 ], [ 8.793151605735641, 51.407048577058191 ], [ 8.737796136257121, 51.460478186392734 ], [ 8.735875146720259, 51.484179811240097 ] ] ] }, { "type": "Polygon", "coordinates": [ [ [ 8.762194543174472, 51.961008292008451 ], [ 8.761220631901111, 51.982341035227911 ], [ 8.768214353326968, 51.996070078444305 ], [ 8.810819248307885, 51.964744019351997 ], [ 8.762194543174472, 51.961008292008451 ] ] ] }, { "type": "Polygon", "coordinates": [ [ [ 8.742102264776173, 52.122631675625584 ], [ 8.746923469220231, 52.154684533908167 ], [ 8.776501293368748, 52.165753207584672 ], [ 8.807817629786056, 52.151230117738862 ], [ 8.797105887386378, 52.12298629280847 ], [ 8.757052080970656, 52.114449879602567 ], [ 8.742102264776173, 52.122631675625584 ] ] ] }, { "type": "Polygon", "coordinates": [ [ [ 8.742963793257033, 52.053823299483277 ], [ 8.736994315853451, 52.062331676574928 ], [ 8.768967148133312, 52.090588829414152 ], [ 8.796031130526044, 52.064229921515754 ], [ 8.770417197024367, 52.052956742729577 ], [ 8.742963793257033, 52.053823299483277 ] ] ] }, { "type": "Polygon", "coordinates": [ [ [ 8.768214353326968, 51.996070078444305 ], [ 8.768591566418301, 51.999293678602726 ], [ 8.771805009392466, 52.004467746499905 ], [ 8.806608641803054, 52.002227512463513 ], [ 8.8162002604598, 51.980752761426842 ], [ 8.813572012470411, 51.967175454787068 ], [ 8.811098136151921, 51.964705156370009 ], [ 8.810819248307885, 51.964744019351997 ], [ 8.768214353326968, 51.996070078444305 ] ] ] }, { "type": "Polygon", "coordinates": [ [ [ 8.735727836034366, 52.028636067994704 ], [ 8.742963793257033, 52.053823299483277 ], [ 8.770417197024367, 52.052956742729577 ], [ 8.764466297346683, 52.021523364276419 ], [ 8.735727836034366, 52.028636067994704 ] ] ] }, { "type": "Polygon", "coordinates": [ [ [ 8.798737289761005, 51.644118262684707 ], [ 8.784413040041509, 51.676426272735071 ], [ 8.7980841734596, 51.697419163518227 ], [ 8.806824556659894, 51.698604358526531 ], [ 8.860171994469873, 51.671848968618008 ], [ 8.851977015110389, 51.642707338896059 ], [ 8.798737289761005, 51.644118262684707 ] ] ] }, { "type": "Polygon", "coordinates": [ [ [ 8.764318338500731, 51.746911268871571 ], [ 8.754690769916715, 51.794739931470112 ], [ 8.787769471054736, 51.802236838157839 ], [ 8.812634647584787, 51.759915876733096 ], [ 8.789257731154848, 51.727105525189565 ], [ 8.764318338500731, 51.746911268871571 ] ] ] }, { "type": "Polygon", "coordinates": [ [ [ 8.764466297346683, 52.021523364276419 ], [ 8.770417197024367, 52.052956742729577 ], [ 8.796031130526044, 52.064229921515754 ], [ 8.806262314683641, 52.062568646269746 ], [ 8.804070373591314, 52.043332346128025 ], [ 8.771064764004628, 52.01279115424007 ], [ 8.764466297346683, 52.021523364276419 ] ] ] }, { "type": "Polygon", "coordinates": [ [ [ 8.761268292389277, 52.226430644976354 ], [ 8.761639731651606, 52.227719547482671 ], [ 8.803601328032324, 52.259208316647204 ], [ 8.812832579077249, 52.247389724158225 ], [ 8.786941421610793, 52.221291713001328 ], [ 8.763774431314467, 52.221119192662755 ], [ 8.76354222881484, 52.221251802898934 ], [ 8.761268292389277, 52.226430644976354 ] ] ] }, { "type": "Polygon", "coordinates": [ [ [ 8.768967148133312, 52.090588829414152 ], [ 8.757052080970656, 52.114449879602567 ], [ 8.797105887386378, 52.12298629280847 ], [ 8.824247950336565, 52.081239998908408 ], [ 8.821870389664722, 52.07097551367557 ], [ 8.806262314683641, 52.062568646269746 ], [ 8.796031130526044, 52.064229921515754 ], [ 8.768967148133312, 52.090588829414152 ] ] ] }, { "type": "Polygon", "coordinates": [ [ [ 8.752140254587246, 51.543490896979783 ], [ 8.744787746104306, 51.593578944820628 ], [ 8.785912885847175, 51.579551211415797 ], [ 8.801809300959825, 51.557241003801572 ], [ 8.799792754366761, 51.526496996140615 ], [ 8.795385934819116, 51.52320485722862 ], [ 8.752140254587246, 51.543490896979783 ] ] ] }, { "type": "Polygon", "coordinates": [ [ [ 8.761639731651606, 52.227719547482671 ], [ 8.76241934007812, 52.246549320272905 ], [ 8.788499501409577, 52.270594437382577 ], [ 8.801450026925959, 52.265407871853725 ], [ 8.803601328032324, 52.259208316647204 ], [ 8.761639731651606, 52.227719547482671 ] ] ] }, { "type": "Polygon", "coordinates": [ [ [ 8.749878440131019, 52.274316144793687 ], [ 8.752788624563777, 52.278527367053478 ], [ 8.776687036711985, 52.284107334201735 ], [ 8.788499501409577, 52.270594437382577 ], [ 8.76241934007812, 52.246549320272905 ], [ 8.749878440131019, 52.274316144793687 ] ] ] }, { "type": "Polygon", "coordinates": [ [ [ 8.788499501409577, 52.270594437382577 ], [ 8.776687036711985, 52.284107334201735 ], [ 8.782259348574739, 52.305278432906135 ], [ 8.806711854792839, 52.303374801646825 ], [ 8.819710482395996, 52.289941650473594 ], [ 8.801450026925959, 52.265407871853725 ], [ 8.788499501409577, 52.270594437382577 ] ] ] }, { "type": "Polygon", "coordinates": [ [ [ 8.739730973213394, 51.60015858940573 ], [ 8.792300445080711, 51.627485828320587 ], [ 8.785912885847175, 51.579551211415797 ], [ 8.744787746104306, 51.593578944820628 ], [ 8.739730973213394, 51.60015858940573 ] ] ] }, { "type": "Polygon", "coordinates": [ [ [ 9.021971414008323, 49.548159999684287 ], [ 8.793151605735641, 51.407048577058191 ], [ 8.803325713194157, 51.440047017142057 ], [ 8.836627144627938, 51.460561326925159 ], [ 8.917663441116, 51.42734375093054 ], [ 8.984524994325977, 51.350975613220477 ], [ 9.024506931816338, 49.548159999684287 ], [ 9.021971414008323, 49.548159999684287 ] ] ] }, { "type": "Polygon", "coordinates": [ [ [ 8.794534008162756, 51.520938053567392 ], [ 8.795385934819116, 51.52320485722862 ], [ 8.799792754366761, 51.526496996140615 ], [ 8.835455161629826, 51.523455687522009 ], [ 8.857842607917615, 51.484199027991792 ], [ 8.836627144627938, 51.460561326925159 ], [ 8.803325713194157, 51.440047017142057 ], [ 8.794534008162756, 51.520938053567392 ] ] ] }, { "type": "Polygon", "coordinates": [ [ [ 8.785912885847175, 51.579551211415797 ], [ 8.792300445080711, 51.627485828320587 ], [ 8.797761863910669, 51.634151666453839 ], [ 8.821543939003561, 51.604583565076311 ], [ 8.815570542026371, 51.574683161042159 ], [ 8.801809300959825, 51.557241003801572 ], [ 8.785912885847175, 51.579551211415797 ] ] ] }, { "type": "Polygon", "coordinates": [ [ [ 8.817094269017147, 52.378641402927087 ], [ 8.837834674246743, 52.434722711983639 ], [ 8.869539581323229, 52.354810948913446 ], [ 8.854129258246802, 52.333580060320777 ], [ 8.819173036910183, 52.370251274010215 ], [ 8.817094269017147, 52.378641402927087 ] ] ] }, { "type": "Polygon", "coordinates": [ [ [ 8.782259348574739, 52.305278432906135 ], [ 8.771965558181261, 52.322815472665098 ], [ 8.774388812648606, 52.330956841261511 ], [ 8.814077189457194, 52.330782921795397 ], [ 8.806711854792839, 52.303374801646825 ], [ 8.782259348574739, 52.305278432906135 ] ] ] }, { "type": "Polygon", "coordinates": [ [ [ 8.771090620594714, 52.353016739107737 ], [ 8.817094269017147, 52.378641402927087 ], [ 8.819173036910183, 52.370251274010215 ], [ 8.814879469063699, 52.33141555760831 ], [ 8.814077189457194, 52.330782921795397 ], [ 8.774388812648606, 52.330956841261511 ], [ 8.771090620594714, 52.353016739107737 ] ] ] }, { "type": "Polygon", "coordinates": [ [ [ 8.771805009392466, 52.004467746499905 ], [ 8.771064764004628, 52.01279115424007 ], [ 8.804070373591314, 52.043332346128025 ], [ 8.81008404064279, 52.017597586443031 ], [ 8.806608641803054, 52.002227512463513 ], [ 8.771805009392466, 52.004467746499905 ] ] ] }, { "type": "Polygon", "coordinates": [ [ [ 8.787769471054736, 51.802236838157839 ], [ 8.805795573557385, 51.817575840789139 ], [ 8.850847439183719, 51.776875169813138 ], [ 8.83232664198921, 51.762763854202774 ], [ 8.812634647584787, 51.759915876733096 ], [ 8.787769471054736, 51.802236838157839 ] ] ] }, { "type": "Polygon", "coordinates": [ [ [ 8.807817629786056, 52.151230117738862 ], [ 8.776501293368748, 52.165753207584672 ], [ 8.780444826740872, 52.185988924406587 ], [ 8.811976236715273, 52.198298132877689 ], [ 8.823485737459396, 52.188520336886114 ], [ 8.829530665597607, 52.171092008077395 ], [ 8.826900080899163, 52.159717403425375 ], [ 8.825491714191312, 52.157695128015718 ], [ 8.807817629786056, 52.151230117738862 ] ] ] }, { "type": "Polygon", "coordinates": [ [ [ 8.780444826740872, 52.185988924406587 ], [ 8.763774431314467, 52.221119192662755 ], [ 8.786941421610793, 52.221291713001328 ], [ 8.809479709223366, 52.206459164035635 ], [ 8.811976236715273, 52.198298132877689 ], [ 8.780444826740872, 52.185988924406587 ] ] ] }, { "type": "Polygon", "coordinates": [ [ [ 8.811098136151921, 51.964705156370009 ], [ 8.813572012470411, 51.967175454787068 ], [ 8.86033131326975, 51.955946204981899 ], [ 8.860716411394851, 51.95500894682781 ], [ 8.858356717741767, 51.940699738554919 ], [ 8.807324741213394, 51.918106724467769 ], [ 8.811098136151921, 51.964705156370009 ] ] ] }, { "type": "Polygon", "coordinates": [ [ [ 8.804070373591314, 52.043332346128025 ], [ 8.806262314683641, 52.062568646269746 ], [ 8.821870389664722, 52.07097551367557 ], [ 8.856927328213176, 52.048266736423152 ], [ 8.838079100305807, 52.01612920368428 ], [ 8.81008404064279, 52.017597586443031 ], [ 8.804070373591314, 52.043332346128025 ] ] ] }, { "type": "Polygon", "coordinates": [ [ [ 8.797129762362687, 51.88978028501856 ], [ 8.807324741213394, 51.918106724467769 ], [ 8.858356717741767, 51.940699738554919 ], [ 8.863532438206214, 51.924464665944896 ], [ 8.851034603649021, 51.89690327527304 ], [ 8.826419479261798, 51.867730747878426 ], [ 8.824753359825625, 51.867322896615804 ], [ 8.797129762362687, 51.88978028501856 ] ] ] }, { "type": "Polygon", "coordinates": [ [ [ 8.786941421610793, 52.221291713001328 ], [ 8.812832579077249, 52.247389724158225 ], [ 8.812871647746128, 52.247371600378592 ], [ 8.819664541348292, 52.225376383346344 ], [ 8.809479709223366, 52.206459164035635 ], [ 8.786941421610793, 52.221291713001328 ] ] ] }, { "type": "Polygon", "coordinates": [ [ [ 8.797105887386378, 52.12298629280847 ], [ 8.807817629786056, 52.151230117738862 ], [ 8.825491714191312, 52.157695128015718 ], [ 8.849431715769787, 52.110300144962473 ], [ 8.824247950336565, 52.081239998908408 ], [ 8.797105887386378, 52.12298629280847 ] ] ] }, { "type": "Polygon", "coordinates": [ [ [ 8.803601328032324, 52.259208316647204 ], [ 8.801450026925959, 52.265407871853725 ], [ 8.819710482395996, 52.289941650473594 ], [ 8.830351434256899, 52.290770845562399 ], [ 8.841889143795633, 52.283892312968327 ], [ 8.846497056927088, 52.253319954293303 ], [ 8.812871647746128, 52.247371600378592 ], [ 8.812832579077249, 52.247389724158225 ], [ 8.803601328032324, 52.259208316647204 ] ] ] }, { "type": "Polygon", "coordinates": [ [ [ 8.819710482395996, 52.289941650473594 ], [ 8.806711854792839, 52.303374801646825 ], [ 8.814077189457194, 52.330782921795397 ], [ 8.814879469063699, 52.33141555760831 ], [ 8.838016209213535, 52.321104021002633 ], [ 8.830351434256899, 52.290770845562399 ], [ 8.819710482395996, 52.289941650473594 ] ] ] }, { "type": "Polygon", "coordinates": [ [ [ 8.814879469063699, 52.33141555760831 ], [ 8.819173036910183, 52.370251274010215 ], [ 8.854129258246802, 52.333580060320777 ], [ 8.854044326824996, 52.331735711972058 ], [ 8.85125077319014, 52.327609776009552 ], [ 8.838016209213535, 52.321104021002633 ], [ 8.814879469063699, 52.33141555760831 ] ] ] }, { "type": "Polygon", "coordinates": [ [ [ 8.806608641803054, 52.002227512463513 ], [ 8.81008404064279, 52.017597586443031 ], [ 8.838079100305807, 52.01612920368428 ], [ 8.841858183133503, 51.996799031131687 ], [ 8.8162002604598, 51.980752761426842 ], [ 8.806608641803054, 52.002227512463513 ] ] ] }, { "type": "Polygon", "coordinates": [ [ [ 8.821543939003561, 51.604583565076311 ], [ 8.797761863910669, 51.634151666453839 ], [ 8.798737289761005, 51.644118262684707 ], [ 8.851977015110389, 51.642707338896059 ], [ 8.866015943326692, 51.622578377916007 ], [ 8.864609202686507, 51.607649700465373 ], [ 8.821543939003561, 51.604583565076311 ] ] ] }, { "type": "Polygon", "coordinates": [ [ [ 8.7980841734596, 51.697419163518227 ], [ 8.789257731154848, 51.727105525189565 ], [ 8.812634647584787, 51.759915876733096 ], [ 8.83232664198921, 51.762763854202774 ], [ 8.841441543556837, 51.719850215531267 ], [ 8.806824556659894, 51.698604358526531 ], [ 8.7980841734596, 51.697419163518227 ] ] ] }, { "type": "Polygon", "coordinates": [ [ [ 8.811976236715273, 52.198298132877689 ], [ 8.809479709223366, 52.206459164035635 ], [ 8.819664541348292, 52.225376383346344 ], [ 8.846423681303207, 52.219555581434548 ], [ 8.846553136773704, 52.217290110570971 ], [ 8.823485737459396, 52.188520336886114 ], [ 8.811976236715273, 52.198298132877689 ] ] ] }, { "type": "Polygon", "coordinates": [ [ [ 8.829530665597607, 52.171092008077395 ], [ 8.823485737459396, 52.188520336886114 ], [ 8.846553136773704, 52.217290110570971 ], [ 8.85249169111426, 52.211098989585423 ], [ 8.860128574944754, 52.18813647464674 ], [ 8.853713578268959, 52.181906143338594 ], [ 8.829530665597607, 52.171092008077395 ] ] ] }, { "type": "Polygon", "coordinates": [ [ [ 8.846497056927088, 52.253319954293303 ], [ 8.841889143795633, 52.283892312968327 ], [ 8.865470604762011, 52.293729030785478 ], [ 8.876876005370869, 52.292236148846499 ], [ 8.872959726697827, 52.27058143086856 ], [ 8.848688766584628, 52.251594202956639 ], [ 8.846497056927088, 52.253319954293303 ] ] ] }, { "type": "Polygon", "coordinates": [ [ [ 8.830351434256899, 52.290770845562399 ], [ 8.838016209213535, 52.321104021002633 ], [ 8.85125077319014, 52.327609776009552 ], [ 8.865470604762011, 52.293729030785478 ], [ 8.841889143795633, 52.283892312968327 ], [ 8.830351434256899, 52.290770845562399 ] ] ] }, { "type": "Polygon", "coordinates": [ [ [ 8.824247950336565, 52.081239998908408 ], [ 8.849431715769787, 52.110300144962473 ], [ 8.878773537566, 52.115314014297347 ], [ 8.895144668954446, 52.062669595438813 ], [ 8.894673717043579, 52.061126211940746 ], [ 8.873077607852974, 52.044768456221895 ], [ 8.856927328213176, 52.048266736423152 ], [ 8.821870389664722, 52.07097551367557 ], [ 8.824247950336565, 52.081239998908408 ] ] ] }, { "type": "Polygon", "coordinates": [ [ [ 8.819664541348292, 52.225376383346344 ], [ 8.812871647746128, 52.247371600378592 ], [ 8.846497056927088, 52.253319954293303 ], [ 8.848688766584628, 52.251594202956639 ], [ 8.856377668351055, 52.239846401627325 ], [ 8.846423681303207, 52.219555581434548 ], [ 8.819664541348292, 52.225376383346344 ] ] ] }, { "type": "Polygon", "coordinates": [ [ [ 8.805795573557385, 51.817575840789139 ], [ 8.82417060106066, 51.861730178743237 ], [ 8.881093699837896, 51.779845656325044 ], [ 8.850847439183719, 51.776875169813138 ], [ 8.805795573557385, 51.817575840789139 ] ] ] }, { "type": "Polygon", "coordinates": [ [ [ 8.813572012470411, 51.967175454787068 ], [ 8.8162002604598, 51.980752761426842 ], [ 8.841858183133503, 51.996799031131687 ], [ 8.874657128536393, 51.991670181148514 ], [ 8.86033131326975, 51.955946204981899 ], [ 8.813572012470411, 51.967175454787068 ] ] ] }, { "type": "Polygon", "coordinates": [ [ [ 8.857842607917615, 51.484199027991792 ], [ 8.835455161629826, 51.523455687522009 ], [ 8.870905587429514, 51.543273419300107 ], [ 8.895709735603065, 51.517048543095171 ], [ 8.882223737409424, 51.475929958745709 ], [ 8.857842607917615, 51.484199027991792 ] ] ] }, { "type": "Polygon", "coordinates": [ [ [ 8.801809300959825, 51.557241003801572 ], [ 8.815570542026371, 51.574683161042159 ], [ 8.872722480546088, 51.580765797227471 ], [ 8.877949855495618, 51.561520556088354 ], [ 8.870905587429514, 51.543273419300107 ], [ 8.835455161629826, 51.523455687522009 ], [ 8.799792754366761, 51.526496996140615 ], [ 8.801809300959825, 51.557241003801572 ] ] ] }, { "type": "Polygon", "coordinates": [ [ [ 8.837834674246743, 52.434722711983639 ], [ 8.838076463071495, 52.436559340691318 ], [ 8.903011346980364, 52.356866528883728 ], [ 8.885930126405755, 52.350793557032425 ], [ 8.869539581323229, 52.354810948913446 ], [ 8.837834674246743, 52.434722711983639 ] ] ] }, { "type": "Polygon", "coordinates": [ [ [ 8.815570542026371, 51.574683161042159 ], [ 8.821543939003561, 51.604583565076311 ], [ 8.864609202686507, 51.607649700465373 ], [ 8.873205312557971, 51.589307663178069 ], [ 8.872722480546088, 51.580765797227471 ], [ 8.815570542026371, 51.574683161042159 ] ] ] }, { "type": "Polygon", "coordinates": [ [ [ 8.860171994469873, 51.671848968618008 ], [ 8.806824556659894, 51.698604358526531 ], [ 8.841441543556837, 51.719850215531267 ], [ 8.889638059669126, 51.72380761262432 ], [ 8.892924787949992, 51.708076376894979 ], [ 8.888330200294526, 51.695881360478793 ], [ 8.874689203283729, 51.680006288773995 ], [ 8.860171994469873, 51.671848968618008 ] ] ] }, { "type": "Polygon", "coordinates": [ [ [ 8.841858183133503, 51.996799031131687 ], [ 8.838079100305807, 52.01612920368428 ], [ 8.856927328213176, 52.048266736423152 ], [ 8.873077607852974, 52.044768456221895 ], [ 8.883578631800429, 52.005130013745088 ], [ 8.880117136965309, 51.995642392034163 ], [ 8.874657128536393, 51.991670181148514 ], [ 8.841858183133503, 51.996799031131687 ] ] ] }, { "type": "Polygon", "coordinates": [ [ [ 8.83232664198921, 51.762763854202774 ], [ 8.850847439183719, 51.776875169813138 ], [ 8.881093699837896, 51.779845656325044 ], [ 8.895284340341568, 51.776288874064953 ], [ 8.89921142767971, 51.751605362387956 ], [ 8.899178665282312, 51.750609972237157 ], [ 8.889638059669126, 51.72380761262432 ], [ 8.841441543556837, 51.719850215531267 ], [ 8.83232664198921, 51.762763854202774 ] ] ] }, { "type": "Polygon", "coordinates": [ [ [ 8.851977015110389, 51.642707338896059 ], [ 8.860171994469873, 51.671848968618008 ], [ 8.874689203283729, 51.680006288773995 ], [ 8.893702627930319, 51.638263069033528 ], [ 8.866015943326692, 51.622578377916007 ], [ 8.851977015110389, 51.642707338896059 ] ] ] }, { "type": "Polygon", "coordinates": [ [ [ 8.836627144627938, 51.460561326925159 ], [ 8.857842607917615, 51.484199027991792 ], [ 8.882223737409424, 51.475929958745709 ], [ 8.917663441116, 51.42734375093054 ], [ 8.836627144627938, 51.460561326925159 ] ] ] }, { "type": "Polygon", "coordinates": [ [ [ 8.851034603649021, 51.89690327527304 ], [ 8.863532438206214, 51.924464665944896 ], [ 8.890363707901809, 51.920389572195958 ], [ 8.892406775163773, 51.905796885145492 ], [ 8.851034603649021, 51.89690327527304 ] ] ] }, { "type": "Polygon", "coordinates": [ [ [ 8.825491714191312, 52.157695128015718 ], [ 8.826900080899163, 52.159717403425375 ], [ 8.885253844857843, 52.149059637692389 ], [ 8.88636490113957, 52.144198578836438 ], [ 8.88374941625341, 52.120939316920627 ], [ 8.878773537566, 52.115314014297347 ], [ 8.849431715769787, 52.110300144962473 ], [ 8.825491714191312, 52.157695128015718 ] ] ] }, { "type": "Polygon", "coordinates": [ [ [ 8.82417060106066, 51.861730178743237 ], [ 8.824753359825625, 51.867322896615804 ], [ 8.826419479261798, 51.867730747878426 ], [ 8.887007977402128, 51.858794495282226 ], [ 8.904143406689979, 51.849574548965649 ], [ 8.903718641525579, 51.786788902485121 ], [ 8.895284340341568, 51.776288874064953 ], [ 8.881093699837896, 51.779845656325044 ], [ 8.82417060106066, 51.861730178743237 ] ] ] }, { "type": "Polygon", "coordinates": [ [ [ 8.846553136773704, 52.217290110570971 ], [ 8.846423681303207, 52.219555581434548 ], [ 8.856377668351055, 52.239846401627325 ], [ 8.88179727558957, 52.236179725217447 ], [ 8.892103098402968, 52.20661287766773 ], [ 8.85249169111426, 52.211098989585423 ], [ 8.846553136773704, 52.217290110570971 ] ] ] }, { "type": "Polygon", "coordinates": [ [ [ 8.863532438206214, 51.924464665944896 ], [ 8.858356717741767, 51.940699738554919 ], [ 8.860716411394851, 51.95500894682781 ], [ 8.906260893348552, 51.942280143674182 ], [ 8.890363707901809, 51.920389572195958 ], [ 8.863532438206214, 51.924464665944896 ] ] ] }, { "type": "Polygon", "coordinates": [ [ [ 8.829530665597607, 52.171092008077395 ], [ 8.853713578268959, 52.181906143338594 ], [ 8.885600064343004, 52.15059730995614 ], [ 8.885253844857843, 52.149059637692389 ], [ 8.826900080899163, 52.159717403425375 ], [ 8.829530665597607, 52.171092008077395 ] ] ] }, { "type": "Polygon", "coordinates": [ [ [ 8.838076463071495, 52.436559340691318 ], [ 8.838310402791006, 52.443617213809993 ], [ 8.921925579825187, 52.366646123285079 ], [ 8.923727599334557, 52.35643321612492 ], [ 8.903011346980364, 52.356866528883728 ], [ 8.838076463071495, 52.436559340691318 ] ] ] }, { "type": "Polygon", "coordinates": [ [ [ 8.85125077319014, 52.327609776009552 ], [ 8.854044326824996, 52.331735711972058 ], [ 8.884747246971411, 52.321160104824571 ], [ 8.895025199594222, 52.308103406137917 ], [ 8.88825240955315, 52.296036612454024 ], [ 8.876876005370869, 52.292236148846499 ], [ 8.865470604762011, 52.293729030785478 ], [ 8.85125077319014, 52.327609776009552 ] ] ] }, { "type": "Polygon", "coordinates": [ [ [ 8.854129258246802, 52.333580060320777 ], [ 8.869539581323229, 52.354810948913446 ], [ 8.885930126405755, 52.350793557032425 ], [ 8.884747246971411, 52.321160104824571 ], [ 8.854044326824996, 52.331735711972058 ], [ 8.854129258246802, 52.333580060320777 ] ] ] }, { "type": "Polygon", "coordinates": [ [ [ 8.873205312557971, 51.589307663178069 ], [ 8.864609202686507, 51.607649700465373 ], [ 8.866015943326692, 51.622578377916007 ], [ 8.893702627930319, 51.638263069033528 ], [ 8.912636359669744, 51.639420761807969 ], [ 8.914691345021962, 51.63714252016937 ], [ 8.929134130770571, 51.610504666889597 ], [ 8.873205312557971, 51.589307663178069 ] ] ] }, { "type": "Polygon", "coordinates": [ [ [ 8.984524994325977, 51.350975613220477 ], [ 8.917663441116, 51.42734375093054 ], [ 8.882223737409424, 51.475929958745709 ], [ 8.895709735603065, 51.517048543095171 ], [ 8.966424755604116, 51.512586327915955 ], [ 8.996318060924517, 51.41011683283763 ], [ 8.984524994325977, 51.350975613220477 ] ] ] }, { "type": "Polygon", "coordinates": [ [ [ 8.885253844857843, 52.149059637692389 ], [ 8.885600064343004, 52.15059730995614 ], [ 8.900572044204477, 52.184104277437605 ], [ 8.906211431395411, 52.182806439720231 ], [ 8.940829807139178, 52.157259123670116 ], [ 8.938780587266622, 52.144882033889608 ], [ 8.88636490113957, 52.144198578836438 ], [ 8.885253844857843, 52.149059637692389 ] ] ] }, { "type": "Polygon", "coordinates": [ [ [ 8.853713578268959, 52.181906143338594 ], [ 8.860128574944754, 52.18813647464674 ], [ 8.895747368363081, 52.193416113612933 ], [ 8.900572044204477, 52.184104277437605 ], [ 8.885600064343004, 52.15059730995614 ], [ 8.853713578268959, 52.181906143338594 ] ] ] }, { "type": "Polygon", "coordinates": [ [ [ 8.848688766584628, 52.251594202956639 ], [ 8.872959726697827, 52.27058143086856 ], [ 8.889546931379712, 52.250944974076461 ], [ 8.888349188893571, 52.243536792341516 ], [ 8.88179727558957, 52.236179725217447 ], [ 8.856377668351055, 52.239846401627325 ], [ 8.848688766584628, 52.251594202956639 ] ] ] }, { "type": "Polygon", "coordinates": [ [ [ 8.860128574944754, 52.18813647464674 ], [ 8.85249169111426, 52.211098989585423 ], [ 8.892103098402968, 52.20661287766773 ], [ 8.895607077083682, 52.201098311086064 ], [ 8.895747368363081, 52.193416113612933 ], [ 8.860128574944754, 52.18813647464674 ] ] ] }, { "type": "Polygon", "coordinates": [ [ [ 8.878773537566, 52.115314014297347 ], [ 8.88374941625341, 52.120939316920627 ], [ 8.923791858687096, 52.112826550180145 ], [ 8.928321677296475, 52.09427903477868 ], [ 8.923541387916028, 52.08328675055531 ], [ 8.895144668954446, 52.062669595438813 ], [ 8.878773537566, 52.115314014297347 ] ] ] }, { "type": "Polygon", "coordinates": [ [ [ 8.874689203283729, 51.680006288773995 ], [ 8.888330200294526, 51.695881360478793 ], [ 8.914415526346588, 51.649720563779944 ], [ 8.912636359669744, 51.639420761807969 ], [ 8.893702627930319, 51.638263069033528 ], [ 8.874689203283729, 51.680006288773995 ] ] ] }, { "type": "Polygon", "coordinates": [ [ [ 8.895607077083682, 52.201098311086064 ], [ 8.892103098402968, 52.20661287766773 ], [ 8.88179727558957, 52.236179725217447 ], [ 8.888349188893571, 52.243536792341516 ], [ 8.911195288660284, 52.241805318263154 ], [ 8.922325658965867, 52.221782306040822 ], [ 8.895607077083682, 52.201098311086064 ] ] ] }, { "type": "Polygon", "coordinates": [ [ [ 8.876876005370869, 52.292236148846499 ], [ 8.88825240955315, 52.296036612454024 ], [ 8.902599480128853, 52.273031190381694 ], [ 8.889546931379712, 52.250944974076461 ], [ 8.872959726697827, 52.27058143086856 ], [ 8.876876005370869, 52.292236148846499 ] ] ] }, { "type": "Polygon", "coordinates": [ [ [ 8.826419479261798, 51.867730747878426 ], [ 8.851034603649021, 51.89690327527304 ], [ 8.892406775163773, 51.905796885145492 ], [ 8.892683309972899, 51.905380281631494 ], [ 8.887007977402128, 51.858794495282226 ], [ 8.826419479261798, 51.867730747878426 ] ] ] }, { "type": "Polygon", "coordinates": [ [ [ 8.860716411394851, 51.95500894682781 ], [ 8.86033131326975, 51.955946204981899 ], [ 8.874657128536393, 51.991670181148514 ], [ 8.880117136965309, 51.995642392034163 ], [ 8.906180471353849, 51.970255023988976 ], [ 8.907923934423449, 51.942987263512528 ], [ 8.906260893348552, 51.942280143674182 ], [ 8.860716411394851, 51.95500894682781 ] ] ] }, { "type": "Polygon", "coordinates": [ [ [ 8.888330200294526, 51.695881360478793 ], [ 8.892924787949992, 51.708076376894979 ], [ 8.9461010923696, 51.683508795712378 ], [ 8.914415526346588, 51.649720563779944 ], [ 8.888330200294526, 51.695881360478793 ] ] ] }, { "type": "Polygon", "coordinates": [ [ [ 8.884747246971411, 52.321160104824571 ], [ 8.885930126405755, 52.350793557032425 ], [ 8.903011346980364, 52.356866528883728 ], [ 8.923727599334557, 52.35643321612492 ], [ 8.924786207717364, 52.355444264012057 ], [ 8.924034989644436, 52.338082113170671 ], [ 8.909694905989728, 52.314197646162789 ], [ 8.895025199594222, 52.308103406137917 ], [ 8.884747246971411, 52.321160104824571 ] ] ] }, { "type": "Polygon", "coordinates": [ [ [ 8.892406775163773, 51.905796885145492 ], [ 8.890363707901809, 51.920389572195958 ], [ 8.906260893348552, 51.942280143674182 ], [ 8.907923934423449, 51.942987263512528 ], [ 8.91214050392882, 51.941443846242585 ], [ 8.92976633082089, 51.922212391357633 ], [ 8.939574554546285, 51.897565073886817 ], [ 8.892683309972899, 51.905380281631494 ], [ 8.892406775163773, 51.905796885145492 ] ] ] }, { "type": "Polygon", "coordinates": [ [ [ 8.892924787949992, 51.708076376894979 ], [ 8.889638059669126, 51.72380761262432 ], [ 8.899178665282312, 51.750609972237157 ], [ 8.974471818513175, 51.710511738114235 ], [ 8.957983210006001, 51.683847506182147 ], [ 8.9461010923696, 51.683508795712378 ], [ 8.892924787949992, 51.708076376894979 ] ] ] }, { "type": "Polygon", "coordinates": [ [ [ 8.904143406689979, 51.849574548965649 ], [ 8.887007977402128, 51.858794495282226 ], [ 8.892683309972899, 51.905380281631494 ], [ 8.939574554546285, 51.897565073886817 ], [ 8.942763382062564, 51.893750056112232 ], [ 8.942954829431597, 51.871832143966365 ], [ 8.941214559340469, 51.869527749604018 ], [ 8.904143406689979, 51.849574548965649 ] ] ] }, { "type": "Polygon", "coordinates": [ [ [ 8.88825240955315, 52.296036612454024 ], [ 8.895025199594222, 52.308103406137917 ], [ 8.909694905989728, 52.314197646162789 ], [ 8.9391478997607, 52.286994354536667 ], [ 8.937319121911584, 52.283564854107617 ], [ 8.914253849055005, 52.270936939445633 ], [ 8.902599480128853, 52.273031190381694 ], [ 8.88825240955315, 52.296036612454024 ] ] ] }, { "type": "Polygon", "coordinates": [ [ [ 8.873077607852974, 52.044768456221895 ], [ 8.894673717043579, 52.061126211940746 ], [ 8.930631065582356, 52.038892052736621 ], [ 8.902990609847492, 52.007617683270034 ], [ 8.883578631800429, 52.005130013745088 ], [ 8.873077607852974, 52.044768456221895 ] ] ] }, { "type": "Polygon", "coordinates": [ [ [ 8.838310402791006, 52.443617213809993 ], [ 8.829261440534784, 52.570530320258449 ], [ 8.846781172373136, 52.612625984752185 ], [ 8.884202516840645, 52.549591564609493 ], [ 8.931372596537649, 52.429718310716751 ], [ 8.921925579825187, 52.366646123285079 ], [ 8.838310402791006, 52.443617213809993 ] ] ] }, { "type": "Polygon", "coordinates": [ [ [ 8.895747368363081, 52.193416113612933 ], [ 8.895607077083682, 52.201098311086064 ], [ 8.922325658965867, 52.221782306040822 ], [ 8.937883759017414, 52.22287832346656 ], [ 8.950106892949359, 52.204044255579859 ], [ 8.949219093987871, 52.201829829877411 ], [ 8.906211431395411, 52.182806439720231 ], [ 8.900572044204477, 52.184104277437605 ], [ 8.895747368363081, 52.193416113612933 ] ] ] }, { "type": "Polygon", "coordinates": [ [ [ 8.888349188893571, 52.243536792341516 ], [ 8.889546931379712, 52.250944974076461 ], [ 8.902599480128853, 52.273031190381694 ], [ 8.914253849055005, 52.270936939445633 ], [ 8.921019986668604, 52.251940757116465 ], [ 8.911195288660284, 52.241805318263154 ], [ 8.888349188893571, 52.243536792341516 ] ] ] }, { "type": "Polygon", "coordinates": [ [ [ 8.872722480546088, 51.580765797227471 ], [ 8.873205312557971, 51.589307663178069 ], [ 8.929134130770571, 51.610504666889597 ], [ 8.944085328947256, 51.601918672678302 ], [ 8.94351050943092, 51.561634848054467 ], [ 8.877949855495618, 51.561520556088354 ], [ 8.872722480546088, 51.580765797227471 ] ] ] }, { "type": "Polygon", "coordinates": [ [ [ 8.912636359669744, 51.639420761807969 ], [ 8.914415526346588, 51.649720563779944 ], [ 8.9461010923696, 51.683508795712378 ], [ 8.957983210006001, 51.683847506182147 ], [ 8.968527391046798, 51.658349280912688 ], [ 8.914691345021962, 51.63714252016937 ], [ 8.912636359669744, 51.639420761807969 ] ] ] }, { "type": "Polygon", "coordinates": [ [ [ 9.024166185000412, 51.441020565844141 ], [ 9.042966668767898, 51.472247266173767 ], [ 9.107376496410813, 51.504971809042878 ], [ 9.120536806913272, 51.497534003426857 ], [ 9.121430150950388, 51.489154156907212 ], [ 9.114831751274702, 51.471898797201483 ], [ 9.024166185000412, 51.441020565844141 ] ] ] }, { "type": "Polygon", "coordinates": [ [ [ 9.042966668767898, 51.472247266173767 ], [ 9.024166185000412, 51.441020565844141 ], [ 8.996318060924517, 51.41011683283763 ], [ 8.966424755604116, 51.512586327915955 ], [ 8.967404790836525, 51.524755701520064 ], [ 9.006538445808879, 51.559680276133633 ], [ 9.027700997598782, 51.555451927578254 ], [ 9.058901311668906, 51.526405225216237 ], [ 9.042966668767898, 51.472247266173767 ] ] ] }, { "type": "Polygon", "coordinates": [ [ [ 8.870905587429514, 51.543273419300107 ], [ 8.877949855495618, 51.561520556088354 ], [ 8.94351050943092, 51.561634848054467 ], [ 8.967404790836525, 51.524755701520064 ], [ 8.966424755604116, 51.512586327915955 ], [ 8.895709735603065, 51.517048543095171 ], [ 8.870905587429514, 51.543273419300107 ] ] ] }, { "type": "Polygon", "coordinates": [ [ [ 8.923727599334557, 52.35643321612492 ], [ 8.921925579825187, 52.366646123285079 ], [ 8.931372596537649, 52.429718310716751 ], [ 8.961923688206429, 52.398441679687934 ], [ 8.949518814735256, 52.360255188040568 ], [ 8.924786207717364, 52.355444264012057 ], [ 8.923727599334557, 52.35643321612492 ] ] ] }, { "type": "Polygon", "coordinates": [ [ [ 8.922325658965867, 52.221782306040822 ], [ 8.911195288660284, 52.241805318263154 ], [ 8.921019986668604, 52.251940757116465 ], [ 8.928276877899647, 52.250140370744461 ], [ 8.941158855820351, 52.231604571629589 ], [ 8.937883759017414, 52.22287832346656 ], [ 8.922325658965867, 52.221782306040822 ] ] ] }, { "type": "Polygon", "coordinates": [ [ [ 8.89921142767971, 51.751605362387956 ], [ 8.895284340341568, 51.776288874064953 ], [ 8.903718641525579, 51.786788902485121 ], [ 8.944839525289746, 51.793453561578133 ], [ 8.981350855871415, 51.766366101130018 ], [ 8.986795639257457, 51.756754297660883 ], [ 8.986785636337562, 51.756298856089906 ], [ 8.98491886762841, 51.75086084305596 ], [ 8.89921142767971, 51.751605362387956 ] ] ] }, { "type": "Polygon", "coordinates": [ [ [ 8.880117136965309, 51.995642392034163 ], [ 8.883578631800429, 52.005130013745088 ], [ 8.902990609847492, 52.007617683270034 ], [ 8.948051820299034, 51.992156697288763 ], [ 8.906180471353849, 51.970255023988976 ], [ 8.880117136965309, 51.995642392034163 ] ] ] }, { "type": "Polygon", "coordinates": [ [ [ 8.894673717043579, 52.061126211940746 ], [ 8.895144668954446, 52.062669595438813 ], [ 8.923541387916028, 52.08328675055531 ], [ 8.963328435595017, 52.050830811846623 ], [ 8.959897099498498, 52.033712116337014 ], [ 8.930631065582356, 52.038892052736621 ], [ 8.894673717043579, 52.061126211940746 ] ] ] }, { "type": "Polygon", "coordinates": [ [ [ 8.923791858687096, 52.112826550180145 ], [ 8.88374941625341, 52.120939316920627 ], [ 8.88636490113957, 52.144198578836438 ], [ 8.938780587266622, 52.144882033889608 ], [ 8.941752094587821, 52.13222957509894 ], [ 8.923791858687096, 52.112826550180145 ] ] ] }, { "type": "Polygon", "coordinates": [ [ [ 8.907923934423449, 51.942987263512528 ], [ 8.906180471353849, 51.970255023988976 ], [ 8.948051820299034, 51.992156697288763 ], [ 8.956673598954875, 51.99282728006969 ], [ 8.962734682517405, 51.97305046634763 ], [ 8.91214050392882, 51.941443846242585 ], [ 8.907923934423449, 51.942987263512528 ] ] ] }, { "type": "Polygon", "coordinates": [ [ [ 8.944085328947256, 51.601918672678302 ], [ 8.929134130770571, 51.610504666889597 ], [ 8.914691345021962, 51.63714252016937 ], [ 8.968527391046798, 51.658349280912688 ], [ 8.986577064960297, 51.631445904679772 ], [ 8.986182770628552, 51.629097731940966 ], [ 8.944085328947256, 51.601918672678302 ] ] ] }, { "type": "Polygon", "coordinates": [ [ [ 8.948051820299034, 51.992156697288763 ], [ 8.902990609847492, 52.007617683270034 ], [ 8.930631065582356, 52.038892052736621 ], [ 8.959897099498498, 52.033712116337014 ], [ 8.966596902091869, 52.01901116590625 ], [ 8.956673598954875, 51.99282728006969 ], [ 8.948051820299034, 51.992156697288763 ] ] ] }, { "type": "Polygon", "coordinates": [ [ [ 8.939574554546285, 51.897565073886817 ], [ 8.92976633082089, 51.922212391357633 ], [ 8.966961082940278, 51.959000815196937 ], [ 8.984661534523427, 51.926406758309938 ], [ 8.942763382062564, 51.893750056112232 ], [ 8.939574554546285, 51.897565073886817 ] ] ] }, { "type": "Polygon", "coordinates": [ [ [ 8.914253849055005, 52.270936939445633 ], [ 8.937319121911584, 52.283564854107617 ], [ 8.942019247860138, 52.263287402701565 ], [ 8.928276877899647, 52.250140370744461 ], [ 8.921019986668604, 52.251940757116465 ], [ 8.914253849055005, 52.270936939445633 ] ] ] }, { "type": "Polygon", "coordinates": [ [ [ 8.909694905989728, 52.314197646162789 ], [ 8.924034989644436, 52.338082113170671 ], [ 8.956590166404037, 52.312602856223343 ], [ 8.942082205441039, 52.288232421470759 ], [ 8.9391478997607, 52.286994354536667 ], [ 8.909694905989728, 52.314197646162789 ] ] ] }, { "type": "Polygon", "coordinates": [ [ [ 8.923541387916028, 52.08328675055531 ], [ 8.928321677296475, 52.09427903477868 ], [ 8.976912694358074, 52.09038491471231 ], [ 8.977649902786169, 52.076771131056155 ], [ 8.963328435595017, 52.050830811846623 ], [ 8.923541387916028, 52.08328675055531 ] ] ] }, { "type": "Polygon", "coordinates": [ [ [ 8.937883759017414, 52.22287832346656 ], [ 8.941158855820351, 52.231604571629589 ], [ 8.960921378041391, 52.247292429858504 ], [ 8.962223706591695, 52.247458089324319 ], [ 8.994380863496016, 52.226728925172914 ], [ 8.987995062227348, 52.212273045845961 ], [ 8.950106892949359, 52.204044255579859 ], [ 8.937883759017414, 52.22287832346656 ] ] ] }, { "type": "Polygon", "coordinates": [ [ [ 8.940829807139178, 52.157259123670116 ], [ 8.906211431395411, 52.182806439720231 ], [ 8.949219093987871, 52.201829829877411 ], [ 8.954382386836906, 52.167934454555194 ], [ 8.940829807139178, 52.157259123670116 ] ] ] }, { "type": "Polygon", "coordinates": [ [ [ 8.904143406689979, 51.849574548965649 ], [ 8.941214559340469, 51.869527749604018 ], [ 8.962581786229823, 51.817545484129873 ], [ 8.944839525289746, 51.793453561578133 ], [ 8.903718641525579, 51.786788902485121 ], [ 8.904143406689979, 51.849574548965649 ] ] ] }, { "type": "Polygon", "coordinates": [ [ [ 8.941752094587821, 52.13222957509894 ], [ 8.938780587266622, 52.144882033889608 ], [ 8.940829807139178, 52.157259123670116 ], [ 8.954382386836906, 52.167934454555194 ], [ 8.970443757727821, 52.166764881253783 ], [ 8.990536950928455, 52.145418875051334 ], [ 8.973037723088026, 52.117963945740343 ], [ 8.941752094587821, 52.13222957509894 ] ] ] }, { "type": "Polygon", "coordinates": [ [ [ 8.928321677296475, 52.09427903477868 ], [ 8.923791858687096, 52.112826550180145 ], [ 8.941752094587821, 52.13222957509894 ], [ 8.973037723088026, 52.117963945740343 ], [ 8.979212656933246, 52.097126797689661 ], [ 8.976912694358074, 52.09038491471231 ], [ 8.928321677296475, 52.09427903477868 ] ] ] }, { "type": "Polygon", "coordinates": [ [ [ 8.941158855820351, 52.231604571629589 ], [ 8.928276877899647, 52.250140370744461 ], [ 8.942019247860138, 52.263287402701565 ], [ 8.960921378041391, 52.247292429858504 ], [ 8.941158855820351, 52.231604571629589 ] ] ] }, { "type": "Polygon", "coordinates": [ [ [ 8.962734682517405, 51.97305046634763 ], [ 8.956673598954875, 51.99282728006969 ], [ 8.966596902091869, 52.01901116590625 ], [ 8.983601086098972, 52.018779889614841 ], [ 9.017016013021991, 51.99286964691472 ], [ 9.002680872256542, 51.972264742078956 ], [ 8.964137261890158, 51.971173885093613 ], [ 8.962734682517405, 51.97305046634763 ] ] ] }, { "type": "Polygon", "coordinates": [ [ [ 8.899178665282312, 51.750609972237157 ], [ 8.89921142767971, 51.751605362387956 ], [ 8.98491886762841, 51.75086084305596 ], [ 8.982912289976065, 51.716403748598495 ], [ 8.974471818513175, 51.710511738114235 ], [ 8.899178665282312, 51.750609972237157 ] ] ] }, { "type": "Polygon", "coordinates": [ [ [ 8.92976633082089, 51.922212391357633 ], [ 8.91214050392882, 51.941443846242585 ], [ 8.962734682517405, 51.97305046634763 ], [ 8.964137261890158, 51.971173885093613 ], [ 8.966961082940278, 51.959000815196937 ], [ 8.92976633082089, 51.922212391357633 ] ] ] }, { "type": "Polygon", "coordinates": [ [ [ 8.956590166404037, 52.312602856223343 ], [ 8.924034989644436, 52.338082113170671 ], [ 8.924786207717364, 52.355444264012057 ], [ 8.949518814735256, 52.360255188040568 ], [ 8.970935976704533, 52.351541557356839 ], [ 8.974935871950757, 52.318480696208645 ], [ 8.956590166404037, 52.312602856223343 ] ] ] }, { "type": "Polygon", "coordinates": [ [ [ 8.937319121911584, 52.283564854107617 ], [ 8.9391478997607, 52.286994354536667 ], [ 8.942082205441039, 52.288232421470759 ], [ 8.971374634425434, 52.27550536533932 ], [ 8.962223706591695, 52.247458089324319 ], [ 8.960921378041391, 52.247292429858504 ], [ 8.942019247860138, 52.263287402701565 ], [ 8.937319121911584, 52.283564854107617 ] ] ] }, { "type": "Polygon", "coordinates": [ [ [ 8.94351050943092, 51.561634848054467 ], [ 8.944085328947256, 51.601918672678302 ], [ 8.986182770628552, 51.629097731940966 ], [ 9.0089705635848, 51.600009465610064 ], [ 9.006538445808879, 51.559680276133633 ], [ 8.967404790836525, 51.524755701520064 ], [ 8.94351050943092, 51.561634848054467 ] ] ] }, { "type": "Polygon", "coordinates": [ [ [ 8.966596902091869, 52.01901116590625 ], [ 8.959897099498498, 52.033712116337014 ], [ 8.963328435595017, 52.050830811846623 ], [ 8.977649902786169, 52.076771131056155 ], [ 9.046099616032198, 52.051770862723103 ], [ 8.983601086098972, 52.018779889614841 ], [ 8.966596902091869, 52.01901116590625 ] ] ] }, { "type": "Polygon", "coordinates": [ [ [ 8.957983210006001, 51.683847506182147 ], [ 8.974471818513175, 51.710511738114235 ], [ 8.982912289976065, 51.716403748598495 ], [ 9.003874441929041, 51.708200716624418 ], [ 9.017001814128385, 51.689078710718739 ], [ 9.00915303508452, 51.647929455452768 ], [ 8.986577064960297, 51.631445904679772 ], [ 8.968527391046798, 51.658349280912688 ], [ 8.957983210006001, 51.683847506182147 ] ] ] }, { "type": "Polygon", "coordinates": [ [ [ 8.970935976704533, 52.351541557356839 ], [ 8.973448246161482, 52.352966522268261 ], [ 9.012674996180102, 52.355915175243886 ], [ 9.023790603674763, 52.292698720476956 ], [ 9.014354311322661, 52.294172806257336 ], [ 8.974935871950757, 52.318480696208645 ], [ 8.970935976704533, 52.351541557356839 ] ] ] }, { "type": "Polygon", "coordinates": [ [ [ 8.973448246161482, 52.352966522268261 ], [ 8.970935976704533, 52.351541557356839 ], [ 8.949518814735256, 52.360255188040568 ], [ 8.961923688206429, 52.398441679687934 ], [ 8.975856371956729, 52.397195161975773 ], [ 8.984527966688139, 52.385467035714491 ], [ 8.973448246161482, 52.352966522268261 ] ] ] }, { "type": "Polygon", "coordinates": [ [ [ 8.986795639257457, 51.756754297660883 ], [ 8.981350855871415, 51.766366101130018 ], [ 8.992903112938707, 51.804533396719116 ], [ 9.019235831769524, 51.817867649103476 ], [ 9.020017916836235, 51.817490333286692 ], [ 9.033042057967421, 51.788866979320836 ], [ 8.986795639257457, 51.756754297660883 ] ] ] }, { "type": "Polygon", "coordinates": [ [ [ 8.941214559340469, 51.869527749604018 ], [ 8.942954829431597, 51.871832143966365 ], [ 8.953720891811034, 51.870091292085107 ], [ 8.993615304073675, 51.839678147855125 ], [ 8.962600421118024, 51.817547405114524 ], [ 8.962581786229823, 51.817545484129873 ], [ 8.941214559340469, 51.869527749604018 ] ] ] }, { "type": "Polygon", "coordinates": [ [ [ 8.942954829431597, 51.871832143966365 ], [ 8.942763382062564, 51.893750056112232 ], [ 8.984661534523427, 51.926406758309938 ], [ 9.001196520204683, 51.922142971513509 ], [ 9.009459671442842, 51.900024662976492 ], [ 8.986398352719965, 51.876372028208799 ], [ 8.953720891811034, 51.870091292085107 ], [ 8.942954829431597, 51.871832143966365 ] ] ] }, { "type": "Polygon", "coordinates": [ [ [ 8.966961082940278, 51.959000815196937 ], [ 8.964137261890158, 51.971173885093613 ], [ 9.002680872256542, 51.972264742078956 ], [ 9.022601618998435, 51.946196424095852 ], [ 9.021814997368008, 51.939194657922052 ], [ 9.001196520204683, 51.922142971513509 ], [ 8.984661534523427, 51.926406758309938 ], [ 8.966961082940278, 51.959000815196937 ] ] ] }, { "type": "Polygon", "coordinates": [ [ [ 8.976912694358074, 52.09038491471231 ], [ 8.979212656933246, 52.097126797689661 ], [ 9.021832593803403, 52.106381916970143 ], [ 9.055104188922595, 52.062909126069023 ], [ 9.056868990014149, 52.057530081962604 ], [ 9.049171560574072, 52.05208720766494 ], [ 9.046099616032198, 52.051770862723103 ], [ 8.977649902786169, 52.076771131056155 ], [ 8.976912694358074, 52.09038491471231 ] ] ] }, { "type": "Polygon", "coordinates": [ [ [ 8.949219093987871, 52.201829829877411 ], [ 8.950106892949359, 52.204044255579859 ], [ 8.987995062227348, 52.212273045845961 ], [ 8.991819137786308, 52.197107872211205 ], [ 8.970443757727821, 52.166764881253783 ], [ 8.954382386836906, 52.167934454555194 ], [ 8.949219093987871, 52.201829829877411 ] ] ] }, { "type": "Polygon", "coordinates": [ [ [ 8.971374634425434, 52.27550536533932 ], [ 8.942082205441039, 52.288232421470759 ], [ 8.956590166404037, 52.312602856223343 ], [ 8.974935871950757, 52.318480696208645 ], [ 9.014354311322661, 52.294172806257336 ], [ 8.971374634425434, 52.27550536533932 ] ] ] }, { "type": "Polygon", "coordinates": [ [ [ 8.962223706591695, 52.247458089324319 ], [ 8.971374634425434, 52.27550536533932 ], [ 9.014354311322661, 52.294172806257336 ], [ 9.023790603674763, 52.292698720476956 ], [ 9.024278762839122, 52.292380533792937 ], [ 9.002919254044127, 52.232115825468334 ], [ 8.994380863496016, 52.226728925172914 ], [ 8.962223706591695, 52.247458089324319 ] ] ] }, { "type": "Polygon", "coordinates": [ [ [ 8.944839525289746, 51.793453561578133 ], [ 8.962581786229823, 51.817545484129873 ], [ 8.962600421118024, 51.817547405114524 ], [ 8.992903112938707, 51.804533396719116 ], [ 8.981350855871415, 51.766366101130018 ], [ 8.944839525289746, 51.793453561578133 ] ] ] }, { "type": "Polygon", "coordinates": [ [ [ 8.979212656933246, 52.097126797689661 ], [ 8.973037723088026, 52.117963945740343 ], [ 8.990536950928455, 52.145418875051334 ], [ 9.001632580068671, 52.147907233083266 ], [ 9.022129710523071, 52.143831242027225 ], [ 9.026739951764183, 52.126131473261211 ], [ 9.021832593803403, 52.106381916970143 ], [ 8.979212656933246, 52.097126797689661 ] ] ] }, { "type": "Polygon", "coordinates": [ [ [ 9.001593568375428, 52.188323299941828 ], [ 8.991819137786308, 52.197107872211205 ], [ 8.987995062227348, 52.212273045845961 ], [ 8.994380863496016, 52.226728925172914 ], [ 9.002919254044127, 52.232115825468334 ], [ 9.081990201833024, 52.191540215583579 ], [ 9.055222510562432, 52.178264418939982 ], [ 9.001593568375428, 52.188323299941828 ] ] ] }, { "type": "Polygon", "coordinates": [ [ [ 8.991819137786308, 52.197107872211205 ], [ 9.001593568375428, 52.188323299941828 ], [ 9.001632580068671, 52.147907233083266 ], [ 8.990536950928455, 52.145418875051334 ], [ 8.970443757727821, 52.166764881253783 ], [ 8.991819137786308, 52.197107872211205 ] ] ] }, { "type": "Polygon", "coordinates": [ [ [ 8.975856371956729, 52.397195161975773 ], [ 8.989107079692369, 52.410873712152238 ], [ 9.001103129726717, 52.410038272950658 ], [ 9.0188640838451, 52.391461409425347 ], [ 9.019525414851049, 52.384754283304403 ], [ 9.015587308211575, 52.378381208572819 ], [ 8.984527966688139, 52.385467035714491 ], [ 8.975856371956729, 52.397195161975773 ] ] ] }, { "type": "Polygon", "coordinates": [ [ [ 8.962600421118024, 51.817547405114524 ], [ 8.993615304073675, 51.839678147855125 ], [ 9.005224030363369, 51.839357743351769 ], [ 9.019235831769524, 51.817867649103476 ], [ 8.992903112938707, 51.804533396719116 ], [ 8.962600421118024, 51.817547405114524 ] ] ] }, { "type": "Polygon", "coordinates": [ [ [ 8.986577064960297, 51.631445904679772 ], [ 9.00915303508452, 51.647929455452768 ], [ 9.04583132590979, 51.647343941203822 ], [ 9.059231653200211, 51.640671676650186 ], [ 9.049593254097283, 51.604424201005706 ], [ 9.0089705635848, 51.600009465610064 ], [ 8.986182770628552, 51.629097731940966 ], [ 8.986577064960297, 51.631445904679772 ] ] ] }, { "type": "Polygon", "coordinates": [ [ [ 8.973448246161482, 52.352966522268261 ], [ 8.984527966688139, 52.385467035714491 ], [ 9.015587308211575, 52.378381208572819 ], [ 9.015098499397578, 52.360514524480244 ], [ 9.012674996180102, 52.355915175243886 ], [ 8.973448246161482, 52.352966522268261 ] ] ] }, { "type": "Polygon", "coordinates": [ [ [ 8.953720891811034, 51.870091292085107 ], [ 8.986398352719965, 51.876372028208799 ], [ 9.008270509675492, 51.850860261028934 ], [ 9.005224030363369, 51.839357743351769 ], [ 8.993615304073675, 51.839678147855125 ], [ 8.953720891811034, 51.870091292085107 ] ] ] }, { "type": "Polygon", "coordinates": [ [ [ 9.005224030363369, 51.839357743351769 ], [ 9.008270509675492, 51.850860261028934 ], [ 9.018025129083368, 51.861984957842239 ], [ 9.050789636173125, 51.857738216537477 ], [ 9.024844548128973, 51.82053467546374 ], [ 9.020017916836235, 51.817490333286692 ], [ 9.019235831769524, 51.817867649103476 ], [ 9.005224030363369, 51.839357743351769 ] ] ] }, { "type": "Polygon", "coordinates": [ [ [ 8.98491886762841, 51.75086084305596 ], [ 8.986785636337562, 51.756298856089906 ], [ 9.058644007313617, 51.739708603199375 ], [ 9.059250065599889, 51.738808020727525 ], [ 9.003874441929041, 51.708200716624418 ], [ 8.982912289976065, 51.716403748598495 ], [ 8.98491886762841, 51.75086084305596 ] ] ] }, { "type": "Polygon", "coordinates": [ [ [ 9.015587308211575, 52.378381208572819 ], [ 9.019525414851049, 52.384754283304403 ], [ 9.058421781101071, 52.385039283523284 ], [ 9.072803500537749, 52.353307590311886 ], [ 9.015098499397578, 52.360514524480244 ], [ 9.015587308211575, 52.378381208572819 ] ] ] }, { "type": "Polygon", "coordinates": [ [ [ 8.989107079692369, 52.410873712152238 ], [ 8.978066593101575, 52.450855927212018 ], [ 9.01549993761868, 52.433754001422322 ], [ 9.001103129726717, 52.410038272950658 ], [ 8.989107079692369, 52.410873712152238 ] ] ] }, { "type": "Polygon", "coordinates": [ [ [ 9.001632580068671, 52.147907233083266 ], [ 9.001593568375428, 52.188323299941828 ], [ 9.055222510562432, 52.178264418939982 ], [ 9.022129710523071, 52.143831242027225 ], [ 9.001632580068671, 52.147907233083266 ] ] ] }, { "type": "Polygon", "coordinates": [ [ [ 8.986398352719965, 51.876372028208799 ], [ 9.009459671442842, 51.900024662976492 ], [ 9.01657382764126, 51.894374927855758 ], [ 9.017974283419516, 51.887585720265129 ], [ 9.018025129083368, 51.861984957842239 ], [ 9.008270509675492, 51.850860261028934 ], [ 8.986398352719965, 51.876372028208799 ] ] ] }, { "type": "Polygon", "coordinates": [ [ [ 9.004879644621385, 52.523568000977065 ], [ 9.028367282441387, 52.493015755867681 ], [ 9.045058936306951, 52.447148278288488 ], [ 9.023422220378896, 52.438809046244756 ], [ 9.004879644621385, 52.523568000977065 ] ] ] }, { "type": "Polygon", "coordinates": [ [ [ 8.983601086098972, 52.018779889614841 ], [ 9.046099616032198, 52.051770862723103 ], [ 9.049171560574072, 52.05208720766494 ], [ 9.039324235781153, 51.993088784421822 ], [ 9.017016013021991, 51.99286964691472 ], [ 8.983601086098972, 52.018779889614841 ] ] ] }, { "type": "Polygon", "coordinates": [ [ [ 8.986795639257457, 51.756754297660883 ], [ 9.033042057967421, 51.788866979320836 ], [ 9.045067352481274, 51.782534237591406 ], [ 9.058644007313617, 51.739708603199375 ], [ 8.986785636337562, 51.756298856089906 ], [ 8.986795639257457, 51.756754297660883 ] ] ] }, { "type": "Polygon", "coordinates": [ [ [ 9.001103129726717, 52.410038272950658 ], [ 9.01549993761868, 52.433754001422322 ], [ 9.019364464214847, 52.434116736832813 ], [ 9.031397568406788, 52.414530421037142 ], [ 9.0188640838451, 52.391461409425347 ], [ 9.001103129726717, 52.410038272950658 ] ] ] }, { "type": "Polygon", "coordinates": [ [ [ 9.01657382764126, 51.894374927855758 ], [ 9.009459671442842, 51.900024662976492 ], [ 9.001196520204683, 51.922142971513509 ], [ 9.021814997368008, 51.939194657922052 ], [ 9.044981475416032, 51.931130540453353 ], [ 9.046861245200931, 51.90700185507707 ], [ 9.038432111104971, 51.896184767238474 ], [ 9.01657382764126, 51.894374927855758 ] ] ] }, { "type": "Polygon", "coordinates": [ [ [ 9.022601618998435, 51.946196424095852 ], [ 9.002680872256542, 51.972264742078956 ], [ 9.017016013021991, 51.99286964691472 ], [ 9.039324235781153, 51.993088784421822 ], [ 9.039414630911113, 51.992956236265641 ], [ 9.045117456430317, 51.979016302141765 ], [ 9.022601618998435, 51.946196424095852 ] ] ] }, { "type": "Polygon", "coordinates": [ [ [ 9.019364464214847, 52.434116736832813 ], [ 9.023422220378896, 52.438809046244756 ], [ 9.045058936306951, 52.447148278288488 ], [ 9.058273576199896, 52.442565546438573 ], [ 9.048332220650403, 52.415038162252635 ], [ 9.031397568406788, 52.414530421037142 ], [ 9.019364464214847, 52.434116736832813 ] ] ] }, { "type": "Polygon", "coordinates": [ [ [ 9.012674996180102, 52.355915175243886 ], [ 9.015098499397578, 52.360514524480244 ], [ 9.072803500537749, 52.353307590311886 ], [ 9.13031699716503, 52.29221221938684 ], [ 9.024278762839122, 52.292380533792937 ], [ 9.023790603674763, 52.292698720476956 ], [ 9.012674996180102, 52.355915175243886 ] ] ] }, { "type": "Polygon", "coordinates": [ [ [ 9.021832593803403, 52.106381916970143 ], [ 9.026739951764183, 52.126131473261211 ], [ 9.064587970589264, 52.120696967573608 ], [ 9.055104188922595, 52.062909126069023 ], [ 9.021832593803403, 52.106381916970143 ] ] ] }, { "type": "Polygon", "coordinates": [ [ [ 9.022129710523071, 52.143831242027225 ], [ 9.055222510562432, 52.178264418939982 ], [ 9.081990201833024, 52.191540215583579 ], [ 9.08866558948648, 52.192365335613019 ], [ 9.079935993802374, 52.135991550053639 ], [ 9.064587970589264, 52.120696967573608 ], [ 9.026739951764183, 52.126131473261211 ], [ 9.022129710523071, 52.143831242027225 ] ] ] }, { "type": "Polygon", "coordinates": [ [ [ 9.002919254044127, 52.232115825468334 ], [ 9.024278762839122, 52.292380533792937 ], [ 9.13031699716503, 52.29221221938684 ], [ 9.209533046845655, 52.268260346762609 ], [ 9.08866558948648, 52.192365335613019 ], [ 9.081990201833024, 52.191540215583579 ], [ 9.002919254044127, 52.232115825468334 ] ] ] }, { "type": "Polygon", "coordinates": [ [ [ 9.018025129083368, 51.861984957842239 ], [ 9.017974283419516, 51.887585720265129 ], [ 9.057748832579794, 51.86073651405092 ], [ 9.050789636173125, 51.857738216537477 ], [ 9.018025129083368, 51.861984957842239 ] ] ] }, { "type": "Polygon", "coordinates": [ [ [ 9.021814997368008, 51.939194657922052 ], [ 9.022601618998435, 51.946196424095852 ], [ 9.045117456430317, 51.979016302141765 ], [ 9.077093892451716, 51.963554999273228 ], [ 9.070981458590062, 51.93728235326612 ], [ 9.044981475416032, 51.931130540453353 ], [ 9.021814997368008, 51.939194657922052 ] ] ] }, { "type": "Polygon", "coordinates": [ [ [ 9.00915303508452, 51.647929455452768 ], [ 9.017001814128385, 51.689078710718739 ], [ 9.042660206550133, 51.686573176601108 ], [ 9.04583132590979, 51.647343941203822 ], [ 9.00915303508452, 51.647929455452768 ] ] ] }, { "type": "Polygon", "coordinates": [ [ [ 9.020017916836235, 51.817490333286692 ], [ 9.024844548128973, 51.82053467546374 ], [ 9.083891097016149, 51.828733322268043 ], [ 9.079953893735226, 51.804666057937496 ], [ 9.045067352481274, 51.782534237591406 ], [ 9.033042057967421, 51.788866979320836 ], [ 9.020017916836235, 51.817490333286692 ] ] ] }, { "type": "Polygon", "coordinates": [ [ [ 9.045058936306951, 52.447148278288488 ], [ 9.028367282441387, 52.493015755867681 ], [ 9.092403956826837, 52.45209188288441 ], [ 9.058273576199896, 52.442565546438573 ], [ 9.045058936306951, 52.447148278288488 ] ] ] }, { "type": "Polygon", "coordinates": [ [ [ 9.017001814128385, 51.689078710718739 ], [ 9.003874441929041, 51.708200716624418 ], [ 9.059250065599889, 51.738808020727525 ], [ 9.061183636488719, 51.737729130330756 ], [ 9.064447613233751, 51.704309634465332 ], [ 9.061048062166767, 51.696606361906802 ], [ 9.042660206550133, 51.686573176601108 ], [ 9.017001814128385, 51.689078710718739 ] ] ] }, { "type": "Polygon", "coordinates": [ [ [ 9.059250065599889, 51.738808020727525 ], [ 9.058644007313617, 51.739708603199375 ], [ 9.045067352481274, 51.782534237591406 ], [ 9.079953893735226, 51.804666057937496 ], [ 9.099295920680172, 51.781804167795272 ], [ 9.093526495424966, 51.74560287875083 ], [ 9.061183636488719, 51.737729130330756 ], [ 9.059250065599889, 51.738808020727525 ] ] ] }, { "type": "Polygon", "coordinates": [ [ [ 9.059231653200211, 51.640671676650186 ], [ 9.04583132590979, 51.647343941203822 ], [ 9.042660206550133, 51.686573176601108 ], [ 9.061048062166767, 51.696606361906802 ], [ 9.080901523954932, 51.652234332992549 ], [ 9.074639649489557, 51.646125523617599 ], [ 9.059231653200211, 51.640671676650186 ] ] ] }, { "type": "Polygon", "coordinates": [ [ [ 9.006538445808879, 51.559680276133633 ], [ 9.0089705635848, 51.600009465610064 ], [ 9.049593254097283, 51.604424201005706 ], [ 9.06694914409146, 51.585182131524846 ], [ 9.027700997598782, 51.555451927578254 ], [ 9.006538445808879, 51.559680276133633 ] ] ] }, { "type": "Polygon", "coordinates": [ [ [ 9.06694914409146, 51.585182131524846 ], [ 9.049593254097283, 51.604424201005706 ], [ 9.059231653200211, 51.640671676650186 ], [ 9.074639649489557, 51.646125523617599 ], [ 9.095596843346557, 51.602679441451315 ], [ 9.072082399142735, 51.585618874413832 ], [ 9.067809938255426, 51.584856636559486 ], [ 9.06694914409146, 51.585182131524846 ] ] ] }, { "type": "Polygon", "coordinates": [ [ [ 9.050789636173125, 51.857738216537477 ], [ 9.057748832579794, 51.86073651405092 ], [ 9.062493924717533, 51.861932153077639 ], [ 9.085345992136718, 51.831540529703346 ], [ 9.083891097016149, 51.828733322268043 ], [ 9.024844548128973, 51.82053467546374 ], [ 9.050789636173125, 51.857738216537477 ] ] ] }, { "type": "Polygon", "coordinates": [ [ [ 9.01657382764126, 51.894374927855758 ], [ 9.038432111104971, 51.896184767238474 ], [ 9.064459888351807, 51.870787167105739 ], [ 9.062493924717533, 51.861932153077639 ], [ 9.057748832579794, 51.86073651405092 ], [ 9.017974283419516, 51.887585720265129 ], [ 9.01657382764126, 51.894374927855758 ] ] ] }, { "type": "Polygon", "coordinates": [ [ [ 9.019525414851049, 52.384754283304403 ], [ 9.0188640838451, 52.391461409425347 ], [ 9.031397568406788, 52.414530421037142 ], [ 9.048332220650403, 52.415038162252635 ], [ 9.062089286228098, 52.397666830898658 ], [ 9.058421781101071, 52.385039283523284 ], [ 9.019525414851049, 52.384754283304403 ] ] ] }, { "type": "Polygon", "coordinates": [ [ [ 9.049171560574072, 52.05208720766494 ], [ 9.056868990014149, 52.057530081962604 ], [ 9.080370412740734, 52.054629390744502 ], [ 9.096539953161169, 52.018405070036458 ], [ 9.092419021174788, 52.004725158958287 ], [ 9.039414630911113, 51.992956236265641 ], [ 9.039324235781153, 51.993088784421822 ], [ 9.049171560574072, 52.05208720766494 ] ] ] }, { "type": "Polygon", "coordinates": [ [ [ 9.038432111104971, 51.896184767238474 ], [ 9.046861245200931, 51.90700185507707 ], [ 9.076593647478035, 51.903191322570009 ], [ 9.076569094910095, 51.885754927298272 ], [ 9.064459888351807, 51.870787167105739 ], [ 9.038432111104971, 51.896184767238474 ] ] ] }, { "type": "Polygon", "coordinates": [ [ [ 9.062089286228098, 52.397666830898658 ], [ 9.048332220650403, 52.415038162252635 ], [ 9.058273576199896, 52.442565546438573 ], [ 9.092403956826837, 52.45209188288441 ], [ 9.158852334790433, 52.452946859705996 ], [ 9.062089286228098, 52.397666830898658 ] ] ] }, { "type": "Polygon", "coordinates": [ [ [ 9.072803500537749, 52.353307590311886 ], [ 9.058421781101071, 52.385039283523284 ], [ 9.062089286228098, 52.397666830898658 ], [ 9.158852334790433, 52.452946859705996 ], [ 10.094438390296828, 52.638021859757046 ], [ 9.752192190518496, 52.422843446877259 ], [ 9.53490970379228, 52.314442189661257 ], [ 9.484526190926317, 52.295264206287001 ], [ 9.209533046845655, 52.268260346762609 ], [ 9.13031699716503, 52.29221221938684 ], [ 9.072803500537749, 52.353307590311886 ] ] ] }, { "type": "Polygon", "coordinates": [ [ [ 9.045117456430317, 51.979016302141765 ], [ 9.039414630911113, 51.992956236265641 ], [ 9.092419021174788, 52.004725158958287 ], [ 9.090488794952348, 51.970768028824274 ], [ 9.077093892451716, 51.963554999273228 ], [ 9.045117456430317, 51.979016302141765 ] ] ] }, { "type": "Polygon", "coordinates": [ [ [ 9.062493924717533, 51.861932153077639 ], [ 9.064459888351807, 51.870787167105739 ], [ 9.076569094910095, 51.885754927298272 ], [ 9.120207650821817, 51.877238655381554 ], [ 9.122051225594335, 51.866578303658784 ], [ 9.08893579691296, 51.832501285384815 ], [ 9.085345992136718, 51.831540529703346 ], [ 9.062493924717533, 51.861932153077639 ] ] ] }, { "type": "Polygon", "coordinates": [ [ [ 9.046861245200931, 51.90700185507707 ], [ 9.044981475416032, 51.931130540453353 ], [ 9.070981458590062, 51.93728235326612 ], [ 9.083202486095724, 51.918475680916153 ], [ 9.076593647478035, 51.903191322570009 ], [ 9.046861245200931, 51.90700185507707 ] ] ] }, { "type": "Polygon", "coordinates": [ [ [ 9.083891097016149, 51.828733322268043 ], [ 9.085345992136718, 51.831540529703346 ], [ 9.08893579691296, 51.832501285384815 ], [ 9.123937361418639, 51.81690462317512 ], [ 9.138224745305248, 51.79364821030363 ], [ 9.099295920680172, 51.781804167795272 ], [ 9.079953893735226, 51.804666057937496 ], [ 9.083891097016149, 51.828733322268043 ] ] ] }, { "type": "Polygon", "coordinates": [ [ [ 9.079935993802374, 52.135991550053639 ], [ 9.08866558948648, 52.192365335613019 ], [ 9.209533046845655, 52.268260346762609 ], [ 9.484526190926317, 52.295264206287001 ], [ 9.322949634389882, 52.16220456519153 ], [ 9.19066271264939, 52.093512395763113 ], [ 9.117969884837359, 52.079095010248182 ], [ 9.079935993802374, 52.135991550053639 ] ] ] }, { "type": "Polygon", "coordinates": [ [ [ 9.069548034231618, 51.534016567412749 ], [ 9.058901311668906, 51.526405225216237 ], [ 9.027700997598782, 51.555451927578254 ], [ 9.06694914409146, 51.585182131524846 ], [ 9.067809938255426, 51.584856636559486 ], [ 9.070771602751259, 51.5360679259961 ], [ 9.069548034231618, 51.534016567412749 ] ] ] }, { "type": "Polygon", "coordinates": [ [ [ 9.058901311668906, 51.526405225216237 ], [ 9.069548034231618, 51.534016567412749 ], [ 9.104507047938812, 51.515107154137425 ], [ 9.107376496410813, 51.504971809042878 ], [ 9.042966668767898, 51.472247266173767 ], [ 9.058901311668906, 51.526405225216237 ] ] ] }, { "type": "Polygon", "coordinates": [ [ [ 9.061048062166767, 51.696606361906802 ], [ 9.064447613233751, 51.704309634465332 ], [ 9.103942118267424, 51.692706812957873 ], [ 9.111062197392313, 51.682058278739156 ], [ 9.084147118258693, 51.653084224017199 ], [ 9.080901523954932, 51.652234332992549 ], [ 9.061048062166767, 51.696606361906802 ] ] ] }, { "type": "Polygon", "coordinates": [ [ [ 9.056868990014149, 52.057530081962604 ], [ 9.055104188922595, 52.062909126069023 ], [ 9.064587970589264, 52.120696967573608 ], [ 9.079935993802374, 52.135991550053639 ], [ 9.117969884837359, 52.079095010248182 ], [ 9.080370412740734, 52.054629390744502 ], [ 9.056868990014149, 52.057530081962604 ] ] ] }, { "type": "Polygon", "coordinates": [ [ [ 9.070981458590062, 51.93728235326612 ], [ 9.077093892451716, 51.963554999273228 ], [ 9.090488794952348, 51.970768028824274 ], [ 9.132953357164357, 51.956179546338618 ], [ 9.135896488675362, 51.948035325170579 ], [ 9.122607906898843, 51.919021588196017 ], [ 9.083202486095724, 51.918475680916153 ], [ 9.070981458590062, 51.93728235326612 ] ] ] }, { "type": "Polygon", "coordinates": [ [ [ 9.315041747509426, 51.980718768083804 ], [ 9.268787448609359, 51.935832879784172 ], [ 9.204897510646049, 51.927931477949649 ], [ 9.204434832480258, 51.928485842794323 ], [ 9.211105296066489, 51.988070058868523 ], [ 9.322949634389882, 52.16220456519153 ], [ 9.484526190926317, 52.295264206287001 ], [ 9.53490970379228, 52.314442189661257 ], [ 9.315041747509426, 51.980718768083804 ] ] ] }, { "type": "Polygon", "coordinates": [ [ [ 9.268787448609359, 51.935832879784172 ], [ 9.315041747509426, 51.980718768083804 ], [ 9.305634007164111, 51.906198942161794 ], [ 9.290795944245275, 51.894757384016231 ], [ 9.27232070331744, 51.901185351448532 ], [ 9.268787448609359, 51.935832879784172 ] ] ] }, { "type": "Polygon", "coordinates": [ [ [ 9.092419021174788, 52.004725158958287 ], [ 9.096539953161169, 52.018405070036458 ], [ 9.139998813531507, 52.005750903391835 ], [ 9.145875742676578, 51.9865452528229 ], [ 9.132953357164357, 51.956179546338618 ], [ 9.090488794952348, 51.970768028824274 ], [ 9.092419021174788, 52.004725158958287 ] ] ] }, { "type": "Polygon", "coordinates": [ [ [ 9.072082399142735, 51.585618874413832 ], [ 9.095596843346557, 51.602679441451315 ], [ 9.105255956855821, 51.602878188590992 ], [ 9.128882717131532, 51.565220106079074 ], [ 9.128053499453133, 51.56355761869407 ], [ 9.116527636221003, 51.55486997799899 ], [ 9.111485745253319, 51.555097676228307 ], [ 9.072082399142735, 51.585618874413832 ] ] ] }, { "type": "Polygon", "coordinates": [ [ [ 9.061183636488719, 51.737729130330756 ], [ 9.093526495424966, 51.74560287875083 ], [ 9.108424982400017, 51.738445260970053 ], [ 9.103942118267424, 51.692706812957873 ], [ 9.064447613233751, 51.704309634465332 ], [ 9.061183636488719, 51.737729130330756 ] ] ] }, { "type": "Polygon", "coordinates": [ [ [ 9.076569094910095, 51.885754927298272 ], [ 9.076593647478035, 51.903191322570009 ], [ 9.083202486095724, 51.918475680916153 ], [ 9.122607906898843, 51.919021588196017 ], [ 9.128441984557339, 51.899032470722254 ], [ 9.120207650821817, 51.877238655381554 ], [ 9.076569094910095, 51.885754927298272 ] ] ] }, { "type": "Polygon", "coordinates": [ [ [ 9.211105296066489, 51.988070058868523 ], [ 9.204434832480258, 51.928485842794323 ], [ 9.203878283203331, 51.928507547090341 ], [ 9.135896488675362, 51.948035325170579 ], [ 9.132953357164357, 51.956179546338618 ], [ 9.145875742676578, 51.9865452528229 ], [ 9.211105296066489, 51.988070058868523 ] ] ] }, { "type": "Polygon", "coordinates": [ [ [ 9.074639649489557, 51.646125523617599 ], [ 9.080901523954932, 51.652234332992549 ], [ 9.084147118258693, 51.653084224017199 ], [ 9.116513369147571, 51.635507046701797 ], [ 9.1144513664866, 51.612237916786157 ], [ 9.105255956855821, 51.602878188590992 ], [ 9.095596843346557, 51.602679441451315 ], [ 9.074639649489557, 51.646125523617599 ] ] ] }, { "type": "Polygon", "coordinates": [ [ [ 9.067809938255426, 51.584856636559486 ], [ 9.072082399142735, 51.585618874413832 ], [ 9.111485745253319, 51.555097676228307 ], [ 9.070771602751259, 51.5360679259961 ], [ 9.067809938255426, 51.584856636559486 ] ] ] }, { "type": "Polygon", "coordinates": [ [ [ 9.107376496410813, 51.504971809042878 ], [ 9.104507047938812, 51.515107154137425 ], [ 9.116777962961672, 51.542072868282673 ], [ 9.140590898244792, 51.511033646642979 ], [ 9.120536806913272, 51.497534003426857 ], [ 9.107376496410813, 51.504971809042878 ] ] ] }, { "type": "Polygon", "coordinates": [ [ [ 9.069548034231618, 51.534016567412749 ], [ 9.070771602751259, 51.5360679259961 ], [ 9.111485745253319, 51.555097676228307 ], [ 9.116527636221003, 51.55486997799899 ], [ 9.116777962961672, 51.542072868282673 ], [ 9.104507047938812, 51.515107154137425 ], [ 9.069548034231618, 51.534016567412749 ] ] ] }, { "type": "Polygon", "coordinates": [ [ [ 9.096539953161169, 52.018405070036458 ], [ 9.080370412740734, 52.054629390744502 ], [ 9.117969884837359, 52.079095010248182 ], [ 9.19066271264939, 52.093512395763113 ], [ 9.139998813531507, 52.005750903391835 ], [ 9.096539953161169, 52.018405070036458 ] ] ] }, { "type": "Polygon", "coordinates": [ [ [ 9.120207650821817, 51.877238655381554 ], [ 9.128441984557339, 51.899032470722254 ], [ 9.149136981838012, 51.896051710206805 ], [ 9.173605530005705, 51.868481515743063 ], [ 9.173583539646661, 51.86658834636934 ], [ 9.146620588072235, 51.850748627666242 ], [ 9.146383676663641, 51.850783449175267 ], [ 9.122051225594335, 51.866578303658784 ], [ 9.120207650821817, 51.877238655381554 ] ] ] }, { "type": "Polygon", "coordinates": [ [ [ 9.111062197392313, 51.682058278739156 ], [ 9.103942118267424, 51.692706812957873 ], [ 9.108424982400017, 51.738445260970053 ], [ 9.145990315598628, 51.738241872007968 ], [ 9.139297835451933, 51.690045042574646 ], [ 9.136885315689648, 51.686335856193473 ], [ 9.128062355393746, 51.680716076000117 ], [ 9.111062197392313, 51.682058278739156 ] ] ] }, { "type": "Polygon", "coordinates": [ [ [ 9.084147118258693, 51.653084224017199 ], [ 9.111062197392313, 51.682058278739156 ], [ 9.128062355393746, 51.680716076000117 ], [ 9.134587993763116, 51.644782552138729 ], [ 9.116513369147571, 51.635507046701797 ], [ 9.084147118258693, 51.653084224017199 ] ] ] }, { "type": "Polygon", "coordinates": [ [ [ 9.08893579691296, 51.832501285384815 ], [ 9.122051225594335, 51.866578303658784 ], [ 9.146383676663641, 51.850783449175267 ], [ 9.123937361418639, 51.81690462317512 ], [ 9.08893579691296, 51.832501285384815 ] ] ] }, { "type": "Polygon", "coordinates": [ [ [ 9.108424982400017, 51.738445260970053 ], [ 9.093526495424966, 51.74560287875083 ], [ 9.099295920680172, 51.781804167795272 ], [ 9.138224745305248, 51.79364821030363 ], [ 9.15255530081183, 51.787829167609438 ], [ 9.156582747576673, 51.781627387780681 ], [ 9.160075862925359, 51.753545261956319 ], [ 9.147296711589339, 51.739091370363255 ], [ 9.145990315598628, 51.738241872007968 ], [ 9.108424982400017, 51.738445260970053 ] ] ] }, { "type": "Polygon", "coordinates": [ [ [ 9.105255956855821, 51.602878188590992 ], [ 9.1144513664866, 51.612237916786157 ], [ 9.145172500264515, 51.608107443921654 ], [ 9.149786611344135, 51.590043689917202 ], [ 9.13712459884605, 51.570445188559582 ], [ 9.128882717131532, 51.565220106079074 ], [ 9.105255956855821, 51.602878188590992 ] ] ] }, { "type": "Polygon", "coordinates": [ [ [ 9.139998813531507, 52.005750903391835 ], [ 9.19066271264939, 52.093512395763113 ], [ 9.322949634389882, 52.16220456519153 ], [ 9.211105296066489, 51.988070058868523 ], [ 9.145875742676578, 51.9865452528229 ], [ 9.139998813531507, 52.005750903391835 ] ] ] }, { "type": "Polygon", "coordinates": [ [ [ 9.116777962961672, 51.542072868282673 ], [ 9.116527636221003, 51.55486997799899 ], [ 9.128053499453133, 51.56355761869407 ], [ 9.15340704924974, 51.533964891563905 ], [ 9.147256489436245, 51.512074710224489 ], [ 9.140590898244792, 51.511033646642979 ], [ 9.116777962961672, 51.542072868282673 ] ] ] }, { "type": "Polygon", "coordinates": [ [ [ 9.134587993763116, 51.644782552138729 ], [ 9.128062355393746, 51.680716076000117 ], [ 9.136885315689648, 51.686335856193473 ], [ 9.171877291271533, 51.65740283977847 ], [ 9.17149853234022, 51.654669939292063 ], [ 9.161701143171953, 51.635394080219513 ], [ 9.157935766267261, 51.634285481605275 ], [ 9.134587993763116, 51.644782552138729 ] ] ] }, { "type": "Polygon", "coordinates": [ [ [ 9.116513369147571, 51.635507046701797 ], [ 9.134587993763116, 51.644782552138729 ], [ 9.157935766267261, 51.634285481605275 ], [ 9.145172500264515, 51.608107443921654 ], [ 9.1144513664866, 51.612237916786157 ], [ 9.116513369147571, 51.635507046701797 ] ] ] }, { "type": "Polygon", "coordinates": [ [ [ 9.128053499453133, 51.56355761869407 ], [ 9.128882717131532, 51.565220106079074 ], [ 9.13712459884605, 51.570445188559582 ], [ 9.183453353239706, 51.554837105955443 ], [ 9.180864651412151, 51.543791822279168 ], [ 9.15340704924974, 51.533964891563905 ], [ 9.128053499453133, 51.56355761869407 ] ] ] }, { "type": "Polygon", "coordinates": [ [ [ 9.114831751274702, 51.471898797201483 ], [ 9.121430150950388, 51.489154156907212 ], [ 9.150806443801473, 51.474397693442953 ], [ 9.144018514311577, 51.437454124890195 ], [ 9.114831751274702, 51.471898797201483 ] ] ] }, { "type": "Polygon", "coordinates": [ [ [ 9.139297835451933, 51.690045042574646 ], [ 9.145990315598628, 51.738241872007968 ], [ 9.147296711589339, 51.739091370363255 ], [ 9.186022815616401, 51.690826535217333 ], [ 9.139297835451933, 51.690045042574646 ] ] ] }, { "type": "Polygon", "coordinates": [ [ [ 9.138224745305248, 51.79364821030363 ], [ 9.123937361418639, 51.81690462317512 ], [ 9.146383676663641, 51.850783449175267 ], [ 9.146620588072235, 51.850748627666242 ], [ 9.16379256266125, 51.820251950843122 ], [ 9.15255530081183, 51.787829167609438 ], [ 9.138224745305248, 51.79364821030363 ] ] ] }, { "type": "Polygon", "coordinates": [ [ [ 9.128441984557339, 51.899032470722254 ], [ 9.122607906898843, 51.919021588196017 ], [ 9.135896488675362, 51.948035325170579 ], [ 9.203878283203331, 51.928507547090341 ], [ 9.149136981838012, 51.896051710206805 ], [ 9.128441984557339, 51.899032470722254 ] ] ] }, { "type": "Polygon", "coordinates": [ [ [ 9.209858709529195, 51.167314949739364 ], [ 9.144018514311577, 51.437454124890195 ], [ 9.150806443801473, 51.474397693442953 ], [ 9.171079126908621, 51.494723192980281 ], [ 9.184347462898105, 51.494301240095531 ], [ 9.209858709529195, 51.167314949739364 ] ] ] }, { "type": "Polygon", "coordinates": [ [ [ 9.121430150950388, 51.489154156907212 ], [ 9.120536806913272, 51.497534003426857 ], [ 9.140590898244792, 51.511033646642979 ], [ 9.147256489436245, 51.512074710224489 ], [ 9.171079126908621, 51.494723192980281 ], [ 9.150806443801473, 51.474397693442953 ], [ 9.121430150950388, 51.489154156907212 ] ] ] }, { "type": "Polygon", "coordinates": [ [ [ 9.149786611344135, 51.590043689917202 ], [ 9.145172500264515, 51.608107443921654 ], [ 9.157935766267261, 51.634285481605275 ], [ 9.161701143171953, 51.635394080219513 ], [ 9.199202442986216, 51.607612459356609 ], [ 9.19993650124518, 51.590194562204331 ], [ 9.149786611344135, 51.590043689917202 ] ] ] }, { "type": "Polygon", "coordinates": [ [ [ 9.156582747576673, 51.781627387780681 ], [ 9.15255530081183, 51.787829167609438 ], [ 9.16379256266125, 51.820251950843122 ], [ 9.203146611765646, 51.835323988195711 ], [ 9.208982289257403, 51.801727871777246 ], [ 9.156582747576673, 51.781627387780681 ] ] ] }, { "type": "Polygon", "coordinates": [ [ [ 9.15340704924974, 51.533964891563905 ], [ 9.180864651412151, 51.543791822279168 ], [ 9.193955479767819, 51.514156855047013 ], [ 9.191137127357488, 51.499277812740161 ], [ 9.184347462898105, 51.494301240095531 ], [ 9.171079126908621, 51.494723192980281 ], [ 9.147256489436245, 51.512074710224489 ], [ 9.15340704924974, 51.533964891563905 ] ] ] }, { "type": "Polygon", "coordinates": [ [ [ 9.136885315689648, 51.686335856193473 ], [ 9.139297835451933, 51.690045042574646 ], [ 9.186022815616401, 51.690826535217333 ], [ 9.193642107056457, 51.687357111451632 ], [ 9.193875937610567, 51.68592163206462 ], [ 9.171877291271533, 51.65740283977847 ], [ 9.136885315689648, 51.686335856193473 ] ] ] }, { "type": "Polygon", "coordinates": [ [ [ 9.146620588072235, 51.850748627666242 ], [ 9.173583539646661, 51.86658834636934 ], [ 9.206139494437524, 51.843162173853919 ], [ 9.203146611765646, 51.835323988195711 ], [ 9.16379256266125, 51.820251950843122 ], [ 9.146620588072235, 51.850748627666242 ] ] ] }, { "type": "Polygon", "coordinates": [ [ [ 9.193642107056457, 51.687357111451632 ], [ 9.186022815616401, 51.690826535217333 ], [ 9.147296711589339, 51.739091370363255 ], [ 9.160075862925359, 51.753545261956319 ], [ 9.198029308403935, 51.744357041097288 ], [ 9.212767940256002, 51.735124308284952 ], [ 9.211269402589142, 51.717086030067371 ], [ 9.193642107056457, 51.687357111451632 ] ] ] }, { "type": "Polygon", "coordinates": [ [ [ 9.173605530005705, 51.868481515743063 ], [ 9.149136981838012, 51.896051710206805 ], [ 9.203878283203331, 51.928507547090341 ], [ 9.204434832480258, 51.928485842794323 ], [ 9.204897510646049, 51.927931477949649 ], [ 9.205155147449688, 51.926527349082605 ], [ 9.173605530005705, 51.868481515743063 ] ] ] }, { "type": "Polygon", "coordinates": [ [ [ 9.161701143171953, 51.635394080219513 ], [ 9.17149853234022, 51.654669939292063 ], [ 9.212132812953236, 51.641274330931822 ], [ 9.213393634717063, 51.627408459569757 ], [ 9.199202442986216, 51.607612459356609 ], [ 9.161701143171953, 51.635394080219513 ] ] ] }, { "type": "Polygon", "coordinates": [ [ [ 9.13712459884605, 51.570445188559582 ], [ 9.149786611344135, 51.590043689917202 ], [ 9.19993650124518, 51.590194562204331 ], [ 9.203505275965945, 51.583474078049584 ], [ 9.203213586035149, 51.578213166619044 ], [ 9.183453353239706, 51.554837105955443 ], [ 9.13712459884605, 51.570445188559582 ] ] ] }, { "type": "Polygon", "coordinates": [ [ [ 9.180864651412151, 51.543791822279168 ], [ 9.183453353239706, 51.554837105955443 ], [ 9.203213586035149, 51.578213166619044 ], [ 9.231045964692722, 51.544449919263954 ], [ 9.227421906286676, 51.535510432817993 ], [ 9.193955479767819, 51.514156855047013 ], [ 9.180864651412151, 51.543791822279168 ] ] ] }, { "type": "Polygon", "coordinates": [ [ [ 9.488299162977881, 49.548159999684287 ], [ 9.209858709529195, 51.167314949739364 ], [ 9.184347462898105, 51.494301240095531 ], [ 9.191137127357488, 51.499277812740161 ], [ 9.249710703648145, 51.479368964618772 ], [ 9.290924592717866, 51.448866682488216 ], [ 9.455596051981981, 51.26378538396618 ], [ 10.748647952589467, 49.548159999684287 ], [ 9.488299162977881, 49.548159999684287 ] ] ] }, { "type": "Polygon", "coordinates": [ [ [ 9.203146611765646, 51.835323988195711 ], [ 9.206139494437524, 51.843162173853919 ], [ 9.209190328292745, 51.844884561846094 ], [ 9.239309621799361, 51.836021688099791 ], [ 9.253697161437655, 51.819894995156339 ], [ 9.252832368351925, 51.814980197876402 ], [ 9.224008445433928, 51.795465300356909 ], [ 9.211824021843983, 51.799246858899572 ], [ 9.208982289257403, 51.801727871777246 ], [ 9.203146611765646, 51.835323988195711 ] ] ] }, { "type": "Polygon", "coordinates": [ [ [ 9.173583539646661, 51.86658834636934 ], [ 9.173605530005705, 51.868481515743063 ], [ 9.205155147449688, 51.926527349082605 ], [ 9.228716594723261, 51.885785680396104 ], [ 9.209190328292745, 51.844884561846094 ], [ 9.206139494437524, 51.843162173853919 ], [ 9.173583539646661, 51.86658834636934 ] ] ] }, { "type": "Polygon", "coordinates": [ [ [ 9.17149853234022, 51.654669939292063 ], [ 9.171877291271533, 51.65740283977847 ], [ 9.193875937610567, 51.68592163206462 ], [ 9.2184131020613, 51.664478660258865 ], [ 9.212132812953236, 51.641274330931822 ], [ 9.17149853234022, 51.654669939292063 ] ] ] }, { "type": "Polygon", "coordinates": [ [ [ 9.193875937610567, 51.68592163206462 ], [ 9.193642107056457, 51.687357111451632 ], [ 9.211269402589142, 51.717086030067371 ], [ 9.255358173078209, 51.681918751147357 ], [ 9.248470557479806, 51.670716745713854 ], [ 9.2184131020613, 51.664478660258865 ], [ 9.193875937610567, 51.68592163206462 ] ] ] }, { "type": "Polygon", "coordinates": [ [ [ 9.203505275965945, 51.583474078049584 ], [ 9.19993650124518, 51.590194562204331 ], [ 9.199202442986216, 51.607612459356609 ], [ 9.213393634717063, 51.627408459569757 ], [ 9.241381059293115, 51.626862676072363 ], [ 9.256481715275214, 51.59295670381691 ], [ 9.203505275965945, 51.583474078049584 ] ] ] }, { "type": "Polygon", "coordinates": [ [ [ 9.156582747576673, 51.781627387780681 ], [ 9.208982289257403, 51.801727871777246 ], [ 9.211824021843983, 51.799246858899572 ], [ 9.198029308403935, 51.744357041097288 ], [ 9.160075862925359, 51.753545261956319 ], [ 9.156582747576673, 51.781627387780681 ] ] ] }, { "type": "Polygon", "coordinates": [ [ [ 9.198029308403935, 51.744357041097288 ], [ 9.211824021843983, 51.799246858899572 ], [ 9.224008445433928, 51.795465300356909 ], [ 9.252282497135964, 51.751034647316885 ], [ 9.212767940256002, 51.735124308284952 ], [ 9.198029308403935, 51.744357041097288 ] ] ] }, { "type": "Polygon", "coordinates": [ [ [ 9.209190328292745, 51.844884561846094 ], [ 9.228716594723261, 51.885785680396104 ], [ 9.252246026918304, 51.8809860333443 ], [ 9.262396113552743, 51.865632624471367 ], [ 9.239309621799361, 51.836021688099791 ], [ 9.209190328292745, 51.844884561846094 ] ] ] }, { "type": "Polygon", "coordinates": [ [ [ 9.205155147449688, 51.926527349082605 ], [ 9.204897510646049, 51.927931477949649 ], [ 9.268787448609359, 51.935832879784172 ], [ 9.27232070331744, 51.901185351448532 ], [ 9.252246026918304, 51.8809860333443 ], [ 9.228716594723261, 51.885785680396104 ], [ 9.205155147449688, 51.926527349082605 ] ] ] }, { "type": "Polygon", "coordinates": [ [ [ 9.213393634717063, 51.627408459569757 ], [ 9.212132812953236, 51.641274330931822 ], [ 9.2184131020613, 51.664478660258865 ], [ 9.248470557479806, 51.670716745713854 ], [ 9.25692422884492, 51.64420990306666 ], [ 9.241381059293115, 51.626862676072363 ], [ 9.213393634717063, 51.627408459569757 ] ] ] }, { "type": "Polygon", "coordinates": [ [ [ 9.191137127357488, 51.499277812740161 ], [ 9.193955479767819, 51.514156855047013 ], [ 9.227421906286676, 51.535510432817993 ], [ 9.249710703648145, 51.479368964618772 ], [ 9.191137127357488, 51.499277812740161 ] ] ] }, { "type": "Polygon", "coordinates": [ [ [ 9.212767940256002, 51.735124308284952 ], [ 9.252282497135964, 51.751034647316885 ], [ 9.261933374161432, 51.750337457861626 ], [ 9.268844420201942, 51.7390270553324 ], [ 9.265125192295629, 51.688228089288259 ], [ 9.255358173078209, 51.681918751147357 ], [ 9.211269402589142, 51.717086030067371 ], [ 9.212767940256002, 51.735124308284952 ] ] ] }, { "type": "Polygon", "coordinates": [ [ [ 9.290924592717866, 51.448866682488216 ], [ 9.249710703648145, 51.479368964618772 ], [ 9.227421906286676, 51.535510432817993 ], [ 9.231045964692722, 51.544449919263954 ], [ 9.256860543231969, 51.547951335101686 ], [ 9.290924592717866, 51.448866682488216 ] ] ] }, { "type": "Polygon", "coordinates": [ [ [ 9.203213586035149, 51.578213166619044 ], [ 9.203505275965945, 51.583474078049584 ], [ 9.256481715275214, 51.59295670381691 ], [ 9.271840015886154, 51.587280681910279 ], [ 9.273520214681044, 51.566990959553372 ], [ 9.256860543231969, 51.547951335101686 ], [ 9.231045964692722, 51.544449919263954 ], [ 9.203213586035149, 51.578213166619044 ] ] ] }, { "type": "Polygon", "coordinates": [ [ [ 9.248470557479806, 51.670716745713854 ], [ 9.255358173078209, 51.681918751147357 ], [ 9.265125192295629, 51.688228089288259 ], [ 9.285134166805395, 51.681658039404319 ], [ 9.304092361832014, 51.654805029154943 ], [ 9.274200033988048, 51.636671629094636 ], [ 9.25692422884492, 51.64420990306666 ], [ 9.248470557479806, 51.670716745713854 ] ] ] }, { "type": "Polygon", "coordinates": [ [ [ 9.256481715275214, 51.59295670381691 ], [ 9.241381059293115, 51.626862676072363 ], [ 9.25692422884492, 51.64420990306666 ], [ 9.274200033988048, 51.636671629094636 ], [ 9.2820744845933, 51.597392293171644 ], [ 9.271840015886154, 51.587280681910279 ], [ 9.256481715275214, 51.59295670381691 ] ] ] }, { "type": "Polygon", "coordinates": [ [ [ 9.252282497135964, 51.751034647316885 ], [ 9.224008445433928, 51.795465300356909 ], [ 9.252832368351925, 51.814980197876402 ], [ 9.273613168554768, 51.782404249448092 ], [ 9.266948162679839, 51.757288046154528 ], [ 9.261933374161432, 51.750337457861626 ], [ 9.252282497135964, 51.751034647316885 ] ] ] }, { "type": "Polygon", "coordinates": [ [ [ 9.253697161437655, 51.819894995156339 ], [ 9.239309621799361, 51.836021688099791 ], [ 9.262396113552743, 51.865632624471367 ], [ 9.271910218515236, 51.86020809029467 ], [ 9.282530271567934, 51.835125064891628 ], [ 9.253697161437655, 51.819894995156339 ] ] ] }, { "type": "Polygon", "coordinates": [ [ [ 9.305634007164111, 51.906198942161794 ], [ 9.315041747509426, 51.980718768083804 ], [ 9.53490970379228, 52.314442189661257 ], [ 9.752192190518496, 52.422843446877259 ], [ 9.400311310953365, 51.906599955546881 ], [ 9.323699149645151, 51.892465496532544 ], [ 9.305634007164111, 51.906198942161794 ] ] ] }, { "type": "Polygon", "coordinates": [ [ [ 9.455596051981981, 51.26378538396618 ], [ 9.290924592717866, 51.448866682488216 ], [ 9.256860543231969, 51.547951335101686 ], [ 9.273520214681044, 51.566990959553372 ], [ 9.302303992019471, 51.548682471955246 ], [ 9.455596051981981, 51.26378538396618 ] ] ] }, { "type": "Polygon", "coordinates": [ [ [ 9.261933374161432, 51.750337457861626 ], [ 9.266948162679839, 51.757288046154528 ], [ 9.324742606488053, 51.768307142316566 ], [ 9.338084585229552, 51.754096615123508 ], [ 9.333392094564129, 51.738378053964666 ], [ 9.316506679782991, 51.722318438269134 ], [ 9.268844420201942, 51.7390270553324 ], [ 9.261933374161432, 51.750337457861626 ] ] ] }, { "type": "Polygon", "coordinates": [ [ [ 9.252832368351925, 51.814980197876402 ], [ 9.253697161437655, 51.819894995156339 ], [ 9.282530271567934, 51.835125064891628 ], [ 9.316046815532305, 51.821764783026772 ], [ 9.315903255211799, 51.817451061886679 ], [ 9.273613168554768, 51.782404249448092 ], [ 9.252832368351925, 51.814980197876402 ] ] ] }, { "type": "Polygon", "coordinates": [ [ [ 9.252246026918304, 51.8809860333443 ], [ 9.27232070331744, 51.901185351448532 ], [ 9.290795944245275, 51.894757384016231 ], [ 9.29686109941418, 51.875882781394516 ], [ 9.271910218515236, 51.86020809029467 ], [ 9.262396113552743, 51.865632624471367 ], [ 9.252246026918304, 51.8809860333443 ] ] ] }, { "type": "Polygon", "coordinates": [ [ [ 9.271840015886154, 51.587280681910279 ], [ 9.2820744845933, 51.597392293171644 ], [ 9.311679523811243, 51.604190979887633 ], [ 9.319243773738506, 51.59911205616514 ], [ 9.324401289471185, 51.578174252124938 ], [ 9.302303992019471, 51.548682471955246 ], [ 9.273520214681044, 51.566990959553372 ], [ 9.271840015886154, 51.587280681910279 ] ] ] }, { "type": "Polygon", "coordinates": [ [ [ 9.271910218515236, 51.86020809029467 ], [ 9.29686109941418, 51.875882781394516 ], [ 9.309079506138625, 51.87064085123464 ], [ 9.328073549623044, 51.83657168576265 ], [ 9.316046815532305, 51.821764783026772 ], [ 9.282530271567934, 51.835125064891628 ], [ 9.271910218515236, 51.86020809029467 ] ] ] }, { "type": "Polygon", "coordinates": [ [ [ 9.266948162679839, 51.757288046154528 ], [ 9.273613168554768, 51.782404249448092 ], [ 9.315903255211799, 51.817451061886679 ], [ 9.317941032368363, 51.813619033166873 ], [ 9.324742606488053, 51.768307142316566 ], [ 9.266948162679839, 51.757288046154528 ] ] ] }, { "type": "Polygon", "coordinates": [ [ [ 9.265125192295629, 51.688228089288259 ], [ 9.268844420201942, 51.7390270553324 ], [ 9.316506679782991, 51.722318438269134 ], [ 9.317791654917661, 51.707983277524434 ], [ 9.285134166805395, 51.681658039404319 ], [ 9.265125192295629, 51.688228089288259 ] ] ] }, { "type": "Polygon", "coordinates": [ [ [ 10.748647952589467, 49.548159999684287 ], [ 9.455596051981981, 51.26378538396618 ], [ 9.302303992019471, 51.548682471955246 ], [ 9.324401289471185, 51.578174252124938 ], [ 9.49268778298047, 51.466625914230114 ], [ 11.218721428847351, 49.548159999684287 ], [ 10.748647952589467, 49.548159999684287 ] ] ] }, { "type": "Polygon", "coordinates": [ [ [ 9.2820744845933, 51.597392293171644 ], [ 9.274200033988048, 51.636671629094636 ], [ 9.304092361832014, 51.654805029154943 ], [ 9.307609084283934, 51.65368372730552 ], [ 9.31297089878235, 51.611817501373132 ], [ 9.311679523811243, 51.604190979887633 ], [ 9.2820744845933, 51.597392293171644 ] ] ] }, { "type": "Polygon", "coordinates": [ [ [ 11.236550000382294, 51.618110458445422 ], [ 10.342256112298241, 51.677268076882811 ], [ 9.421844727224659, 51.814717381944007 ], [ 9.391527276652068, 51.88537718568184 ], [ 9.400311310953365, 51.906599955546881 ], [ 9.752192190518496, 52.422843446877259 ], [ 10.094438390296828, 52.638021859757046 ], [ 11.236550000382294, 53.283886625713322 ], [ 11.236550000382294, 51.618110458445422 ] ] ] }, { "type": "Polygon", "coordinates": [ [ [ 9.304092361832014, 51.654805029154943 ], [ 9.285134166805395, 51.681658039404319 ], [ 9.317791654917661, 51.707983277524434 ], [ 9.343561953947326, 51.67833076986895 ], [ 9.339340773997447, 51.664317892030489 ], [ 9.307609084283934, 51.65368372730552 ], [ 9.304092361832014, 51.654805029154943 ] ] ] }, { "type": "Polygon", "coordinates": [ [ [ 9.328073549623044, 51.83657168576265 ], [ 9.309079506138625, 51.87064085123464 ], [ 9.323699149645151, 51.892465496532544 ], [ 9.400311310953365, 51.906599955546881 ], [ 9.391527276652068, 51.88537718568184 ], [ 9.367257731564596, 51.852806752732306 ], [ 9.328073549623044, 51.83657168576265 ] ] ] }, { "type": "Polygon", "coordinates": [ [ [ 9.29686109941418, 51.875882781394516 ], [ 9.290795944245275, 51.894757384016231 ], [ 9.305634007164111, 51.906198942161794 ], [ 9.323699149645151, 51.892465496532544 ], [ 9.309079506138625, 51.87064085123464 ], [ 9.29686109941418, 51.875882781394516 ] ] ] }, { "type": "Polygon", "coordinates": [ [ [ 9.317941032368363, 51.813619033166873 ], [ 9.315903255211799, 51.817451061886679 ], [ 9.316046815532305, 51.821764783026772 ], [ 9.328073549623044, 51.83657168576265 ], [ 9.367257731564596, 51.852806752732306 ], [ 9.383060393563529, 51.801135457255754 ], [ 9.365871598543931, 51.787914078679123 ], [ 9.317941032368363, 51.813619033166873 ] ] ] }, { "type": "Polygon", "coordinates": [ [ [ 9.338084585229552, 51.754096615123508 ], [ 9.324742606488053, 51.768307142316566 ], [ 9.317941032368363, 51.813619033166873 ], [ 9.365871598543931, 51.787914078679123 ], [ 9.357823406713219, 51.761028655582393 ], [ 9.338084585229552, 51.754096615123508 ] ] ] }, { "type": "Polygon", "coordinates": [ [ [ 9.339340773997447, 51.664317892030489 ], [ 9.343561953947326, 51.67833076986895 ], [ 9.364646476607435, 51.691409581933918 ], [ 9.407824430619431, 51.679962616581221 ], [ 9.374522897074813, 51.62581182005794 ], [ 9.353813488162448, 51.643339602649036 ], [ 9.339340773997447, 51.664317892030489 ] ] ] }, { "type": "Polygon", "coordinates": [ [ [ 9.317791654917661, 51.707983277524434 ], [ 9.316506679782991, 51.722318438269134 ], [ 9.333392094564129, 51.738378053964666 ], [ 9.364764127796048, 51.712837461351562 ], [ 9.364646476607435, 51.691409581933918 ], [ 9.343561953947326, 51.67833076986895 ], [ 9.317791654917661, 51.707983277524434 ] ] ] }, { "type": "Polygon", "coordinates": [ [ [ 9.311679523811243, 51.604190979887633 ], [ 9.31297089878235, 51.611817501373132 ], [ 9.353813488162448, 51.643339602649036 ], [ 9.374522897074813, 51.62581182005794 ], [ 9.379540303677754, 51.608516102602159 ], [ 9.319243773738506, 51.59911205616514 ], [ 9.311679523811243, 51.604190979887633 ] ] ] }, { "type": "Polygon", "coordinates": [ [ [ 9.31297089878235, 51.611817501373132 ], [ 9.307609084283934, 51.65368372730552 ], [ 9.339340773997447, 51.664317892030489 ], [ 9.353813488162448, 51.643339602649036 ], [ 9.31297089878235, 51.611817501373132 ] ] ] }, { "type": "Polygon", "coordinates": [ [ [ 9.383060393563529, 51.801135457255754 ], [ 9.367257731564596, 51.852806752732306 ], [ 9.391527276652068, 51.88537718568184 ], [ 9.421844727224659, 51.814717381944007 ], [ 9.398052483860639, 51.795194020634277 ], [ 9.383060393563529, 51.801135457255754 ] ] ] }, { "type": "Polygon", "coordinates": [ [ [ 9.324401289471185, 51.578174252124938 ], [ 9.319243773738506, 51.59911205616514 ], [ 9.379540303677754, 51.608516102602159 ], [ 9.413737844958968, 51.569282581999232 ], [ 9.49268778298047, 51.466625914230114 ], [ 9.324401289471185, 51.578174252124938 ] ] ] }, { "type": "Polygon", "coordinates": [ [ [ 11.236550000382294, 49.548159999684287 ], [ 11.218721428847351, 49.548159999684287 ], [ 9.49268778298047, 51.466625914230114 ], [ 9.413737844958968, 51.569282581999232 ], [ 9.413485106791082, 51.681877305124637 ], [ 9.484260357990033, 51.71493370278273 ], [ 10.342256112298241, 51.677268076882811 ], [ 11.236550000382294, 51.618110458445422 ], [ 11.236550000382294, 49.548159999684287 ] ] ] }, { "type": "Polygon", "coordinates": [ [ [ 9.364764127796048, 51.712837461351562 ], [ 9.333392094564129, 51.738378053964666 ], [ 9.338084585229552, 51.754096615123508 ], [ 9.357823406713219, 51.761028655582393 ], [ 9.393316997591169, 51.742728944672486 ], [ 9.364764127796048, 51.712837461351562 ] ] ] }, { "type": "Polygon", "coordinates": [ [ [ 9.393316997591169, 51.742728944672486 ], [ 9.357823406713219, 51.761028655582393 ], [ 9.365871598543931, 51.787914078679123 ], [ 9.383060393563529, 51.801135457255754 ], [ 9.398052483860639, 51.795194020634277 ], [ 9.422354095458973, 51.744194524657637 ], [ 9.393316997591169, 51.742728944672486 ] ] ] }, { "type": "Polygon", "coordinates": [ [ [ 9.413737844958968, 51.569282581999232 ], [ 9.379540303677754, 51.608516102602159 ], [ 9.374522897074813, 51.62581182005794 ], [ 9.407824430619431, 51.679962616581221 ], [ 9.413485106791082, 51.681877305124637 ], [ 9.413737844958968, 51.569282581999232 ] ] ] }, { "type": "Polygon", "coordinates": [ [ [ 9.364646476607435, 51.691409581933918 ], [ 9.364764127796048, 51.712837461351562 ], [ 9.393316997591169, 51.742728944672486 ], [ 9.422354095458973, 51.744194524657637 ], [ 9.484260357990033, 51.71493370278273 ], [ 9.413485106791082, 51.681877305124637 ], [ 9.407824430619431, 51.679962616581221 ], [ 9.364646476607435, 51.691409581933918 ] ] ] }, { "type": "Polygon", "coordinates": [ [ [ 9.422354095458973, 51.744194524657637 ], [ 9.398052483860639, 51.795194020634277 ], [ 9.421844727224659, 51.814717381944007 ], [ 10.342256112298241, 51.677268076882811 ], [ 9.484260357990033, 51.71493370278273 ], [ 9.422354095458973, 51.744194524657637 ] ] ] } ] } }
]
}
