{
"type": "FeatureCollection",
"name": "WenkerOrte_Bonn_Voronoi",
"crs": { "type": "name", "properties": { "name": "urn:ogc:def:crs:OGC:1.3:CRS84" } },
"features": [
{ "type": "Feature", "properties": { "id": 1 }, "geometry": { "type": "GeometryCollection", "geometries": [ { "type": "Polygon", "coordinates": [ [ [ 3.817350000302268, 53.53692751576029 ], [ 5.703812486463605, 51.528567400338169 ], [ 5.896018499104884, 51.031772622504 ], [ 5.872198976757352, 50.981683428448889 ], [ 5.550185797367899, 50.721332350802484 ], [ 3.817350000302268, 49.87322590367372 ], [ 3.817350000302268, 53.53692751576029 ] ] ] }, { "type": "Polygon", "coordinates": [ [ [ 5.550185797367899, 50.721332350802484 ], [ 5.872198976757352, 50.981683428448889 ], [ 5.900366605744121, 50.994288463223114 ], [ 5.903343968074191, 50.995410484609323 ], [ 5.933601734523083, 50.980519118564771 ], [ 5.967643030757939, 50.908297330169241 ], [ 5.968769815472726, 50.900953771153247 ], [ 5.967616969511729, 50.896972336276399 ], [ 5.962012318187312, 50.892060768126875 ], [ 5.550185797367899, 50.721332350802484 ] ] ] }, { "type": "Polygon", "coordinates": [ [ [ 5.896018499104884, 51.031772622504 ], [ 5.901635128456436, 51.028418807918953 ], [ 5.900366605744121, 50.994288463223114 ], [ 5.872198976757352, 50.981683428448889 ], [ 5.896018499104884, 51.031772622504 ] ] ] }, { "type": "Polygon", "coordinates": [ [ [ 5.901635128456436, 51.028418807918953 ], [ 5.896018499104884, 51.031772622504 ], [ 5.703812486463605, 51.528567400338169 ], [ 5.794668504151269, 51.438059501917117 ], [ 5.874814163883197, 51.247535457882485 ], [ 5.940842100361785, 51.080191391768196 ], [ 5.938385284279516, 51.047865564846092 ], [ 5.913444751120815, 51.022676690388444 ], [ 5.901635128456436, 51.028418807918953 ] ] ] }, { "type": "Polygon", "coordinates": [ [ [ 5.900366605744121, 50.994288463223114 ], [ 5.901635128456436, 51.028418807918953 ], [ 5.913444751120815, 51.022676690388444 ], [ 5.917547641671466, 51.010245344662053 ], [ 5.903343968074191, 50.995410484609323 ], [ 5.900366605744121, 50.994288463223114 ] ] ] }, { "type": "Polygon", "coordinates": [ [ [ 5.903343968074191, 50.995410484609323 ], [ 5.917547641671466, 51.010245344662053 ], [ 5.933992910737737, 51.007153586183975 ], [ 5.933601734523083, 50.980519118564771 ], [ 5.903343968074191, 50.995410484609323 ] ] ] }, { "type": "Polygon", "coordinates": [ [ [ 5.874814163883197, 51.247535457882485 ], [ 5.794668504151269, 51.438059501917117 ], [ 5.827635892268349, 51.411814817987569 ], [ 5.927138022208566, 51.308511526464429 ], [ 6.014837351830816, 51.083928005902621 ], [ 6.013159388547592, 51.059842898316184 ], [ 6.001111843573412, 51.060558443449601 ], [ 5.874814163883197, 51.247535457882485 ] ] ] }, { "type": "Polygon", "coordinates": [ [ [ 5.938385284279516, 51.047865564846092 ], [ 5.940842100361785, 51.080191391768196 ], [ 5.974874648430051, 51.051217601594303 ], [ 5.978225368163621, 51.043702655842004 ], [ 5.973727539785488, 51.021799499283944 ], [ 5.95151838829342, 51.014741851727429 ], [ 5.947974969242992, 51.016251016715366 ], [ 5.938385284279516, 51.047865564846092 ] ] ] }, { "type": "Polygon", "coordinates": [ [ [ 5.969990260218767, 50.972379237535407 ], [ 5.967643030757939, 50.908297330169241 ], [ 5.933601734523083, 50.980519118564771 ], [ 5.933992910737737, 51.007153586183975 ], [ 5.947974969242992, 51.016251016715366 ], [ 5.95151838829342, 51.014741851727429 ], [ 5.969990260218767, 50.972379237535407 ] ] ] }, { "type": "Polygon", "coordinates": [ [ [ 5.967643030757939, 50.908297330169241 ], [ 5.969990260218767, 50.972379237535407 ], [ 5.987123403133741, 51.007347039936107 ], [ 6.004985350564713, 51.010791556400186 ], [ 6.015151067385056, 50.988730457234034 ], [ 6.009605085940016, 50.94719505654701 ], [ 5.968769815472726, 50.900953771153247 ], [ 5.967643030757939, 50.908297330169241 ] ] ] }, { "type": "Polygon", "coordinates": [ [ [ 3.817350000302268, 49.87322590367372 ], [ 5.550185797367899, 50.721332350802484 ], [ 5.962012318187312, 50.892060768126875 ], [ 6.016939742656935, 50.815856000176524 ], [ 6.020109766717169, 50.789210215751268 ], [ 5.813614095110473, 50.395539426310059 ], [ 3.817350000302268, 48.43697531489687 ], [ 3.817350000302268, 49.87322590367372 ] ] ] }, { "type": "Polygon", "coordinates": [ [ [ 5.917547641671466, 51.010245344662053 ], [ 5.913444751120815, 51.022676690388444 ], [ 5.938385284279516, 51.047865564846092 ], [ 5.947974969242992, 51.016251016715366 ], [ 5.933992910737737, 51.007153586183975 ], [ 5.917547641671466, 51.010245344662053 ] ] ] }, { "type": "Polygon", "coordinates": [ [ [ 5.940842100361785, 51.080191391768196 ], [ 5.874814163883197, 51.247535457882485 ], [ 6.001111843573412, 51.060558443449601 ], [ 5.974874648430051, 51.051217601594303 ], [ 5.940842100361785, 51.080191391768196 ] ] ] }, { "type": "Polygon", "coordinates": [ [ [ 5.974385889128809, 51.021218476971086 ], [ 5.973727539785488, 51.021799499283944 ], [ 5.978225368163621, 51.043702655842004 ], [ 6.010309968165546, 51.03169690129247 ], [ 6.010290399889537, 51.031556306200557 ], [ 5.974385889128809, 51.021218476971086 ] ] ] }, { "type": "Polygon", "coordinates": [ [ [ 5.973727539785488, 51.021799499283944 ], [ 5.974385889128809, 51.021218476971086 ], [ 5.987123403133741, 51.007347039936107 ], [ 5.969990260218767, 50.972379237535407 ], [ 5.95151838829342, 51.014741851727429 ], [ 5.973727539785488, 51.021799499283944 ] ] ] }, { "type": "Polygon", "coordinates": [ [ [ 6.010309968165546, 51.03169690129247 ], [ 5.978225368163621, 51.043702655842004 ], [ 5.974874648430051, 51.051217601594303 ], [ 6.001111843573412, 51.060558443449601 ], [ 6.013159388547592, 51.059842898316184 ], [ 6.018472088951746, 51.052018829169135 ], [ 6.02007845961911, 51.043187996512778 ], [ 6.010309968165546, 51.03169690129247 ] ] ] }, { "type": "Polygon", "coordinates": [ [ [ 6.004985350564713, 51.010791556400186 ], [ 5.987123403133741, 51.007347039936107 ], [ 5.974385889128809, 51.021218476971086 ], [ 6.010290399889537, 51.031556306200557 ], [ 6.00956150608425, 51.019407282900858 ], [ 6.004985350564713, 51.010791556400186 ] ] ] }, { "type": "Polygon", "coordinates": [ [ [ 3.817350000302268, 53.845139999311584 ], [ 4.777695862237643, 53.845139999311584 ], [ 6.217488580026777, 51.317816355119781 ], [ 6.2133049660109, 51.302713620168689 ], [ 6.100935711625968, 51.304893131645898 ], [ 5.827635892268349, 51.411814817987569 ], [ 5.794668504151269, 51.438059501917117 ], [ 5.703812486463605, 51.528567400338169 ], [ 3.817350000302268, 53.53692751576029 ], [ 3.817350000302268, 53.845139999311584 ] ] ] }, { "type": "Polygon", "coordinates": [ [ [ 6.04679872550516, 50.578076189594157 ], [ 6.015813728304217, 50.551323333628204 ], [ 5.956606165807596, 50.518542755037807 ], [ 6.066158915624677, 50.704073384364392 ], [ 6.118835951204013, 50.742505890627335 ], [ 6.146365755099062, 50.713739397328702 ], [ 6.149092036848518, 50.703355247164666 ], [ 6.04679872550516, 50.578076189594157 ] ] ] }, { "type": "Polygon", "coordinates": [ [ [ 6.015813728304217, 50.551323333628204 ], [ 6.04679872550516, 50.578076189594157 ], [ 6.183286655513478, 50.671674631706466 ], [ 6.236816807925418, 50.65014383929347 ], [ 6.232789407264283, 50.623034525273766 ], [ 6.219351157306017, 50.609320285195132 ], [ 6.015813728304217, 50.551323333628204 ] ] ] }, { "type": "Polygon", "coordinates": [ [ [ 6.015151067385056, 50.988730457234034 ], [ 6.004985350564713, 51.010791556400186 ], [ 6.00956150608425, 51.019407282900858 ], [ 6.032153486495446, 51.012060517461904 ], [ 6.037585888732801, 51.005317591685404 ], [ 6.037730614328296, 51.001683065775957 ], [ 6.015151067385056, 50.988730457234034 ] ] ] }, { "type": "Polygon", "coordinates": [ [ [ 6.010290399889537, 51.031556306200557 ], [ 6.010309968165546, 51.03169690129247 ], [ 6.02007845961911, 51.043187996512778 ], [ 6.039857052936147, 51.037508364390504 ], [ 6.032153486495446, 51.012060517461904 ], [ 6.00956150608425, 51.019407282900858 ], [ 6.010290399889537, 51.031556306200557 ] ] ] }, { "type": "Polygon", "coordinates": [ [ [ 5.962012318187312, 50.892060768126875 ], [ 5.967616969511729, 50.896972336276399 ], [ 6.021969253735787, 50.890207879496117 ], [ 6.030448806593866, 50.887969535557716 ], [ 6.052308355148537, 50.847222280858915 ], [ 6.046734565580083, 50.818497979089742 ], [ 6.016939742656935, 50.815856000176524 ], [ 5.962012318187312, 50.892060768126875 ] ] ] }, { "type": "Polygon", "coordinates": [ [ [ 5.827635892268349, 51.411814817987569 ], [ 6.100935711625968, 51.304893131645898 ], [ 6.151667572201273, 51.273080956336656 ], [ 6.177712395504892, 51.226490888029019 ], [ 6.177327919352489, 51.223376720396267 ], [ 6.06874266110877, 51.199709837750333 ], [ 6.025608431527505, 51.220986909894627 ], [ 5.927138022208566, 51.308511526464429 ], [ 5.827635892268349, 51.411814817987569 ] ] ] }, { "type": "Polygon", "coordinates": [ [ [ 6.013159388547592, 51.059842898316184 ], [ 6.014837351830816, 51.083928005902621 ], [ 6.047811840165224, 51.073341566971735 ], [ 6.018472088951746, 51.052018829169135 ], [ 6.013159388547592, 51.059842898316184 ] ] ] }, { "type": "Polygon", "coordinates": [ [ [ 6.015151067385056, 50.988730457234034 ], [ 6.037730614328296, 51.001683065775957 ], [ 6.056151655729123, 50.986017472810872 ], [ 6.052928889376278, 50.967033504849176 ], [ 6.009605085940016, 50.94719505654701 ], [ 6.015151067385056, 50.988730457234034 ] ] ] }, { "type": "Polygon", "coordinates": [ [ [ 6.014837351830816, 51.083928005902621 ], [ 5.927138022208566, 51.308511526464429 ], [ 6.025608431527505, 51.220986909894627 ], [ 6.063484121466497, 51.11152502835531 ], [ 6.051546608095393, 51.07396672646302 ], [ 6.047811840165224, 51.073341566971735 ], [ 6.014837351830816, 51.083928005902621 ] ] ] }, { "type": "Polygon", "coordinates": [ [ [ 6.018472088951746, 51.052018829169135 ], [ 6.047811840165224, 51.073341566971735 ], [ 6.051546608095393, 51.07396672646302 ], [ 6.059572594511145, 51.058823611063772 ], [ 6.046273579253732, 51.037587705825509 ], [ 6.039857052936147, 51.037508364390504 ], [ 6.02007845961911, 51.043187996512778 ], [ 6.018472088951746, 51.052018829169135 ] ] ] }, { "type": "Polygon", "coordinates": [ [ [ 6.059572594511145, 51.058823611063772 ], [ 6.051546608095393, 51.07396672646302 ], [ 6.063484121466497, 51.11152502835531 ], [ 6.076899936388788, 51.100588181561072 ], [ 6.091646581228289, 51.077833374622109 ], [ 6.077764076372839, 51.057297124962204 ], [ 6.060888177352127, 51.058575989797049 ], [ 6.059572594511145, 51.058823611063772 ] ] ] }, { "type": "Polygon", "coordinates": [ [ [ 5.968769815472726, 50.900953771153247 ], [ 6.009605085940016, 50.94719505654701 ], [ 6.052928889376278, 50.967033504849176 ], [ 6.062571797981273, 50.962253079100989 ], [ 6.071308535713263, 50.943363213999348 ], [ 6.021969253735787, 50.890207879496117 ], [ 5.967616969511729, 50.896972336276399 ], [ 5.968769815472726, 50.900953771153247 ] ] ] }, { "type": "Polygon", "coordinates": [ [ [ 6.037585888732801, 51.005317591685404 ], [ 6.032153486495446, 51.012060517461904 ], [ 6.039857052936147, 51.037508364390504 ], [ 6.046273579253732, 51.037587705825509 ], [ 6.057086109763509, 51.024020847050849 ], [ 6.037585888732801, 51.005317591685404 ] ] ] }, { "type": "Polygon", "coordinates": [ [ [ 6.046273579253732, 51.037587705825509 ], [ 6.059572594511145, 51.058823611063772 ], [ 6.060888177352127, 51.058575989797049 ], [ 6.070919824592512, 51.034135243283153 ], [ 6.063443944890142, 51.024762626360157 ], [ 6.058858270086981, 51.023180401970485 ], [ 6.057086109763509, 51.024020847050849 ], [ 6.046273579253732, 51.037587705825509 ] ] ] }, { "type": "Polygon", "coordinates": [ [ [ 6.037730614328296, 51.001683065775957 ], [ 6.037585888732801, 51.005317591685404 ], [ 6.057086109763509, 51.024020847050849 ], [ 6.058858270086981, 51.023180401970485 ], [ 6.067344482099342, 50.997180553785391 ], [ 6.056151655729123, 50.986017472810872 ], [ 6.037730614328296, 51.001683065775957 ] ] ] }, { "type": "Polygon", "coordinates": [ [ [ 6.066158915624677, 50.704073384364392 ], [ 5.956606165807596, 50.518542755037807 ], [ 5.813614095110473, 50.395539426310059 ], [ 6.020109766717169, 50.789210215751268 ], [ 6.06233456533313, 50.783987459396883 ], [ 6.06360416667405, 50.783286282845701 ], [ 6.068994961198639, 50.753678578896377 ], [ 6.066158915624677, 50.704073384364392 ] ] ] }, { "type": "Polygon", "coordinates": [ [ [ 6.020109766717169, 50.789210215751268 ], [ 6.016939742656935, 50.815856000176524 ], [ 6.046734565580083, 50.818497979089742 ], [ 6.051261718533214, 50.817069610359738 ], [ 6.06233456533313, 50.783987459396883 ], [ 6.020109766717169, 50.789210215751268 ] ] ] }, { "type": "Polygon", "coordinates": [ [ [ 6.06233456533313, 50.783987459396883 ], [ 6.051261718533214, 50.817069610359738 ], [ 6.072589160610696, 50.824857019750873 ], [ 6.088342052648201, 50.810200085958797 ], [ 6.089392537423863, 50.804045036538831 ], [ 6.06360416667405, 50.783286282845701 ], [ 6.06233456533313, 50.783987459396883 ] ] ] }, { "type": "Polygon", "coordinates": [ [ [ 6.056151655729123, 50.986017472810872 ], [ 6.067344482099342, 50.997180553785391 ], [ 6.094604646451777, 50.998975035339285 ], [ 6.098891681114935, 50.985319796873455 ], [ 6.094770209245738, 50.969609186150699 ], [ 6.062571797981273, 50.962253079100989 ], [ 6.052928889376278, 50.967033504849176 ], [ 6.056151655729123, 50.986017472810872 ] ] ] }, { "type": "Polygon", "coordinates": [ [ [ 6.046734565580083, 50.818497979089742 ], [ 6.052308355148537, 50.847222280858915 ], [ 6.071987042986914, 50.830944493202182 ], [ 6.072589160610696, 50.824857019750873 ], [ 6.051261718533214, 50.817069610359738 ], [ 6.046734565580083, 50.818497979089742 ] ] ] }, { "type": "Polygon", "coordinates": [ [ [ 6.071987042986914, 50.830944493202182 ], [ 6.052308355148537, 50.847222280858915 ], [ 6.030448806593866, 50.887969535557716 ], [ 6.045098402994847, 50.887913765282782 ], [ 6.062297852094031, 50.88044138276247 ], [ 6.082945612527717, 50.854818745431402 ], [ 6.084920958188732, 50.851828035121699 ], [ 6.071987042986914, 50.830944493202182 ] ] ] }, { "type": "Polygon", "coordinates": [ [ [ 6.030448806593866, 50.887969535557716 ], [ 6.021969253735787, 50.890207879496117 ], [ 6.071308535713263, 50.943363213999348 ], [ 6.089157441845576, 50.93186988807755 ], [ 6.091668741687925, 50.922649500866662 ], [ 6.045098402994847, 50.887913765282782 ], [ 6.030448806593866, 50.887969535557716 ] ] ] }, { "type": "Polygon", "coordinates": [ [ [ 6.06360416667405, 50.783286282845701 ], [ 6.089392537423863, 50.804045036538831 ], [ 6.095992522418581, 50.800033878523294 ], [ 6.101838013519368, 50.787974022292488 ], [ 6.085437346550314, 50.766451466878792 ], [ 6.068994961198639, 50.753678578896377 ], [ 6.06360416667405, 50.783286282845701 ] ] ] }, { "type": "Polygon", "coordinates": [ [ [ 6.067344482099342, 50.997180553785391 ], [ 6.058858270086981, 51.023180401970485 ], [ 6.063443944890142, 51.024762626360157 ], [ 6.095750834776267, 51.019885353978346 ], [ 6.101789681877231, 51.014290505913728 ], [ 6.094604646451777, 50.998975035339285 ], [ 6.067344482099342, 50.997180553785391 ] ] ] }, { "type": "Polygon", "coordinates": [ [ [ 6.071987042986914, 50.830944493202182 ], [ 6.084920958188732, 50.851828035121699 ], [ 6.090645752471008, 50.850386040374964 ], [ 6.100345675967486, 50.833576980810122 ], [ 6.101688457672104, 50.828000603383359 ], [ 6.088342052648201, 50.810200085958797 ], [ 6.072589160610696, 50.824857019750873 ], [ 6.071987042986914, 50.830944493202182 ] ] ] }, { "type": "Polygon", "coordinates": [ [ [ 6.063443944890142, 51.024762626360157 ], [ 6.070919824592512, 51.034135243283153 ], [ 6.084778830802489, 51.043396790927048 ], [ 6.095750834776267, 51.019885353978346 ], [ 6.063443944890142, 51.024762626360157 ] ] ] }, { "type": "Polygon", "coordinates": [ [ [ 6.070919824592512, 51.034135243283153 ], [ 6.060888177352127, 51.058575989797049 ], [ 6.077764076372839, 51.057297124962204 ], [ 6.084803799733579, 51.047398751161893 ], [ 6.084778830802489, 51.043396790927048 ], [ 6.070919824592512, 51.034135243283153 ] ] ] }, { "type": "Polygon", "coordinates": [ [ [ 6.063484121466497, 51.11152502835531 ], [ 6.025608431527505, 51.220986909894627 ], [ 6.06874266110877, 51.199709837750333 ], [ 6.123026210288807, 51.166824897808326 ], [ 6.127087719256356, 51.102800992419283 ], [ 6.076899936388788, 51.100588181561072 ], [ 6.063484121466497, 51.11152502835531 ] ] ] }, { "type": "Polygon", "coordinates": [ [ [ 6.084778830802489, 51.043396790927048 ], [ 6.084803799733579, 51.047398751161893 ], [ 6.103240499030198, 51.051350939326049 ], [ 6.118070529727784, 51.033412747038057 ], [ 6.108905049688206, 51.017343398676104 ], [ 6.101789681877231, 51.014290505913728 ], [ 6.095750834776267, 51.019885353978346 ], [ 6.084778830802489, 51.043396790927048 ] ] ] }, { "type": "Polygon", "coordinates": [ [ [ 6.071308535713263, 50.943363213999348 ], [ 6.062571797981273, 50.962253079100989 ], [ 6.094770209245738, 50.969609186150699 ], [ 6.101773178245713, 50.957586631971125 ], [ 6.101911402942287, 50.957194885630216 ], [ 6.089157441845576, 50.93186988807755 ], [ 6.071308535713263, 50.943363213999348 ] ] ] }, { "type": "Polygon", "coordinates": [ [ [ 6.101773178245713, 50.957586631971125 ], [ 6.094770209245738, 50.969609186150699 ], [ 6.098891681114935, 50.985319796873455 ], [ 6.131269539999138, 50.979988272987619 ], [ 6.13179971892376, 50.976698047696658 ], [ 6.101773178245713, 50.957586631971125 ] ] ] }, { "type": "Polygon", "coordinates": [ [ [ 6.084803799733579, 51.047398751161893 ], [ 6.077764076372839, 51.057297124962204 ], [ 6.091646581228289, 51.077833374622109 ], [ 6.108038083987335, 51.074387784465678 ], [ 6.109344697667104, 51.071597432647359 ], [ 6.103240499030198, 51.051350939326049 ], [ 6.084803799733579, 51.047398751161893 ] ] ] }, { "type": "Polygon", "coordinates": [ [ [ 6.098891681114935, 50.985319796873455 ], [ 6.094604646451777, 50.998975035339285 ], [ 6.101789681877231, 51.014290505913728 ], [ 6.108905049688206, 51.017343398676104 ], [ 6.139913472062657, 51.000347629260624 ], [ 6.140745499645752, 50.995663704905397 ], [ 6.131269539999138, 50.979988272987619 ], [ 6.098891681114935, 50.985319796873455 ] ] ] }, { "type": "Polygon", "coordinates": [ [ [ 6.062297852094031, 50.88044138276247 ], [ 6.045098402994847, 50.887913765282782 ], [ 6.091668741687925, 50.922649500866662 ], [ 6.097142396339763, 50.920242225063767 ], [ 6.11075781037424, 50.901577815731912 ], [ 6.082463293138667, 50.882290418508148 ], [ 6.062297852094031, 50.88044138276247 ] ] ] }, { "type": "Polygon", "coordinates": [ [ [ 6.084920958188732, 50.851828035121699 ], [ 6.082945612527717, 50.854818745431402 ], [ 6.102004559374658, 50.873621289788836 ], [ 6.126221927447237, 50.867021278315001 ], [ 6.090645752471008, 50.850386040374964 ], [ 6.084920958188732, 50.851828035121699 ] ] ] }, { "type": "Polygon", "coordinates": [ [ [ 6.068994961198639, 50.753678578896377 ], [ 6.085437346550314, 50.766451466878792 ], [ 6.114288829244018, 50.774164021679013 ], [ 6.125390644926695, 50.765349734672618 ], [ 6.126362472470986, 50.761358779474413 ], [ 6.122695584334173, 50.747013599753771 ], [ 6.118835951204013, 50.742505890627335 ], [ 6.066158915624677, 50.704073384364392 ], [ 6.068994961198639, 50.753678578896377 ] ] ] }, { "type": "Polygon", "coordinates": [ [ [ 6.089392537423863, 50.804045036538831 ], [ 6.088342052648201, 50.810200085958797 ], [ 6.101688457672104, 50.828000603383359 ], [ 6.112737718173256, 50.828642979660756 ], [ 6.11705036115827, 50.823129427225261 ], [ 6.121489667505518, 50.806187769469147 ], [ 6.095992522418581, 50.800033878523294 ], [ 6.089392537423863, 50.804045036538831 ] ] ] }, { "type": "Polygon", "coordinates": [ [ [ 6.082463293138667, 50.882290418508148 ], [ 6.102004559374658, 50.873621289788836 ], [ 6.082945612527717, 50.854818745431402 ], [ 6.062297852094031, 50.88044138276247 ], [ 6.082463293138667, 50.882290418508148 ] ] ] }, { "type": "Polygon", "coordinates": [ [ [ 6.102004559374658, 50.873621289788836 ], [ 6.082463293138667, 50.882290418508148 ], [ 6.11075781037424, 50.901577815731912 ], [ 6.13224781327412, 50.890428416065163 ], [ 6.128564342708017, 50.867291372223931 ], [ 6.126221927447237, 50.867021278315001 ], [ 6.102004559374658, 50.873621289788836 ] ] ] }, { "type": "Polygon", "coordinates": [ [ [ 6.091668741687925, 50.922649500866662 ], [ 6.089157441845576, 50.93186988807755 ], [ 6.101911402942287, 50.957194885630216 ], [ 6.102019663336423, 50.957148439121433 ], [ 6.132877113298605, 50.940084731540082 ], [ 6.097142396339763, 50.920242225063767 ], [ 6.091668741687925, 50.922649500866662 ] ] ] }, { "type": "Polygon", "coordinates": [ [ [ 6.108038083987335, 51.074387784465678 ], [ 6.091646581228289, 51.077833374622109 ], [ 6.076899936388788, 51.100588181561072 ], [ 6.127087719256356, 51.102800992419283 ], [ 6.127946302143968, 51.100655858793793 ], [ 6.108038083987335, 51.074387784465678 ] ] ] }, { "type": "Polygon", "coordinates": [ [ [ 6.101688457672104, 50.828000603383359 ], [ 6.100345675967486, 50.833576980810122 ], [ 6.12887223943853, 50.866725554258281 ], [ 6.135368010783605, 50.857368460243293 ], [ 6.135643686694839, 50.851400957677235 ], [ 6.112737718173256, 50.828642979660756 ], [ 6.101688457672104, 50.828000603383359 ] ] ] }, { "type": "Polygon", "coordinates": [ [ [ 6.100345675967486, 50.833576980810122 ], [ 6.090645752471008, 50.850386040374964 ], [ 6.126221927447237, 50.867021278315001 ], [ 6.128564342708017, 50.867291372223931 ], [ 6.12887223943853, 50.866725554258281 ], [ 6.100345675967486, 50.833576980810122 ] ] ] }, { "type": "Polygon", "coordinates": [ [ [ 6.085437346550314, 50.766451466878792 ], [ 6.101838013519368, 50.787974022292488 ], [ 6.114288829244018, 50.774164021679013 ], [ 6.085437346550314, 50.766451466878792 ] ] ] }, { "type": "Polygon", "coordinates": [ [ [ 6.118835951204013, 50.742505890627335 ], [ 6.122695584334173, 50.747013599753771 ], [ 6.157433987227341, 50.736172533072619 ], [ 6.146365755099062, 50.713739397328702 ], [ 6.118835951204013, 50.742505890627335 ] ] ] }, { "type": "Polygon", "coordinates": [ [ [ 6.103240499030198, 51.051350939326049 ], [ 6.109344697667104, 51.071597432647359 ], [ 6.128750337506811, 51.058731455994625 ], [ 6.12218082001255, 51.035982155274681 ], [ 6.118070529727784, 51.033412747038057 ], [ 6.103240499030198, 51.051350939326049 ] ] ] }, { "type": "Polygon", "coordinates": [ [ [ 6.127946302143968, 51.100655858793793 ], [ 6.1438657932905, 51.091082762342438 ], [ 6.144492765663169, 51.076808403670547 ], [ 6.132078686100437, 51.059967665684091 ], [ 6.128750337506811, 51.058731455994625 ], [ 6.109344697667104, 51.071597432647359 ], [ 6.108038083987335, 51.074387784465678 ], [ 6.127946302143968, 51.100655858793793 ] ] ] }, { "type": "Polygon", "coordinates": [ [ [ 6.1438657932905, 51.091082762342438 ], [ 6.127946302143968, 51.100655858793793 ], [ 6.127087719256356, 51.102800992419283 ], [ 6.123026210288807, 51.166824897808326 ], [ 6.161406258798142, 51.161976483400167 ], [ 6.161499853456866, 51.16191870588839 ], [ 6.173797968729313, 51.113375311214021 ], [ 6.166343506772662, 51.097109833070903 ], [ 6.1438657932905, 51.091082762342438 ] ] ] }, { "type": "Polygon", "coordinates": [ [ [ 6.11075781037424, 50.901577815731912 ], [ 6.097142396339763, 50.920242225063767 ], [ 6.132877113298605, 50.940084731540082 ], [ 6.139749803290063, 50.939914323494087 ], [ 6.142708758052775, 50.89979684008582 ], [ 6.13224781327412, 50.890428416065163 ], [ 6.11075781037424, 50.901577815731912 ] ] ] }, { "type": "Polygon", "coordinates": [ [ [ 6.101838013519368, 50.787974022292488 ], [ 6.095992522418581, 50.800033878523294 ], [ 6.121489667505518, 50.806187769469147 ], [ 6.137496290651173, 50.802421066083852 ], [ 6.139490723669657, 50.799460082342726 ], [ 6.125390644926695, 50.765349734672618 ], [ 6.114288829244018, 50.774164021679013 ], [ 6.101838013519368, 50.787974022292488 ] ] ] }, { "type": "Polygon", "coordinates": [ [ [ 6.102019663336423, 50.957148439121433 ], [ 6.101911402942287, 50.957194885630216 ], [ 6.101773178245713, 50.957586631971125 ], [ 6.13179971892376, 50.976698047696658 ], [ 6.135274664559967, 50.967621697326337 ], [ 6.102019663336423, 50.957148439121433 ] ] ] }, { "type": "Polygon", "coordinates": [ [ [ 6.12887223943853, 50.866725554258281 ], [ 6.128564342708017, 50.867291372223931 ], [ 6.13224781327412, 50.890428416065163 ], [ 6.142708758052775, 50.89979684008582 ], [ 6.156945984740998, 50.899006861970612 ], [ 6.167328518867298, 50.890211284731549 ], [ 6.167371463293633, 50.858861888225192 ], [ 6.135368010783605, 50.857368460243293 ], [ 6.12887223943853, 50.866725554258281 ] ] ] }, { "type": "Polygon", "coordinates": [ [ [ 6.118070529727784, 51.033412747038057 ], [ 6.12218082001255, 51.035982155274681 ], [ 6.134820832938246, 51.03397113086303 ], [ 6.154564201534912, 51.020499826686105 ], [ 6.139913472062657, 51.000347629260624 ], [ 6.108905049688206, 51.017343398676104 ], [ 6.118070529727784, 51.033412747038057 ] ] ] }, { "type": "Polygon", "coordinates": [ [ [ 6.11705036115827, 50.823129427225261 ], [ 6.112737718173256, 50.828642979660756 ], [ 6.135643686694839, 50.851400957677235 ], [ 6.137723696972881, 50.846589499114721 ], [ 6.124799779085635, 50.823335554837136 ], [ 6.11705036115827, 50.823129427225261 ] ] ] }, { "type": "Polygon", "coordinates": [ [ [ 6.126362472470986, 50.761358779474413 ], [ 6.125390644926695, 50.765349734672618 ], [ 6.139490723669657, 50.799460082342726 ], [ 6.179713936707266, 50.794696010790119 ], [ 6.182969244497157, 50.793594954030603 ], [ 6.183650592307567, 50.783247990189693 ], [ 6.182031885614189, 50.770541948942345 ], [ 6.126362472470986, 50.761358779474413 ] ] ] }, { "type": "Polygon", "coordinates": [ [ [ 6.102019663336423, 50.957148439121433 ], [ 6.135274664559967, 50.967621697326337 ], [ 6.144573497719833, 50.949858978099897 ], [ 6.143522648650126, 50.944107241447199 ], [ 6.139749803290063, 50.939914323494087 ], [ 6.132877113298605, 50.940084731540082 ], [ 6.102019663336423, 50.957148439121433 ] ] ] }, { "type": "Polygon", "coordinates": [ [ [ 6.135643686694839, 50.851400957677235 ], [ 6.135368010783605, 50.857368460243293 ], [ 6.167371463293633, 50.858861888225192 ], [ 6.172069349084635, 50.856934211129108 ], [ 6.174872410325843, 50.854118722002852 ], [ 6.16774051673157, 50.834826347676852 ], [ 6.151799742066197, 50.831398027093734 ], [ 6.144737540332791, 50.833411739193508 ], [ 6.137723696972881, 50.846589499114721 ], [ 6.135643686694839, 50.851400957677235 ] ] ] }, { "type": "Polygon", "coordinates": [ [ [ 6.131269539999138, 50.979988272987619 ], [ 6.140745499645752, 50.995663704905397 ], [ 6.162970836018792, 50.984966504327268 ], [ 6.154503242459385, 50.958837173599207 ], [ 6.144573497719833, 50.949858978099897 ], [ 6.135274664559967, 50.967621697326337 ], [ 6.13179971892376, 50.976698047696658 ], [ 6.131269539999138, 50.979988272987619 ] ] ] }, { "type": "Polygon", "coordinates": [ [ [ 6.138726143204746, 50.813164614054422 ], [ 6.124799779085635, 50.823335554837136 ], [ 6.137723696972881, 50.846589499114721 ], [ 6.144737540332791, 50.833411739193508 ], [ 6.138726143204746, 50.813164614054422 ] ] ] }, { "type": "Polygon", "coordinates": [ [ [ 6.124799779085635, 50.823335554837136 ], [ 6.138726143204746, 50.813164614054422 ], [ 6.137496290651173, 50.802421066083852 ], [ 6.121489667505518, 50.806187769469147 ], [ 6.11705036115827, 50.823129427225261 ], [ 6.124799779085635, 50.823335554837136 ] ] ] }, { "type": "Polygon", "coordinates": [ [ [ 6.139490723669657, 50.799460082342726 ], [ 6.137496290651173, 50.802421066083852 ], [ 6.138726143204746, 50.813164614054422 ], [ 6.144737540332791, 50.833411739193508 ], [ 6.151799742066197, 50.831398027093734 ], [ 6.179713936707266, 50.794696010790119 ], [ 6.139490723669657, 50.799460082342726 ] ] ] }, { "type": "Polygon", "coordinates": [ [ [ 6.139749803290063, 50.939914323494087 ], [ 6.143522648650126, 50.944107241447199 ], [ 6.176681248327354, 50.934564202553901 ], [ 6.178765931337392, 50.916885385871865 ], [ 6.156945984740998, 50.899006861970612 ], [ 6.142708758052775, 50.89979684008582 ], [ 6.139749803290063, 50.939914323494087 ] ] ] }, { "type": "Polygon", "coordinates": [ [ [ 6.140745499645752, 50.995663704905397 ], [ 6.139913472062657, 51.000347629260624 ], [ 6.154564201534912, 51.020499826686105 ], [ 6.155548896633951, 51.020883487660008 ], [ 6.173553579297971, 51.003384555084011 ], [ 6.164125233139139, 50.985240410628201 ], [ 6.162970836018792, 50.984966504327268 ], [ 6.140745499645752, 50.995663704905397 ] ] ] }, { "type": "Polygon", "coordinates": [ [ [ 6.132078686100437, 51.059967665684091 ], [ 6.148481209963489, 51.049690957737489 ], [ 6.134820832938246, 51.03397113086303 ], [ 6.12218082001255, 51.035982155274681 ], [ 6.128750337506811, 51.058731455994625 ], [ 6.132078686100437, 51.059967665684091 ] ] ] }, { "type": "Polygon", "coordinates": [ [ [ 6.148481209963489, 51.049690957737489 ], [ 6.132078686100437, 51.059967665684091 ], [ 6.144492765663169, 51.076808403670547 ], [ 6.166060989540655, 51.057089678397979 ], [ 6.159585472753314, 51.049496238449969 ], [ 6.148481209963489, 51.049690957737489 ] ] ] }, { "type": "Polygon", "coordinates": [ [ [ 3.817350000302268, 48.298109999876601 ], [ 3.817350000302268, 48.43697531489687 ], [ 5.813614095110473, 50.395539426310059 ], [ 5.956606165807596, 50.518542755037807 ], [ 6.015813728304217, 50.551323333628204 ], [ 6.219351157306017, 50.609320285195132 ], [ 6.237922767252368, 50.573601354566968 ], [ 6.199788048323357, 50.509587509064168 ], [ 4.283888444109947, 48.298109999876601 ], [ 3.817350000302268, 48.298109999876601 ] ] ] }, { "type": "Polygon", "coordinates": [ [ [ 6.149092036848518, 50.703355247164666 ], [ 6.146365755099062, 50.713739397328702 ], [ 6.157433987227341, 50.736172533072619 ], [ 6.174797980685973, 50.736951324644302 ], [ 6.176966625212934, 50.731963666679263 ], [ 6.164900461677167, 50.707517422790801 ], [ 6.149092036848518, 50.703355247164666 ] ] ] }, { "type": "Polygon", "coordinates": [ [ [ 6.154564201534912, 51.020499826686105 ], [ 6.134820832938246, 51.03397113086303 ], [ 6.148481209963489, 51.049690957737489 ], [ 6.159585472753314, 51.049496238449969 ], [ 6.159274386912137, 51.029100174250623 ], [ 6.156787622157394, 51.022386376371919 ], [ 6.155548896633951, 51.020883487660008 ], [ 6.154564201534912, 51.020499826686105 ] ] ] }, { "type": "Polygon", "coordinates": [ [ [ 6.159585472753314, 51.049496238449969 ], [ 6.166060989540655, 51.057089678397979 ], [ 6.170144325073355, 51.05830585025361 ], [ 6.184910634442669, 51.0494119420731 ], [ 6.191290198055987, 51.039107061952578 ], [ 6.159274386912137, 51.029100174250623 ], [ 6.159585472753314, 51.049496238449969 ] ] ] }, { "type": "Polygon", "coordinates": [ [ [ 6.166060989540655, 51.057089678397979 ], [ 6.144492765663169, 51.076808403670547 ], [ 6.1438657932905, 51.091082762342438 ], [ 6.166343506772662, 51.097109833070903 ], [ 6.178553410670694, 51.080779690440529 ], [ 6.170144325073355, 51.05830585025361 ], [ 6.166060989540655, 51.057089678397979 ] ] ] }, { "type": "Polygon", "coordinates": [ [ [ 6.126362472470986, 50.761358779474413 ], [ 6.182031885614189, 50.770541948942345 ], [ 6.183026994029727, 50.767314878888648 ], [ 6.174797980685973, 50.736951324644302 ], [ 6.157433987227341, 50.736172533072619 ], [ 6.122695584334173, 50.747013599753771 ], [ 6.126362472470986, 50.761358779474413 ] ] ] }, { "type": "Polygon", "coordinates": [ [ [ 6.182969244497157, 50.793594954030603 ], [ 6.179713936707266, 50.794696010790119 ], [ 6.151799742066197, 50.831398027093734 ], [ 6.16774051673157, 50.834826347676852 ], [ 6.193717087909249, 50.807199392836388 ], [ 6.182969244497157, 50.793594954030603 ] ] ] }, { "type": "Polygon", "coordinates": [ [ [ 6.183026994029727, 50.767314878888648 ], [ 6.182031885614189, 50.770541948942345 ], [ 6.183650592307567, 50.783247990189693 ], [ 6.22132733077456, 50.77642164646808 ], [ 6.221864675154903, 50.764930022479923 ], [ 6.185698832363888, 50.76600582305548 ], [ 6.183026994029727, 50.767314878888648 ] ] ] }, { "type": "Polygon", "coordinates": [ [ [ 6.123026210288807, 51.166824897808326 ], [ 6.06874266110877, 51.199709837750333 ], [ 6.177327919352489, 51.223376720396267 ], [ 6.183915517746013, 51.205911795629845 ], [ 6.161406258798142, 51.161976483400167 ], [ 6.123026210288807, 51.166824897808326 ] ] ] }, { "type": "Polygon", "coordinates": [ [ [ 6.177327919352489, 51.223376720396267 ], [ 6.177712395504892, 51.226490888029019 ], [ 6.199774956838822, 51.237934274132343 ], [ 6.207863371017559, 51.230725638426001 ], [ 6.19893498546749, 51.208607973289944 ], [ 6.183915517746013, 51.205911795629845 ], [ 6.177327919352489, 51.223376720396267 ] ] ] }, { "type": "Polygon", "coordinates": [ [ [ 6.173797968729313, 51.113375311214021 ], [ 6.161499853456866, 51.16191870588839 ], [ 6.171663146500284, 51.160923513465889 ], [ 6.21724083108113, 51.119633203256136 ], [ 6.203888155907892, 51.107331277711161 ], [ 6.173797968729313, 51.113375311214021 ] ] ] }, { "type": "Polygon", "coordinates": [ [ [ 6.162970836018792, 50.984966504327268 ], [ 6.164125233139139, 50.985240410628201 ], [ 6.177812668617331, 50.979195981195524 ], [ 6.189944585252514, 50.963038366673956 ], [ 6.154503242459385, 50.958837173599207 ], [ 6.162970836018792, 50.984966504327268 ] ] ] }, { "type": "Polygon", "coordinates": [ [ [ 6.143522648650126, 50.944107241447199 ], [ 6.144573497719833, 50.949858978099897 ], [ 6.154503242459385, 50.958837173599207 ], [ 6.189944585252514, 50.963038366673956 ], [ 6.194706560546545, 50.960389169289769 ], [ 6.188244809602553, 50.94461408850772 ], [ 6.176681248327354, 50.934564202553901 ], [ 6.143522648650126, 50.944107241447199 ] ] ] }, { "type": "Polygon", "coordinates": [ [ [ 6.164900461677167, 50.707517422790801 ], [ 6.176966625212934, 50.731963666679263 ], [ 6.185696894318894, 50.726566572444803 ], [ 6.192706955490987, 50.692332782912501 ], [ 6.18587822909352, 50.684470868635067 ], [ 6.164900461677167, 50.707517422790801 ] ] ] }, { "type": "Polygon", "coordinates": [ [ [ 6.167328518867298, 50.890211284731549 ], [ 6.156945984740998, 50.899006861970612 ], [ 6.178765931337392, 50.916885385871865 ], [ 6.192027133597919, 50.911239774519402 ], [ 6.195415836566823, 50.908005242246361 ], [ 6.175846086019703, 50.887880090607439 ], [ 6.167328518867298, 50.890211284731549 ] ] ] }, { "type": "Polygon", "coordinates": [ [ [ 6.172069349084635, 50.856934211129108 ], [ 6.167371463293633, 50.858861888225192 ], [ 6.167328518867298, 50.890211284731549 ], [ 6.175846086019703, 50.887880090607439 ], [ 6.186451222364507, 50.880722714700696 ], [ 6.172069349084635, 50.856934211129108 ] ] ] }, { "type": "Polygon", "coordinates": [ [ [ 6.18587822909352, 50.684470868635067 ], [ 6.183286655513478, 50.671674631706466 ], [ 6.04679872550516, 50.578076189594157 ], [ 6.149092036848518, 50.703355247164666 ], [ 6.164900461677167, 50.707517422790801 ], [ 6.18587822909352, 50.684470868635067 ] ] ] }, { "type": "Polygon", "coordinates": [ [ [ 6.183286655513478, 50.671674631706466 ], [ 6.18587822909352, 50.684470868635067 ], [ 6.192706955490987, 50.692332782912501 ], [ 6.206282845024614, 50.697983922871238 ], [ 6.242657974239707, 50.688131767057328 ], [ 6.253894891549305, 50.67309022441902 ], [ 6.236816807925418, 50.65014383929347 ], [ 6.183286655513478, 50.671674631706466 ] ] ] }, { "type": "Polygon", "coordinates": [ [ [ 6.184910634442669, 51.0494119420731 ], [ 6.170144325073355, 51.05830585025361 ], [ 6.178553410670694, 51.080779690440529 ], [ 6.181587391596486, 51.080790665018547 ], [ 6.202460145001894, 51.070904133151394 ], [ 6.184910634442669, 51.0494119420731 ] ] ] }, { "type": "Polygon", "coordinates": [ [ [ 6.155548896633951, 51.020883487660008 ], [ 6.156787622157394, 51.022386376371919 ], [ 6.19995944777792, 51.021648968537122 ], [ 6.201552967351286, 51.01857250293277 ], [ 6.195332024365847, 51.006860533012329 ], [ 6.173553579297971, 51.003384555084011 ], [ 6.155548896633951, 51.020883487660008 ] ] ] }, { "type": "Polygon", "coordinates": [ [ [ 6.174797980685973, 50.736951324644302 ], [ 6.183026994029727, 50.767314878888648 ], [ 6.185698832363888, 50.76600582305548 ], [ 6.213437490694188, 50.745083347462135 ], [ 6.203420325871508, 50.725072812652691 ], [ 6.185696894318894, 50.726566572444803 ], [ 6.176966625212934, 50.731963666679263 ], [ 6.174797980685973, 50.736951324644302 ] ] ] }, { "type": "Polygon", "coordinates": [ [ [ 6.177812668617331, 50.979195981195524 ], [ 6.164125233139139, 50.985240410628201 ], [ 6.173553579297971, 51.003384555084011 ], [ 6.195332024365847, 51.006860533012329 ], [ 6.195465732642345, 51.0052097319643 ], [ 6.177812668617331, 50.979195981195524 ] ] ] }, { "type": "Polygon", "coordinates": [ [ [ 6.16774051673157, 50.834826347676852 ], [ 6.174872410325843, 50.854118722002852 ], [ 6.20345337240201, 50.845779893406785 ], [ 6.209156389517305, 50.840372552624757 ], [ 6.206312177835804, 50.820663456997167 ], [ 6.204068327433416, 50.815073679888371 ], [ 6.193717087909249, 50.807199392836388 ], [ 6.16774051673157, 50.834826347676852 ] ] ] }, { "type": "Polygon", "coordinates": [ [ [ 6.159274386912137, 51.029100174250623 ], [ 6.191290198055987, 51.039107061952578 ], [ 6.197211860914845, 51.03380058103658 ], [ 6.19995944777792, 51.021648968537122 ], [ 6.156787622157394, 51.022386376371919 ], [ 6.159274386912137, 51.029100174250623 ] ] ] }, { "type": "Polygon", "coordinates": [ [ [ 6.166343506772662, 51.097109833070903 ], [ 6.173797968729313, 51.113375311214021 ], [ 6.203888155907892, 51.107331277711161 ], [ 6.203876449138516, 51.100021645077369 ], [ 6.181587391596486, 51.080790665018547 ], [ 6.178553410670694, 51.080779690440529 ], [ 6.166343506772662, 51.097109833070903 ] ] ] }, { "type": "Polygon", "coordinates": [ [ [ 6.178765931337392, 50.916885385871865 ], [ 6.176681248327354, 50.934564202553901 ], [ 6.188244809602553, 50.94461408850772 ], [ 6.200607684528436, 50.930531354621117 ], [ 6.192027133597919, 50.911239774519402 ], [ 6.178765931337392, 50.916885385871865 ] ] ] }, { "type": "Polygon", "coordinates": [ [ [ 6.189944585252514, 50.963038366673956 ], [ 6.177812668617331, 50.979195981195524 ], [ 6.195465732642345, 51.0052097319643 ], [ 6.2083592907464, 50.973933535054272 ], [ 6.19917451299455, 50.961896384993153 ], [ 6.194706560546545, 50.960389169289769 ], [ 6.189944585252514, 50.963038366673956 ] ] ] }, { "type": "Polygon", "coordinates": [ [ [ 6.172069349084635, 50.856934211129108 ], [ 6.186451222364507, 50.880722714700696 ], [ 6.189891254316462, 50.880553172097208 ], [ 6.198075607986105, 50.87355750867269 ], [ 6.20345337240201, 50.845779893406785 ], [ 6.174872410325843, 50.854118722002852 ], [ 6.172069349084635, 50.856934211129108 ] ] ] }, { "type": "Polygon", "coordinates": [ [ [ 6.175846086019703, 50.887880090607439 ], [ 6.195415836566823, 50.908005242246361 ], [ 6.202782799000692, 50.904077415175763 ], [ 6.189891254316462, 50.880553172097208 ], [ 6.186451222364507, 50.880722714700696 ], [ 6.175846086019703, 50.887880090607439 ] ] ] }, { "type": "Polygon", "coordinates": [ [ [ 6.201552967351286, 51.01857250293277 ], [ 6.19995944777792, 51.021648968537122 ], [ 6.197211860914845, 51.03380058103658 ], [ 6.211012262805628, 51.048719722485764 ], [ 6.234839157006377, 51.040499265855885 ], [ 6.23917062366186, 51.029481772242477 ], [ 6.208587386661025, 51.017713299979334 ], [ 6.201552967351286, 51.01857250293277 ] ] ] }, { "type": "Polygon", "coordinates": [ [ [ 6.151667572201273, 51.273080956336656 ], [ 6.100935711625968, 51.304893131645898 ], [ 6.2133049660109, 51.302713620168689 ], [ 6.220511833909817, 51.290758220362562 ], [ 6.218996032050391, 51.273721462972574 ], [ 6.166358490125837, 51.269523375659851 ], [ 6.151667572201273, 51.273080956336656 ] ] ] }, { "type": "Polygon", "coordinates": [ [ [ 6.177712395504892, 51.226490888029019 ], [ 6.151667572201273, 51.273080956336656 ], [ 6.166358490125837, 51.269523375659851 ], [ 6.199284320016653, 51.244957463738388 ], [ 6.199774956838822, 51.237934274132343 ], [ 6.177712395504892, 51.226490888029019 ] ] ] }, { "type": "Polygon", "coordinates": [ [ [ 6.189891254316462, 50.880553172097208 ], [ 6.202782799000692, 50.904077415175763 ], [ 6.211360881727951, 50.903970722589158 ], [ 6.218954164433042, 50.886861731086825 ], [ 6.198075607986105, 50.87355750867269 ], [ 6.189891254316462, 50.880553172097208 ] ] ] }, { "type": "Polygon", "coordinates": [ [ [ 6.192706955490987, 50.692332782912501 ], [ 6.185696894318894, 50.726566572444803 ], [ 6.203420325871508, 50.725072812652691 ], [ 6.208353575237906, 50.720267276662341 ], [ 6.206282845024614, 50.697983922871238 ], [ 6.192706955490987, 50.692332782912501 ] ] ] }, { "type": "Polygon", "coordinates": [ [ [ 6.191290198055987, 51.039107061952578 ], [ 6.184910634442669, 51.0494119420731 ], [ 6.202460145001894, 51.070904133151394 ], [ 6.206876926766212, 51.071277254167015 ], [ 6.213674051905324, 51.063668631743717 ], [ 6.211012262805628, 51.048719722485764 ], [ 6.197211860914845, 51.03380058103658 ], [ 6.191290198055987, 51.039107061952578 ] ] ] }, { "type": "Polygon", "coordinates": [ [ [ 6.161499853456866, 51.16191870588839 ], [ 6.161406258798142, 51.161976483400167 ], [ 6.183915517746013, 51.205911795629845 ], [ 6.19893498546749, 51.208607973289944 ], [ 6.209705670826661, 51.203358885638323 ], [ 6.217618684371011, 51.170172826719885 ], [ 6.171663146500284, 51.160923513465889 ], [ 6.161499853456866, 51.16191870588839 ] ] ] }, { "type": "Polygon", "coordinates": [ [ [ 6.195465732642345, 51.0052097319643 ], [ 6.195332024365847, 51.006860533012329 ], [ 6.201552967351286, 51.01857250293277 ], [ 6.208587386661025, 51.017713299979334 ], [ 6.239279689874104, 50.982596688251974 ], [ 6.2083592907464, 50.973933535054272 ], [ 6.195465732642345, 51.0052097319643 ] ] ] }, { "type": "Polygon", "coordinates": [ [ [ 6.202460145001894, 51.070904133151394 ], [ 6.181587391596486, 51.080790665018547 ], [ 6.203876449138516, 51.100021645077369 ], [ 6.211540550286752, 51.084530376934659 ], [ 6.206876926766212, 51.071277254167015 ], [ 6.202460145001894, 51.070904133151394 ] ] ] }, { "type": "Polygon", "coordinates": [ [ [ 6.203876449138516, 51.100021645077369 ], [ 6.203888155907892, 51.107331277711161 ], [ 6.21724083108113, 51.119633203256136 ], [ 6.224318396689807, 51.120954734163469 ], [ 6.231970390756571, 51.087959597542913 ], [ 6.211540550286752, 51.084530376934659 ], [ 6.203876449138516, 51.100021645077369 ] ] ] }, { "type": "Polygon", "coordinates": [ [ [ 6.188244809602553, 50.94461408850772 ], [ 6.194706560546545, 50.960389169289769 ], [ 6.19917451299455, 50.961896384993153 ], [ 6.226552159060005, 50.937854944159717 ], [ 6.228286096204007, 50.930240450997793 ], [ 6.227378517654189, 50.925786717112899 ], [ 6.200607684528436, 50.930531354621117 ], [ 6.188244809602553, 50.94461408850772 ] ] ] }, { "type": "Polygon", "coordinates": [ [ [ 6.195415836566823, 50.908005242246361 ], [ 6.192027133597919, 50.911239774519402 ], [ 6.200607684528436, 50.930531354621117 ], [ 6.227378517654189, 50.925786717112899 ], [ 6.227678866897227, 50.923305943071881 ], [ 6.211360881727951, 50.903970722589158 ], [ 6.202782799000692, 50.904077415175763 ], [ 6.195415836566823, 50.908005242246361 ] ] ] }, { "type": "Polygon", "coordinates": [ [ [ 6.237922767252368, 50.573601354566968 ], [ 6.219351157306017, 50.609320285195132 ], [ 6.232789407264283, 50.623034525273766 ], [ 6.27391084406247, 50.606280393601715 ], [ 6.280870789111765, 50.591589705999581 ], [ 6.245993856072207, 50.569893600587271 ], [ 6.237922767252368, 50.573601354566968 ] ] ] }, { "type": "Polygon", "coordinates": [ [ [ 6.199774956838822, 51.237934274132343 ], [ 6.199284320016653, 51.244957463738388 ], [ 6.221613589319178, 51.268227231883053 ], [ 6.23636259831347, 51.255932354588367 ], [ 6.236449555413467, 51.255278691062863 ], [ 6.223345412041513, 51.230127930845995 ], [ 6.207863371017559, 51.230725638426001 ], [ 6.199774956838822, 51.237934274132343 ] ] ] }, { "type": "Polygon", "coordinates": [ [ [ 6.199284320016653, 51.244957463738388 ], [ 6.166358490125837, 51.269523375659851 ], [ 6.218996032050391, 51.273721462972574 ], [ 6.221613589319178, 51.268227231883053 ], [ 6.199284320016653, 51.244957463738388 ] ] ] }, { "type": "Polygon", "coordinates": [ [ [ 6.220511833909817, 51.290758220362562 ], [ 6.2133049660109, 51.302713620168689 ], [ 6.217488580026777, 51.317816355119781 ], [ 6.252953820165677, 51.332929529981023 ], [ 6.256478867244907, 51.326444745747573 ], [ 6.256066200642249, 51.317669167376152 ], [ 6.231478533577492, 51.293258868722404 ], [ 6.220511833909817, 51.290758220362562 ] ] ] }, { "type": "Polygon", "coordinates": [ [ [ 6.21724083108113, 51.119633203256136 ], [ 6.171663146500284, 51.160923513465889 ], [ 6.217618684371011, 51.170172826719885 ], [ 6.221622889977592, 51.169333768201781 ], [ 6.234654921308667, 51.153376841984446 ], [ 6.231060149873969, 51.131337103646871 ], [ 6.224701889886837, 51.12121922170806 ], [ 6.224318396689807, 51.120954734163469 ], [ 6.21724083108113, 51.119633203256136 ] ] ] }, { "type": "Polygon", "coordinates": [ [ [ 6.20345337240201, 50.845779893406785 ], [ 6.198075607986105, 50.87355750867269 ], [ 6.218954164433042, 50.886861731086825 ], [ 6.224200837529629, 50.88296993531285 ], [ 6.22709871316673, 50.851444209772708 ], [ 6.209156389517305, 50.840372552624757 ], [ 6.20345337240201, 50.845779893406785 ] ] ] }, { "type": "Polygon", "coordinates": [ [ [ 6.209705670826661, 51.203358885638323 ], [ 6.19893498546749, 51.208607973289944 ], [ 6.207863371017559, 51.230725638426001 ], [ 6.223345412041513, 51.230127930845995 ], [ 6.230426509908761, 51.214746834685897 ], [ 6.209705670826661, 51.203358885638323 ] ] ] }, { "type": "Polygon", "coordinates": [ [ [ 6.183650592307567, 50.783247990189693 ], [ 6.182969244497157, 50.793594954030603 ], [ 6.193717087909249, 50.807199392836388 ], [ 6.204068327433416, 50.815073679888371 ], [ 6.221549702820555, 50.802614135192592 ], [ 6.23443036216976, 50.786933924310773 ], [ 6.22132733077456, 50.77642164646808 ], [ 6.183650592307567, 50.783247990189693 ] ] ] }, { "type": "Polygon", "coordinates": [ [ [ 6.218954164433042, 50.886861731086825 ], [ 6.211360881727951, 50.903970722589158 ], [ 6.227678866897227, 50.923305943071881 ], [ 6.241907210352823, 50.913016274456979 ], [ 6.244968542741606, 50.898253367588282 ], [ 6.226433557878966, 50.883743196160488 ], [ 6.224200837529629, 50.88296993531285 ], [ 6.218954164433042, 50.886861731086825 ] ] ] }, { "type": "Polygon", "coordinates": [ [ [ 6.227378517654189, 50.925786717112899 ], [ 6.228286096204007, 50.930240450997793 ], [ 6.262364825970939, 50.942179909634433 ], [ 6.271344592636882, 50.940422304260082 ], [ 6.274815688827518, 50.920968238943374 ], [ 6.241907210352823, 50.913016274456979 ], [ 6.227678866897227, 50.923305943071881 ], [ 6.227378517654189, 50.925786717112899 ] ] ] }, { "type": "Polygon", "coordinates": [ [ [ 6.206876926766212, 51.071277254167015 ], [ 6.211540550286752, 51.084530376934659 ], [ 6.231970390756571, 51.087959597542913 ], [ 6.234174220270993, 51.086431222801338 ], [ 6.236549469339369, 51.077726381939371 ], [ 6.233488363188287, 51.064485800008953 ], [ 6.213674051905324, 51.063668631743717 ], [ 6.206876926766212, 51.071277254167015 ] ] ] }, { "type": "Polygon", "coordinates": [ [ [ 6.203420325871508, 50.725072812652691 ], [ 6.213437490694188, 50.745083347462135 ], [ 6.23732483948196, 50.74661004656209 ], [ 6.240586152056799, 50.735164262083266 ], [ 6.23585682190584, 50.720497535521076 ], [ 6.208353575237906, 50.720267276662341 ], [ 6.203420325871508, 50.725072812652691 ] ] ] }, { "type": "Polygon", "coordinates": [ [ [ 6.19917451299455, 50.961896384993153 ], [ 6.2083592907464, 50.973933535054272 ], [ 6.239279689874104, 50.982596688251974 ], [ 6.240882439825418, 50.982399543375159 ], [ 6.241060970103717, 50.96395141088643 ], [ 6.226552159060005, 50.937854944159717 ], [ 6.19917451299455, 50.961896384993153 ] ] ] }, { "type": "Polygon", "coordinates": [ [ [ 6.213437490694188, 50.745083347462135 ], [ 6.185698832363888, 50.76600582305548 ], [ 6.221864675154903, 50.764930022479923 ], [ 6.237846808197678, 50.748242011699816 ], [ 6.23732483948196, 50.74661004656209 ], [ 6.213437490694188, 50.745083347462135 ] ] ] }, { "type": "Polygon", "coordinates": [ [ [ 6.221613589319178, 51.268227231883053 ], [ 6.218996032050391, 51.273721462972574 ], [ 6.220511833909817, 51.290758220362562 ], [ 6.231478533577492, 51.293258868722404 ], [ 6.261481111620583, 51.285987029299648 ], [ 6.256756062459126, 51.268093905927465 ], [ 6.23636259831347, 51.255932354588367 ], [ 6.221613589319178, 51.268227231883053 ] ] ] }, { "type": "Polygon", "coordinates": [ [ [ 6.217618684371011, 51.170172826719885 ], [ 6.209705670826661, 51.203358885638323 ], [ 6.230426509908761, 51.214746834685897 ], [ 6.23453581399898, 51.212391438569213 ], [ 6.244204726810382, 51.195676064067712 ], [ 6.221622889977592, 51.169333768201781 ], [ 6.217618684371011, 51.170172826719885 ] ] ] }, { "type": "Polygon", "coordinates": [ [ [ 6.221864675154903, 50.764930022479923 ], [ 6.22132733077456, 50.77642164646808 ], [ 6.23443036216976, 50.786933924310773 ], [ 6.251264474247376, 50.779833382227402 ], [ 6.254291952563079, 50.772144172720402 ], [ 6.253045733385311, 50.767847230294365 ], [ 6.237846808197678, 50.748242011699816 ], [ 6.221864675154903, 50.764930022479923 ] ] ] }, { "type": "Polygon", "coordinates": [ [ [ 6.239279689874104, 50.982596688251974 ], [ 6.208587386661025, 51.017713299979334 ], [ 6.23917062366186, 51.029481772242477 ], [ 6.249118547858785, 51.025162506853327 ], [ 6.251994150846214, 50.996082158181963 ], [ 6.243721918811307, 50.983969144227494 ], [ 6.240882439825418, 50.982399543375159 ], [ 6.239279689874104, 50.982596688251974 ] ] ] }, { "type": "Polygon", "coordinates": [ [ [ 6.204068327433416, 50.815073679888371 ], [ 6.206312177835804, 50.820663456997167 ], [ 6.251321935767032, 50.819878968508903 ], [ 6.252909596602114, 50.811079960266404 ], [ 6.221549702820555, 50.802614135192592 ], [ 6.204068327433416, 50.815073679888371 ] ] ] }, { "type": "Polygon", "coordinates": [ [ [ 6.23732483948196, 50.74661004656209 ], [ 6.237846808197678, 50.748242011699816 ], [ 6.253045733385311, 50.767847230294365 ], [ 6.295733317008593, 50.723695511441818 ], [ 6.240586152056799, 50.735164262083266 ], [ 6.23732483948196, 50.74661004656209 ] ] ] }, { "type": "Polygon", "coordinates": [ [ [ 6.206282845024614, 50.697983922871238 ], [ 6.208353575237906, 50.720267276662341 ], [ 6.23585682190584, 50.720497535521076 ], [ 6.242657974239707, 50.688131767057328 ], [ 6.206282845024614, 50.697983922871238 ] ] ] }, { "type": "Polygon", "coordinates": [ [ [ 4.283888444109947, 48.298109999876601 ], [ 6.199788048323357, 50.509587509064168 ], [ 6.259863407754147, 50.553226477427636 ], [ 6.265295128092134, 50.551480091144967 ], [ 6.301343255861917, 50.452764608633913 ], [ 4.33956909717879, 48.298109999876601 ], [ 4.283888444109947, 48.298109999876601 ] ] ] }, { "type": "Polygon", "coordinates": [ [ [ 6.211012262805628, 51.048719722485764 ], [ 6.213674051905324, 51.063668631743717 ], [ 6.233488363188287, 51.064485800008953 ], [ 6.23664312799191, 51.060326397971743 ], [ 6.234839157006377, 51.040499265855885 ], [ 6.211012262805628, 51.048719722485764 ] ] ] }, { "type": "Polygon", "coordinates": [ [ [ 6.234174220270993, 51.086431222801338 ], [ 6.231970390756571, 51.087959597542913 ], [ 6.224318396689807, 51.120954734163469 ], [ 6.224701889886837, 51.12121922170806 ], [ 6.249926887532595, 51.106233207191764 ], [ 6.253845606735299, 51.097293498514219 ], [ 6.234174220270993, 51.086431222801338 ] ] ] }, { "type": "Polygon", "coordinates": [ [ [ 6.230426509908761, 51.214746834685897 ], [ 6.223345412041513, 51.230127930845995 ], [ 6.236449555413467, 51.255278691062863 ], [ 6.246853008949951, 51.244689192211546 ], [ 6.249455687079995, 51.225223583401323 ], [ 6.23453581399898, 51.212391438569213 ], [ 6.230426509908761, 51.214746834685897 ] ] ] }, { "type": "Polygon", "coordinates": [ [ [ 6.23664312799191, 51.060326397971743 ], [ 6.233488363188287, 51.064485800008953 ], [ 6.236549469339369, 51.077726381939371 ], [ 6.266466919167661, 51.07582940171406 ], [ 6.267017455263018, 51.072721428499882 ], [ 6.261387666481776, 51.059671149986293 ], [ 6.23664312799191, 51.060326397971743 ] ] ] }, { "type": "Polygon", "coordinates": [ [ [ 6.206312177835804, 50.820663456997167 ], [ 6.209156389517305, 50.840372552624757 ], [ 6.22709871316673, 50.851444209772708 ], [ 6.230026057958168, 50.851411718394708 ], [ 6.251803226533511, 50.845059810204766 ], [ 6.257601924666527, 50.836472241425064 ], [ 6.251321935767032, 50.819878968508903 ], [ 6.206312177835804, 50.820663456997167 ] ] ] }, { "type": "Polygon", "coordinates": [ [ [ 6.23917062366186, 51.029481772242477 ], [ 6.234839157006377, 51.040499265855885 ], [ 6.23664312799191, 51.060326397971743 ], [ 6.261387666481776, 51.059671149986293 ], [ 6.265124826539019, 51.045239451898212 ], [ 6.256537664200499, 51.029855815275667 ], [ 6.249118547858785, 51.025162506853327 ], [ 6.23917062366186, 51.029481772242477 ] ] ] }, { "type": "Polygon", "coordinates": [ [ [ 6.23585682190584, 50.720497535521076 ], [ 6.240586152056799, 50.735164262083266 ], [ 6.295733317008593, 50.723695511441818 ], [ 6.311297304431116, 50.716157510742285 ], [ 6.317858139187699, 50.707139316512446 ], [ 6.313875128984218, 50.692658878159207 ], [ 6.298548459669932, 50.682690926314748 ], [ 6.253894891549305, 50.67309022441902 ], [ 6.242657974239707, 50.688131767057328 ], [ 6.23585682190584, 50.720497535521076 ] ] ] }, { "type": "Polygon", "coordinates": [ [ [ 6.694831516693204, 53.845139999311584 ], [ 6.966212995802963, 51.744303616319002 ], [ 6.92636347424386, 51.709211712527249 ], [ 6.862027224078616, 51.68664391300387 ], [ 6.834188088426136, 51.684267285309318 ], [ 6.788448065983528, 51.692100603122363 ], [ 6.747353161001436, 51.714465390618201 ], [ 6.195187127326004, 52.2733848977999 ], [ 5.88070047625414, 52.729279028564747 ], [ 5.224677201363219, 53.845139999311584 ], [ 6.694831516693204, 53.845139999311584 ] ] ] }, { "type": "Polygon", "coordinates": [ [ [ 5.224677201363219, 53.845139999311584 ], [ 5.88070047625414, 52.729279028564747 ], [ 6.190072226939209, 51.780240240391855 ], [ 6.244339346864587, 51.58367699644527 ], [ 6.262004463296425, 51.465330917654732 ], [ 6.252953820165677, 51.332929529981023 ], [ 6.217488580026777, 51.317816355119781 ], [ 4.777695862237643, 53.845139999311584 ], [ 5.224677201363219, 53.845139999311584 ] ] ] }, { "type": "Polygon", "coordinates": [ [ [ 6.256066200642249, 51.317669167376152 ], [ 6.256478867244907, 51.326444745747573 ], [ 6.275393307834406, 51.321469780703893 ], [ 6.275189898962013, 51.292962993880401 ], [ 6.270977408416479, 51.290383160162484 ], [ 6.265847124231231, 51.290368097068097 ], [ 6.256066200642249, 51.317669167376152 ] ] ] }, { "type": "Polygon", "coordinates": [ [ [ 6.232789407264283, 50.623034525273766 ], [ 6.236816807925418, 50.65014383929347 ], [ 6.253894891549305, 50.67309022441902 ], [ 6.298548459669932, 50.682690926314748 ], [ 6.294433612882341, 50.626137392337512 ], [ 6.27391084406247, 50.606280393601715 ], [ 6.232789407264283, 50.623034525273766 ] ] ] }, { "type": "Polygon", "coordinates": [ [ [ 6.22709871316673, 50.851444209772708 ], [ 6.224200837529629, 50.88296993531285 ], [ 6.226433557878966, 50.883743196160488 ], [ 6.249053714230126, 50.876971258322492 ], [ 6.230026057958168, 50.851411718394708 ], [ 6.22709871316673, 50.851444209772708 ] ] ] }, { "type": "Polygon", "coordinates": [ [ [ 6.228286096204007, 50.930240450997793 ], [ 6.226552159060005, 50.937854944159717 ], [ 6.241060970103717, 50.96395141088643 ], [ 6.262364825970939, 50.942179909634433 ], [ 6.228286096204007, 50.930240450997793 ] ] ] }, { "type": "Polygon", "coordinates": [ [ [ 6.226433557878966, 50.883743196160488 ], [ 6.244968542741606, 50.898253367588282 ], [ 6.254944717787791, 50.890211144054454 ], [ 6.253666442999545, 50.879039934039369 ], [ 6.249053714230126, 50.876971258322492 ], [ 6.226433557878966, 50.883743196160488 ] ] ] }, { "type": "Polygon", "coordinates": [ [ [ 6.256478867244907, 51.326444745747573 ], [ 6.252953820165677, 51.332929529981023 ], [ 6.262004463296425, 51.465330917654732 ], [ 6.312674172235944, 51.330388486887429 ], [ 6.312927626746916, 51.32593462516575 ], [ 6.304096931902373, 51.316375392526602 ], [ 6.275393307834406, 51.321469780703893 ], [ 6.256478867244907, 51.326444745747573 ] ] ] }, { "type": "Polygon", "coordinates": [ [ [ 6.224701889886837, 51.12121922170806 ], [ 6.231060149873969, 51.131337103646871 ], [ 6.262829292489118, 51.124267249717327 ], [ 6.249926887532595, 51.106233207191764 ], [ 6.224701889886837, 51.12121922170806 ] ] ] }, { "type": "Polygon", "coordinates": [ [ [ 6.221549702820555, 50.802614135192592 ], [ 6.252909596602114, 50.811079960266404 ], [ 6.259148005126086, 50.800343308690323 ], [ 6.251264474247376, 50.779833382227402 ], [ 6.23443036216976, 50.786933924310773 ], [ 6.221549702820555, 50.802614135192592 ] ] ] }, { "type": "Polygon", "coordinates": [ [ [ 6.252909596602114, 50.811079960266404 ], [ 6.251321935767032, 50.819878968508903 ], [ 6.257601924666527, 50.836472241425064 ], [ 6.264164401841538, 50.835211789562365 ], [ 6.289279922143604, 50.817506842139991 ], [ 6.275192377360736, 50.805000575729807 ], [ 6.259148005126086, 50.800343308690323 ], [ 6.252909596602114, 50.811079960266404 ] ] ] }, { "type": "Polygon", "coordinates": [ [ [ 6.230026057958168, 50.851411718394708 ], [ 6.249053714230126, 50.876971258322492 ], [ 6.253666442999545, 50.879039934039369 ], [ 6.265816062841267, 50.86550856091187 ], [ 6.251803226533511, 50.845059810204766 ], [ 6.230026057958168, 50.851411718394708 ] ] ] }, { "type": "Polygon", "coordinates": [ [ [ 6.199788048323357, 50.509587509064168 ], [ 6.237922767252368, 50.573601354566968 ], [ 6.245993856072207, 50.569893600587271 ], [ 6.259863407754147, 50.553226477427636 ], [ 6.199788048323357, 50.509587509064168 ] ] ] }, { "type": "Polygon", "coordinates": [ [ [ 6.234654921308667, 51.153376841984446 ], [ 6.221622889977592, 51.169333768201781 ], [ 6.244204726810382, 51.195676064067712 ], [ 6.24667576805753, 51.195511767677139 ], [ 6.267090404273824, 51.169205769228377 ], [ 6.265373532061272, 51.158628502102985 ], [ 6.262413298539689, 51.156046189646858 ], [ 6.234654921308667, 51.153376841984446 ] ] ] }, { "type": "Polygon", "coordinates": [ [ [ 6.241060970103717, 50.96395141088643 ], [ 6.240882439825418, 50.982399543375159 ], [ 6.243721918811307, 50.983969144227494 ], [ 6.262273486140217, 50.971840918115802 ], [ 6.272174707196215, 50.948230312134058 ], [ 6.272063371075763, 50.941507506779288 ], [ 6.271344592636882, 50.940422304260082 ], [ 6.262364825970939, 50.942179909634433 ], [ 6.241060970103717, 50.96395141088643 ] ] ] }, { "type": "Polygon", "coordinates": [ [ [ 6.236549469339369, 51.077726381939371 ], [ 6.234174220270993, 51.086431222801338 ], [ 6.253845606735299, 51.097293498514219 ], [ 6.260908781639106, 51.094132394524216 ], [ 6.267977685068144, 51.084231298876787 ], [ 6.266466919167661, 51.07582940171406 ], [ 6.236549469339369, 51.077726381939371 ] ] ] }, { "type": "Polygon", "coordinates": [ [ [ 6.236449555413467, 51.255278691062863 ], [ 6.23636259831347, 51.255932354588367 ], [ 6.256756062459126, 51.268093905927465 ], [ 6.27769603382008, 51.256107839865372 ], [ 6.280064607009744, 51.246948326292525 ], [ 6.262749796518314, 51.240419180966953 ], [ 6.246853008949951, 51.244689192211546 ], [ 6.236449555413467, 51.255278691062863 ] ] ] }, { "type": "Polygon", "coordinates": [ [ [ 6.265124826539019, 51.045239451898212 ], [ 6.261387666481776, 51.059671149986293 ], [ 6.267017455263018, 51.072721428499882 ], [ 6.286402731214365, 51.06553911424141 ], [ 6.285586019525701, 51.045082439707407 ], [ 6.265124826539019, 51.045239451898212 ] ] ] }, { "type": "Polygon", "coordinates": [ [ [ 6.249455687079995, 51.225223583401323 ], [ 6.246853008949951, 51.244689192211546 ], [ 6.262749796518314, 51.240419180966953 ], [ 6.262673206166488, 51.222053001114297 ], [ 6.249455687079995, 51.225223583401323 ] ] ] }, { "type": "Polygon", "coordinates": [ [ [ 6.27769603382008, 51.256107839865372 ], [ 6.256756062459126, 51.268093905927465 ], [ 6.261481111620583, 51.285987029299648 ], [ 6.265847124231231, 51.290368097068097 ], [ 6.270977408416479, 51.290383160162484 ], [ 6.28806425610036, 51.271387167814858 ], [ 6.27769603382008, 51.256107839865372 ] ] ] }, { "type": "Polygon", "coordinates": [ [ [ 6.231478533577492, 51.293258868722404 ], [ 6.256066200642249, 51.317669167376152 ], [ 6.265847124231231, 51.290368097068097 ], [ 6.261481111620583, 51.285987029299648 ], [ 6.231478533577492, 51.293258868722404 ] ] ] }, { "type": "Polygon", "coordinates": [ [ [ 6.244968542741606, 50.898253367588282 ], [ 6.241907210352823, 50.913016274456979 ], [ 6.274815688827518, 50.920968238943374 ], [ 6.276596904518546, 50.918935731375626 ], [ 6.276661798500114, 50.918685806650593 ], [ 6.268615691170667, 50.8953151349058 ], [ 6.254944717787791, 50.890211144054454 ], [ 6.244968542741606, 50.898253367588282 ] ] ] }, { "type": "Polygon", "coordinates": [ [ [ 6.251994150846214, 50.996082158181963 ], [ 6.249118547858785, 51.025162506853327 ], [ 6.256537664200499, 51.029855815275667 ], [ 6.28930071402783, 51.01740856887799 ], [ 6.262370362062683, 50.996618420991815 ], [ 6.251994150846214, 50.996082158181963 ] ] ] }, { "type": "Polygon", "coordinates": [ [ [ 6.234654921308667, 51.153376841984446 ], [ 6.262413298539689, 51.156046189646858 ], [ 6.269299243817944, 51.126084623286005 ], [ 6.262829292489118, 51.124267249717327 ], [ 6.231060149873969, 51.131337103646871 ], [ 6.234654921308667, 51.153376841984446 ] ] ] }, { "type": "Polygon", "coordinates": [ [ [ 6.244204726810382, 51.195676064067712 ], [ 6.23453581399898, 51.212391438569213 ], [ 6.249455687079995, 51.225223583401323 ], [ 6.262673206166488, 51.222053001114297 ], [ 6.26304792983036, 51.221686348441175 ], [ 6.261511269227651, 51.202364871889372 ], [ 6.24667576805753, 51.195511767677139 ], [ 6.244204726810382, 51.195676064067712 ] ] ] }, { "type": "Polygon", "coordinates": [ [ [ 6.253845606735299, 51.097293498514219 ], [ 6.249926887532595, 51.106233207191764 ], [ 6.262829292489118, 51.124267249717327 ], [ 6.269299243817944, 51.126084623286005 ], [ 6.271095790390513, 51.12504457778607 ], [ 6.274868162925288, 51.117682450773906 ], [ 6.260908781639106, 51.094132394524216 ], [ 6.253845606735299, 51.097293498514219 ] ] ] }, { "type": "Polygon", "coordinates": [ [ [ 6.254291952563079, 50.772144172720402 ], [ 6.251264474247376, 50.779833382227402 ], [ 6.259148005126086, 50.800343308690323 ], [ 6.275192377360736, 50.805000575729807 ], [ 6.285685298533977, 50.7789525680572 ], [ 6.282489983636451, 50.773986407771133 ], [ 6.254291952563079, 50.772144172720402 ] ] ] }, { "type": "Polygon", "coordinates": [ [ [ 4.33956909717879, 48.298109999876601 ], [ 6.301343255861917, 50.452764608633913 ], [ 6.309434235847907, 50.458918210448445 ], [ 6.410559444765721, 50.423555225655278 ], [ 6.423103494177382, 50.395183537534493 ], [ 6.39529964674864, 50.323499732259734 ], [ 5.214378833824424, 48.298109999876601 ], [ 4.33956909717879, 48.298109999876601 ] ] ] }, { "type": "Polygon", "coordinates": [ [ [ 6.262413298539689, 51.156046189646858 ], [ 6.265373532061272, 51.158628502102985 ], [ 6.287424757863607, 51.153975637599153 ], [ 6.287538401609178, 51.134906238553249 ], [ 6.271095790390513, 51.12504457778607 ], [ 6.269299243817944, 51.126084623286005 ], [ 6.262413298539689, 51.156046189646858 ] ] ] }, { "type": "Polygon", "coordinates": [ [ [ 6.253666442999545, 50.879039934039369 ], [ 6.254944717787791, 50.890211144054454 ], [ 6.268615691170667, 50.8953151349058 ], [ 6.284042974450863, 50.87767773158194 ], [ 6.274574666546804, 50.867330846025098 ], [ 6.265816062841267, 50.86550856091187 ], [ 6.253666442999545, 50.879039934039369 ] ] ] }, { "type": "Polygon", "coordinates": [ [ [ 6.24667576805753, 51.195511767677139 ], [ 6.261511269227651, 51.202364871889372 ], [ 6.286535874317771, 51.196733461579768 ], [ 6.28741038277855, 51.195653911187982 ], [ 6.288724908805882, 51.191724778301513 ], [ 6.267090404273824, 51.169205769228377 ], [ 6.24667576805753, 51.195511767677139 ] ] ] }, { "type": "Polygon", "coordinates": [ [ [ 6.259863407754147, 50.553226477427636 ], [ 6.245993856072207, 50.569893600587271 ], [ 6.280870789111765, 50.591589705999581 ], [ 6.287540435355689, 50.584619659492645 ], [ 6.288158806459146, 50.570643876014273 ], [ 6.265295128092134, 50.551480091144967 ], [ 6.259863407754147, 50.553226477427636 ] ] ] }, { "type": "Polygon", "coordinates": [ [ [ 6.26304792983036, 51.221686348441175 ], [ 6.262673206166488, 51.222053001114297 ], [ 6.262749796518314, 51.240419180966953 ], [ 6.280064607009744, 51.246948326292525 ], [ 6.2914882635382, 51.236117324039874 ], [ 6.286058033045268, 51.226233928736548 ], [ 6.26304792983036, 51.221686348441175 ] ] ] }, { "type": "Polygon", "coordinates": [ [ [ 6.267977685068144, 51.084231298876787 ], [ 6.260908781639106, 51.094132394524216 ], [ 6.274868162925288, 51.117682450773906 ], [ 6.278182327230059, 51.11557157410882 ], [ 6.285294333026645, 51.091620850527079 ], [ 6.267977685068144, 51.084231298876787 ] ] ] }, { "type": "Polygon", "coordinates": [ [ [ 6.257601924666527, 50.836472241425064 ], [ 6.251803226533511, 50.845059810204766 ], [ 6.265816062841267, 50.86550856091187 ], [ 6.274574666546804, 50.867330846025098 ], [ 6.284078956328098, 50.850368937464644 ], [ 6.264164401841538, 50.835211789562365 ], [ 6.257601924666527, 50.836472241425064 ] ] ] }, { "type": "Polygon", "coordinates": [ [ [ 6.272063371075763, 50.941507506779288 ], [ 6.272174707196215, 50.948230312134058 ], [ 6.28807559115166, 50.975193637010285 ], [ 6.290092360772339, 50.976485971329275 ], [ 6.298084238895265, 50.9752330826134 ], [ 6.300513821182442, 50.972973083027796 ], [ 6.303223277266528, 50.958652940851643 ], [ 6.293133041391856, 50.948003149898611 ], [ 6.272063371075763, 50.941507506779288 ] ] ] }, { "type": "Polygon", "coordinates": [ [ [ 6.272174707196215, 50.948230312134058 ], [ 6.262273486140217, 50.971840918115802 ], [ 6.28807559115166, 50.975193637010285 ], [ 6.272174707196215, 50.948230312134058 ] ] ] }, { "type": "Polygon", "coordinates": [ [ [ 6.287540435355689, 50.584619659492645 ], [ 6.280870789111765, 50.591589705999581 ], [ 6.27391084406247, 50.606280393601715 ], [ 6.294433612882341, 50.626137392337512 ], [ 6.314883969812318, 50.614945783566704 ], [ 6.314823940743586, 50.604036480700309 ], [ 6.291928303176967, 50.585995854361094 ], [ 6.287540435355689, 50.584619659492645 ] ] ] }, { "type": "Polygon", "coordinates": [ [ [ 6.243721918811307, 50.983969144227494 ], [ 6.251994150846214, 50.996082158181963 ], [ 6.262370362062683, 50.996618420991815 ], [ 6.2818407543495, 50.988286719837163 ], [ 6.290092360772339, 50.976485971329275 ], [ 6.28807559115166, 50.975193637010285 ], [ 6.262273486140217, 50.971840918115802 ], [ 6.243721918811307, 50.983969144227494 ] ] ] }, { "type": "Polygon", "coordinates": [ [ [ 6.267017455263018, 51.072721428499882 ], [ 6.266466919167661, 51.07582940171406 ], [ 6.267977685068144, 51.084231298876787 ], [ 6.285294333026645, 51.091620850527079 ], [ 6.286469755029823, 51.091493228635372 ], [ 6.301624755077313, 51.076727305004781 ], [ 6.301902283342711, 51.072150919468193 ], [ 6.286402731214365, 51.06553911424141 ], [ 6.267017455263018, 51.072721428499882 ] ] ] }, { "type": "Polygon", "coordinates": [ [ [ 6.280064607009744, 51.246948326292525 ], [ 6.27769603382008, 51.256107839865372 ], [ 6.28806425610036, 51.271387167814858 ], [ 6.309378119451901, 51.276362661303295 ], [ 6.317295705481475, 51.269942597557282 ], [ 6.314431603387838, 51.252905613374892 ], [ 6.308261267920197, 51.238359978346814 ], [ 6.2914882635382, 51.236117324039874 ], [ 6.280064607009744, 51.246948326292525 ] ] ] }, { "type": "Polygon", "coordinates": [ [ [ 6.261511269227651, 51.202364871889372 ], [ 6.26304792983036, 51.221686348441175 ], [ 6.286058033045268, 51.226233928736548 ], [ 6.286535874317771, 51.196733461579768 ], [ 6.261511269227651, 51.202364871889372 ] ] ] }, { "type": "Polygon", "coordinates": [ [ [ 6.262370362062683, 50.996618420991815 ], [ 6.28930071402783, 51.01740856887799 ], [ 6.296784340604264, 51.018043949134643 ], [ 6.2818407543495, 50.988286719837163 ], [ 6.262370362062683, 50.996618420991815 ] ] ] }, { "type": "Polygon", "coordinates": [ [ [ 6.276596904518546, 50.918935731375626 ], [ 6.274815688827518, 50.920968238943374 ], [ 6.271344592636882, 50.940422304260082 ], [ 6.272063371075763, 50.941507506779288 ], [ 6.293133041391856, 50.948003149898611 ], [ 6.305453766468611, 50.928087196210342 ], [ 6.276596904518546, 50.918935731375626 ] ] ] }, { "type": "Polygon", "coordinates": [ [ [ 6.256537664200499, 51.029855815275667 ], [ 6.265124826539019, 51.045239451898212 ], [ 6.285586019525701, 51.045082439707407 ], [ 6.301399725600525, 51.034616427210629 ], [ 6.301830743490691, 51.033860047149687 ], [ 6.301295379751941, 51.019723465464672 ], [ 6.296784340604264, 51.018043949134643 ], [ 6.28930071402783, 51.01740856887799 ], [ 6.256537664200499, 51.029855815275667 ] ] ] }, { "type": "Polygon", "coordinates": [ [ [ 6.274574666546804, 50.867330846025098 ], [ 6.284042974450863, 50.87767773158194 ], [ 6.286630093923303, 50.87818486395102 ], [ 6.303038751526072, 50.87306272193436 ], [ 6.285208615117373, 50.849951630283066 ], [ 6.284078956328098, 50.850368937464644 ], [ 6.274574666546804, 50.867330846025098 ] ] ] }, { "type": "Polygon", "coordinates": [ [ [ 6.268615691170667, 50.8953151349058 ], [ 6.276661798500114, 50.918685806650593 ], [ 6.29355640410775, 50.903441574134483 ], [ 6.286630093923303, 50.87818486395102 ], [ 6.284042974450863, 50.87767773158194 ], [ 6.268615691170667, 50.8953151349058 ] ] ] }, { "type": "Polygon", "coordinates": [ [ [ 6.253045733385311, 50.767847230294365 ], [ 6.254291952563079, 50.772144172720402 ], [ 6.282489983636451, 50.773986407771133 ], [ 6.306725278205483, 50.737295156964869 ], [ 6.311297304431116, 50.716157510742285 ], [ 6.295733317008593, 50.723695511441818 ], [ 6.253045733385311, 50.767847230294365 ] ] ] }, { "type": "Polygon", "coordinates": [ [ [ 6.270977408416479, 51.290383160162484 ], [ 6.275189898962013, 51.292962993880401 ], [ 6.301242160781237, 51.30644418562698 ], [ 6.309378119451901, 51.276362661303295 ], [ 6.28806425610036, 51.271387167814858 ], [ 6.270977408416479, 51.290383160162484 ] ] ] }, { "type": "Polygon", "coordinates": [ [ [ 6.289279922143604, 50.817506842139991 ], [ 6.264164401841538, 50.835211789562365 ], [ 6.284078956328098, 50.850368937464644 ], [ 6.285208615117373, 50.849951630283066 ], [ 6.301794286152891, 50.838031567680488 ], [ 6.295662361036797, 50.818188934111049 ], [ 6.289279922143604, 50.817506842139991 ] ] ] }, { "type": "Polygon", "coordinates": [ [ [ 6.275192377360736, 50.805000575729807 ], [ 6.289279922143604, 50.817506842139991 ], [ 6.295662361036797, 50.818188934111049 ], [ 6.315827149436603, 50.798232209915184 ], [ 6.285685298533977, 50.7789525680572 ], [ 6.275192377360736, 50.805000575729807 ] ] ] }, { "type": "Polygon", "coordinates": [ [ [ 6.278182327230059, 51.11557157410882 ], [ 6.274868162925288, 51.117682450773906 ], [ 6.271095790390513, 51.12504457778607 ], [ 6.287538401609178, 51.134906238553249 ], [ 6.296888172063523, 51.131219315944172 ], [ 6.293868522269911, 51.11499686446848 ], [ 6.278182327230059, 51.11557157410882 ] ] ] }, { "type": "Polygon", "coordinates": [ [ [ 6.265373532061272, 51.158628502102985 ], [ 6.267090404273824, 51.169205769228377 ], [ 6.288724908805882, 51.191724778301513 ], [ 6.312726629018944, 51.173587531798567 ], [ 6.310730285848596, 51.163245363150601 ], [ 6.287424757863607, 51.153975637599153 ], [ 6.265373532061272, 51.158628502102985 ] ] ] }, { "type": "Polygon", "coordinates": [ [ [ 6.282489983636451, 50.773986407771133 ], [ 6.285685298533977, 50.7789525680572 ], [ 6.315827149436603, 50.798232209915184 ], [ 6.316847248570986, 50.797880226239421 ], [ 6.317949244582891, 50.795184836903069 ], [ 6.306725278205483, 50.737295156964869 ], [ 6.282489983636451, 50.773986407771133 ] ] ] }, { "type": "Polygon", "coordinates": [ [ [ 6.311297304431116, 50.716157510742285 ], [ 6.306725278205483, 50.737295156964869 ], [ 6.317949244582891, 50.795184836903069 ], [ 6.361270445609754, 50.75870220592607 ], [ 6.34704537683244, 50.732983015274328 ], [ 6.327118929836757, 50.712678491541993 ], [ 6.317858139187699, 50.707139316512446 ], [ 6.311297304431116, 50.716157510742285 ] ] ] }, { "type": "Polygon", "coordinates": [ [ [ 6.275189898962013, 51.292962993880401 ], [ 6.275393307834406, 51.321469780703893 ], [ 6.304096931902373, 51.316375392526602 ], [ 6.301242160781237, 51.30644418562698 ], [ 6.275189898962013, 51.292962993880401 ] ] ] }, { "type": "Polygon", "coordinates": [ [ [ 6.285586019525701, 51.045082439707407 ], [ 6.286402731214365, 51.06553911424141 ], [ 6.301902283342711, 51.072150919468193 ], [ 6.306228285319643, 51.067491393494507 ], [ 6.301399725600525, 51.034616427210629 ], [ 6.285586019525701, 51.045082439707407 ] ] ] }, { "type": "Polygon", "coordinates": [ [ [ 6.28741038277855, 51.195653911187982 ], [ 6.286535874317771, 51.196733461579768 ], [ 6.286058033045268, 51.226233928736548 ], [ 6.2914882635382, 51.236117324039874 ], [ 6.308261267920197, 51.238359978346814 ], [ 6.323114917969362, 51.221107756963853 ], [ 6.323112665228837, 51.221097231360226 ], [ 6.28741038277855, 51.195653911187982 ] ] ] }, { "type": "Polygon", "coordinates": [ [ [ 6.285294333026645, 51.091620850527079 ], [ 6.278182327230059, 51.11557157410882 ], [ 6.293868522269911, 51.11499686446848 ], [ 6.303166700649858, 51.107506824154214 ], [ 6.286469755029823, 51.091493228635372 ], [ 6.285294333026645, 51.091620850527079 ] ] ] }, { "type": "Polygon", "coordinates": [ [ [ 6.262004463296425, 51.465330917654732 ], [ 6.244339346864587, 51.58367699644527 ], [ 6.33370644162903, 51.417955608214001 ], [ 6.356423098729459, 51.36450690582339 ], [ 6.352659497949326, 51.353248921215602 ], [ 6.312674172235944, 51.330388486887429 ], [ 6.262004463296425, 51.465330917654732 ] ] ] }, { "type": "Polygon", "coordinates": [ [ [ 6.323114917969362, 51.221107756963853 ], [ 6.308261267920197, 51.238359978346814 ], [ 6.314431603387838, 51.252905613374892 ], [ 6.35626348487527, 51.241344298979456 ], [ 6.35507212746139, 51.228486845117182 ], [ 6.323114917969362, 51.221107756963853 ] ] ] }, { "type": "Polygon", "coordinates": [ [ [ 6.290092360772339, 50.976485971329275 ], [ 6.2818407543495, 50.988286719837163 ], [ 6.296784340604264, 51.018043949134643 ], [ 6.301295379751941, 51.019723465464672 ], [ 6.301827738044584, 51.01923520179529 ], [ 6.305609953299922, 50.999683192348009 ], [ 6.298084238895265, 50.9752330826134 ], [ 6.290092360772339, 50.976485971329275 ] ] ] }, { "type": "Polygon", "coordinates": [ [ [ 6.334747186081649, 50.488630806951541 ], [ 6.329887966259425, 50.482243959167775 ], [ 6.309434235847907, 50.458918210448445 ], [ 6.301343255861917, 50.452764608633913 ], [ 6.265295128092134, 50.551480091144967 ], [ 6.288158806459146, 50.570643876014273 ], [ 6.310672384075958, 50.548649972039051 ], [ 6.334747186081649, 50.488630806951541 ] ] ] }, { "type": "Polygon", "coordinates": [ [ [ 6.329887966259425, 50.482243959167775 ], [ 6.334747186081649, 50.488630806951541 ], [ 6.341725243933785, 50.493411699534512 ], [ 6.407451846708633, 50.487944084418181 ], [ 6.425789643936343, 50.469390991407863 ], [ 6.42860141166808, 50.456116230979134 ], [ 6.419135776750323, 50.444400053033277 ], [ 6.329887966259425, 50.482243959167775 ] ] ] }, { "type": "Polygon", "coordinates": [ [ [ 6.295662361036797, 50.818188934111049 ], [ 6.301794286152891, 50.838031567680488 ], [ 6.321608349512183, 50.854988750779903 ], [ 6.338582547767631, 50.817521126805659 ], [ 6.33759671783294, 50.813487301574284 ], [ 6.316847248570986, 50.797880226239421 ], [ 6.315827149436603, 50.798232209915184 ], [ 6.295662361036797, 50.818188934111049 ] ] ] }, { "type": "Polygon", "coordinates": [ [ [ 6.298548459669932, 50.682690926314748 ], [ 6.313875128984218, 50.692658878159207 ], [ 6.33214601694409, 50.672269819079148 ], [ 6.324050952847165, 50.620438286112133 ], [ 6.314883969812318, 50.614945783566704 ], [ 6.294433612882341, 50.626137392337512 ], [ 6.298548459669932, 50.682690926314748 ] ] ] }, { "type": "Polygon", "coordinates": [ [ [ 6.309378119451901, 51.276362661303295 ], [ 6.301242160781237, 51.30644418562698 ], [ 6.304096931902373, 51.316375392526602 ], [ 6.312927626746916, 51.32593462516575 ], [ 6.337891479377824, 51.31383058374599 ], [ 6.339489870338435, 51.311635781595413 ], [ 6.34175625234787, 51.292459110842564 ], [ 6.327861602868307, 51.272991983392053 ], [ 6.317295705481475, 51.269942597557282 ], [ 6.309378119451901, 51.276362661303295 ] ] ] }, { "type": "Polygon", "coordinates": [ [ [ 6.276661798500114, 50.918685806650593 ], [ 6.276596904518546, 50.918935731375626 ], [ 6.305453766468611, 50.928087196210342 ], [ 6.309068472099539, 50.927554630530125 ], [ 6.314202691481963, 50.905707505871526 ], [ 6.312929943166164, 50.902625272170454 ], [ 6.29355640410775, 50.903441574134483 ], [ 6.276661798500114, 50.918685806650593 ] ] ] }, { "type": "Polygon", "coordinates": [ [ [ 6.287538401609178, 51.134906238553249 ], [ 6.287424757863607, 51.153975637599153 ], [ 6.310730285848596, 51.163245363150601 ], [ 6.314554097679497, 51.154321562399787 ], [ 6.297637465019056, 51.131442352229655 ], [ 6.296888172063523, 51.131219315944172 ], [ 6.287538401609178, 51.134906238553249 ] ] ] }, { "type": "Polygon", "coordinates": [ [ [ 6.303166700649858, 51.107506824154214 ], [ 6.293868522269911, 51.11499686446848 ], [ 6.296888172063523, 51.131219315944172 ], [ 6.297637465019056, 51.131442352229655 ], [ 6.316623861790527, 51.120544087559772 ], [ 6.311632391465163, 51.107312577047942 ], [ 6.303166700649858, 51.107506824154214 ] ] ] }, { "type": "Polygon", "coordinates": [ [ [ 6.303038751526072, 50.87306272193436 ], [ 6.286630093923303, 50.87818486395102 ], [ 6.29355640410775, 50.903441574134483 ], [ 6.312929943166164, 50.902625272170454 ], [ 6.32426844340668, 50.870657568729641 ], [ 6.323964246384946, 50.870112288783801 ], [ 6.303038751526072, 50.87306272193436 ] ] ] }, { "type": "Polygon", "coordinates": [ [ [ 6.301794286152891, 50.838031567680488 ], [ 6.285208615117373, 50.849951630283066 ], [ 6.303038751526072, 50.87306272193436 ], [ 6.323964246384946, 50.870112288783801 ], [ 6.324368677086319, 50.862645686154941 ], [ 6.321608349512183, 50.854988750779903 ], [ 6.301794286152891, 50.838031567680488 ] ] ] }, { "type": "Polygon", "coordinates": [ [ [ 6.301827738044584, 51.01923520179529 ], [ 6.301295379751941, 51.019723465464672 ], [ 6.301830743490691, 51.033860047149687 ], [ 6.330992361279671, 51.047375212878137 ], [ 6.332396689369492, 51.047268220417507 ], [ 6.338835513600197, 51.043836664354217 ], [ 6.341981707228464, 51.018319466846691 ], [ 6.333262176963361, 51.013581672134784 ], [ 6.301827738044584, 51.01923520179529 ] ] ] }, { "type": "Polygon", "coordinates": [ [ [ 6.301624755077313, 51.076727305004781 ], [ 6.286469755029823, 51.091493228635372 ], [ 6.303166700649858, 51.107506824154214 ], [ 6.311632391465163, 51.107312577047942 ], [ 6.318581384181839, 51.09701232304905 ], [ 6.301624755077313, 51.076727305004781 ] ] ] }, { "type": "Polygon", "coordinates": [ [ [ 6.305453766468611, 50.928087196210342 ], [ 6.293133041391856, 50.948003149898611 ], [ 6.303223277266528, 50.958652940851643 ], [ 6.320695548224067, 50.947310210070121 ], [ 6.32216620764838, 50.938850818419489 ], [ 6.309068472099539, 50.927554630530125 ], [ 6.305453766468611, 50.928087196210342 ] ] ] }, { "type": "Polygon", "coordinates": [ [ [ 6.310730285848596, 51.163245363150601 ], [ 6.312726629018944, 51.173587531798567 ], [ 6.328249089807727, 51.183469659912831 ], [ 6.350363089756716, 51.181325641541321 ], [ 6.35677598211984, 51.170970343148191 ], [ 6.344979206256408, 51.143326885352245 ], [ 6.337182110415134, 51.134663362820113 ], [ 6.331400346627973, 51.135625314642304 ], [ 6.314554097679497, 51.154321562399787 ], [ 6.310730285848596, 51.163245363150601 ] ] ] }, { "type": "Polygon", "coordinates": [ [ [ 6.288724908805882, 51.191724778301513 ], [ 6.28741038277855, 51.195653911187982 ], [ 6.323112665228837, 51.221097231360226 ], [ 6.328249089807727, 51.183469659912831 ], [ 6.312726629018944, 51.173587531798567 ], [ 6.288724908805882, 51.191724778301513 ] ] ] }, { "type": "Polygon", "coordinates": [ [ [ 6.309068472099539, 50.927554630530125 ], [ 6.32216620764838, 50.938850818419489 ], [ 6.342124981000819, 50.92754448230238 ], [ 6.342326731262721, 50.918628939798587 ], [ 6.314202691481963, 50.905707505871526 ], [ 6.309068472099539, 50.927554630530125 ] ] ] }, { "type": "Polygon", "coordinates": [ [ [ 6.298084238895265, 50.9752330826134 ], [ 6.305609953299922, 50.999683192348009 ], [ 6.329983058087095, 50.987354935698029 ], [ 6.320747106818407, 50.977251027576379 ], [ 6.300513821182442, 50.972973083027796 ], [ 6.298084238895265, 50.9752330826134 ] ] ] }, { "type": "Polygon", "coordinates": [ [ [ 6.301830743490691, 51.033860047149687 ], [ 6.301399725600525, 51.034616427210629 ], [ 6.306228285319643, 51.067491393494507 ], [ 6.315569246275912, 51.06645805181288 ], [ 6.330992361279671, 51.047375212878137 ], [ 6.301830743490691, 51.033860047149687 ] ] ] }, { "type": "Polygon", "coordinates": [ [ [ 6.301902283342711, 51.072150919468193 ], [ 6.301624755077313, 51.076727305004781 ], [ 6.318581384181839, 51.09701232304905 ], [ 6.329585044457416, 51.093253018032193 ], [ 6.330951810630283, 51.077441054542042 ], [ 6.315569246275912, 51.06645805181288 ], [ 6.306228285319643, 51.067491393494507 ], [ 6.301902283342711, 51.072150919468193 ] ] ] }, { "type": "Polygon", "coordinates": [ [ [ 6.320695548224067, 50.947310210070121 ], [ 6.303223277266528, 50.958652940851643 ], [ 6.300513821182442, 50.972973083027796 ], [ 6.320747106818407, 50.977251027576379 ], [ 6.330259376844879, 50.958369100430986 ], [ 6.320695548224067, 50.947310210070121 ] ] ] }, { "type": "Polygon", "coordinates": [ [ [ 6.288158806459146, 50.570643876014273 ], [ 6.287540435355689, 50.584619659492645 ], [ 6.291928303176967, 50.585995854361094 ], [ 6.325698828073666, 50.579712476701822 ], [ 6.310672384075958, 50.548649972039051 ], [ 6.288158806459146, 50.570643876014273 ] ] ] }, { "type": "Polygon", "coordinates": [ [ [ 6.297637465019056, 51.131442352229655 ], [ 6.314554097679497, 51.154321562399787 ], [ 6.331400346627973, 51.135625314642304 ], [ 6.316623861790527, 51.120544087559772 ], [ 6.297637465019056, 51.131442352229655 ] ] ] }, { "type": "Polygon", "coordinates": [ [ [ 6.318581384181839, 51.09701232304905 ], [ 6.311632391465163, 51.107312577047942 ], [ 6.316623861790527, 51.120544087559772 ], [ 6.331400346627973, 51.135625314642304 ], [ 6.337182110415134, 51.134663362820113 ], [ 6.338969365417445, 51.132344697486971 ], [ 6.344385026476693, 51.105385416953609 ], [ 6.342962655324915, 51.099708315633293 ], [ 6.329585044457416, 51.093253018032193 ], [ 6.318581384181839, 51.09701232304905 ] ] ] }, { "type": "Polygon", "coordinates": [ [ [ 6.334747186081649, 50.488630806951541 ], [ 6.310672384075958, 50.548649972039051 ], [ 6.325698828073666, 50.579712476701822 ], [ 6.335103502998107, 50.585532089647103 ], [ 6.365157652154044, 50.545377901522592 ], [ 6.358228385672587, 50.522113599428771 ], [ 6.341725243933785, 50.493411699534512 ], [ 6.334747186081649, 50.488630806951541 ] ] ] }, { "type": "Polygon", "coordinates": [ [ [ 6.329983058087095, 50.987354935698029 ], [ 6.305609953299922, 50.999683192348009 ], [ 6.301827738044584, 51.01923520179529 ], [ 6.333262176963361, 51.013581672134784 ], [ 6.330677532671049, 50.987647614050793 ], [ 6.329983058087095, 50.987354935698029 ] ] ] }, { "type": "Polygon", "coordinates": [ [ [ 6.323964246384946, 50.870112288783801 ], [ 6.32426844340668, 50.870657568729641 ], [ 6.332501231613128, 50.875329603383683 ], [ 6.37139468311432, 50.863323253365884 ], [ 6.364505441532082, 50.853099325355529 ], [ 6.334433893452032, 50.857332431685784 ], [ 6.324368677086319, 50.862645686154941 ], [ 6.323964246384946, 50.870112288783801 ] ] ] }, { "type": "Polygon", "coordinates": [ [ [ 6.291928303176967, 50.585995854361094 ], [ 6.314823940743586, 50.604036480700309 ], [ 6.335302220384497, 50.587048540179836 ], [ 6.335103502998107, 50.585532089647103 ], [ 6.325698828073666, 50.579712476701822 ], [ 6.291928303176967, 50.585995854361094 ] ] ] }, { "type": "Polygon", "coordinates": [ [ [ 6.314823940743586, 50.604036480700309 ], [ 6.314883969812318, 50.614945783566704 ], [ 6.324050952847165, 50.620438286112133 ], [ 6.344911382526225, 50.612114615362138 ], [ 6.350307939040706, 50.605726372751754 ], [ 6.335302220384497, 50.587048540179836 ], [ 6.314823940743586, 50.604036480700309 ] ] ] }, { "type": "Polygon", "coordinates": [ [ [ 6.32216620764838, 50.938850818419489 ], [ 6.320695548224067, 50.947310210070121 ], [ 6.330259376844879, 50.958369100430986 ], [ 6.346683418391383, 50.962673138629363 ], [ 6.35693399333558, 50.958122108412205 ], [ 6.361040804434426, 50.944480411849028 ], [ 6.342124981000819, 50.92754448230238 ], [ 6.32216620764838, 50.938850818419489 ] ] ] }, { "type": "Polygon", "coordinates": [ [ [ 6.317949244582891, 50.795184836903069 ], [ 6.316847248570986, 50.797880226239421 ], [ 6.33759671783294, 50.813487301574284 ], [ 6.370064759103045, 50.795263936804716 ], [ 6.373540046982203, 50.767551655015836 ], [ 6.361270445609754, 50.75870220592607 ], [ 6.317949244582891, 50.795184836903069 ] ] ] }, { "type": "Polygon", "coordinates": [ [ [ 6.312929943166164, 50.902625272170454 ], [ 6.314202691481963, 50.905707505871526 ], [ 6.342326731262721, 50.918628939798587 ], [ 6.347537235672528, 50.910061535601571 ], [ 6.341384059532395, 50.884752073094923 ], [ 6.332501231613128, 50.875329603383683 ], [ 6.32426844340668, 50.870657568729641 ], [ 6.312929943166164, 50.902625272170454 ] ] ] }, { "type": "Polygon", "coordinates": [ [ [ 6.313875128984218, 50.692658878159207 ], [ 6.317858139187699, 50.707139316512446 ], [ 6.327118929836757, 50.712678491541993 ], [ 6.392956533197975, 50.695478116426045 ], [ 6.398515967224241, 50.679875834658937 ], [ 6.379681577486431, 50.655677308924311 ], [ 6.369657025850351, 50.654365685334518 ], [ 6.344204669630098, 50.664250690997953 ], [ 6.33214601694409, 50.672269819079148 ], [ 6.313875128984218, 50.692658878159207 ] ] ] }, { "type": "Polygon", "coordinates": [ [ [ 6.330992361279671, 51.047375212878137 ], [ 6.315569246275912, 51.06645805181288 ], [ 6.330951810630283, 51.077441054542042 ], [ 6.336585996136112, 51.072173293056977 ], [ 6.332396689369492, 51.047268220417507 ], [ 6.330992361279671, 51.047375212878137 ] ] ] }, { "type": "Polygon", "coordinates": [ [ [ 6.320747106818407, 50.977251027576379 ], [ 6.329983058087095, 50.987354935698029 ], [ 6.330677532671049, 50.987647614050793 ], [ 6.338531251176841, 50.98417799181302 ], [ 6.346683418391383, 50.962673138629363 ], [ 6.330259376844879, 50.958369100430986 ], [ 6.320747106818407, 50.977251027576379 ] ] ] }, { "type": "Polygon", "coordinates": [ [ [ 6.317295705481475, 51.269942597557282 ], [ 6.327861602868307, 51.272991983392053 ], [ 6.359967753453568, 51.253227592491385 ], [ 6.35626348487527, 51.241344298979456 ], [ 6.314431603387838, 51.252905613374892 ], [ 6.317295705481475, 51.269942597557282 ] ] ] }, { "type": "Polygon", "coordinates": [ [ [ 6.321608349512183, 50.854988750779903 ], [ 6.324368677086319, 50.862645686154941 ], [ 6.334433893452032, 50.857332431685784 ], [ 6.359360250578578, 50.833845072242333 ], [ 6.338582547767631, 50.817521126805659 ], [ 6.321608349512183, 50.854988750779903 ] ] ] }, { "type": "Polygon", "coordinates": [ [ [ 6.330677532671049, 50.987647614050793 ], [ 6.333262176963361, 51.013581672134784 ], [ 6.341981707228464, 51.018319466846691 ], [ 6.351665911205562, 51.015370960908605 ], [ 6.357146406899273, 50.993778906389018 ], [ 6.355910585646503, 50.991856800949648 ], [ 6.338531251176841, 50.98417799181302 ], [ 6.330677532671049, 50.987647614050793 ] ] ] }, { "type": "Polygon", "coordinates": [ [ [ 6.324050952847165, 50.620438286112133 ], [ 6.33214601694409, 50.672269819079148 ], [ 6.344204669630098, 50.664250690997953 ], [ 6.344911382526225, 50.612114615362138 ], [ 6.324050952847165, 50.620438286112133 ] ] ] }, { "type": "Polygon", "coordinates": [ [ [ 6.328249089807727, 51.183469659912831 ], [ 6.323112665228837, 51.221097231360226 ], [ 6.323114917969362, 51.221107756963853 ], [ 6.35507212746139, 51.228486845117182 ], [ 6.365394756853712, 51.21635060923019 ], [ 6.364598041870266, 51.203630453306978 ], [ 6.350363089756716, 51.181325641541321 ], [ 6.328249089807727, 51.183469659912831 ] ] ] }, { "type": "Polygon", "coordinates": [ [ [ 6.336585996136112, 51.072173293056977 ], [ 6.330951810630283, 51.077441054542042 ], [ 6.329585044457416, 51.093253018032193 ], [ 6.342962655324915, 51.099708315633293 ], [ 6.356006185937553, 51.089728082226372 ], [ 6.356606512754361, 51.070456052036626 ], [ 6.336585996136112, 51.072173293056977 ] ] ] }, { "type": "Polygon", "coordinates": [ [ [ 6.309434235847907, 50.458918210448445 ], [ 6.329887966259425, 50.482243959167775 ], [ 6.419135776750323, 50.444400053033277 ], [ 6.410559444765721, 50.423555225655278 ], [ 6.309434235847907, 50.458918210448445 ] ] ] }, { "type": "Polygon", "coordinates": [ [ [ 6.335103502998107, 50.585532089647103 ], [ 6.335302220384497, 50.587048540179836 ], [ 6.350307939040706, 50.605726372751754 ], [ 6.359301252517384, 50.606423984954318 ], [ 6.368964699810584, 50.598801747123879 ], [ 6.366013587198911, 50.54638121477786 ], [ 6.365157652154044, 50.545377901522592 ], [ 6.335103502998107, 50.585532089647103 ] ] ] }, { "type": "Polygon", "coordinates": [ [ [ 6.338835513600197, 51.043836664354217 ], [ 6.332396689369492, 51.047268220417507 ], [ 6.336585996136112, 51.072173293056977 ], [ 6.356606512754361, 51.070456052036626 ], [ 6.366773613341117, 51.056824984737943 ], [ 6.338835513600197, 51.043836664354217 ] ] ] }, { "type": "Polygon", "coordinates": [ [ [ 6.347537235672528, 50.910061535601571 ], [ 6.342326731262721, 50.918628939798587 ], [ 6.342124981000819, 50.92754448230238 ], [ 6.361040804434426, 50.944480411849028 ], [ 6.373781912490835, 50.939109483831352 ], [ 6.382201564236281, 50.932574787580151 ], [ 6.384916146473041, 50.90725459278665 ], [ 6.383775744706504, 50.905702757623793 ], [ 6.347537235672528, 50.910061535601571 ] ] ] }, { "type": "Polygon", "coordinates": [ [ [ 6.33370644162903, 51.417955608214001 ], [ 6.244339346864587, 51.58367699644527 ], [ 6.190072226939209, 51.780240240391855 ], [ 6.409096635012108, 51.384044897723271 ], [ 6.406197091545663, 51.378039698744118 ], [ 6.387860771451551, 51.373690325643338 ], [ 6.33370644162903, 51.417955608214001 ] ] ] }, { "type": "Polygon", "coordinates": [ [ [ 6.312927626746916, 51.32593462516575 ], [ 6.312674172235944, 51.330388486887429 ], [ 6.352659497949326, 51.353248921215602 ], [ 6.356897912733732, 51.334707811436587 ], [ 6.337891479377824, 51.31383058374599 ], [ 6.312927626746916, 51.32593462516575 ] ] ] }, { "type": "Polygon", "coordinates": [ [ [ 6.356897912733732, 51.334707811436587 ], [ 6.352659497949326, 51.353248921215602 ], [ 6.356423098729459, 51.36450690582339 ], [ 6.372757569779784, 51.358080140346082 ], [ 6.38310281380831, 51.340044249003178 ], [ 6.369296711526738, 51.3305883277947 ], [ 6.356897912733732, 51.334707811436587 ] ] ] }, { "type": "Polygon", "coordinates": [ [ [ 6.35507212746139, 51.228486845117182 ], [ 6.35626348487527, 51.241344298979456 ], [ 6.359967753453568, 51.253227592491385 ], [ 6.364624450197335, 51.256945177739823 ], [ 6.373419257432369, 51.254874086846876 ], [ 6.388501744578333, 51.245878917141276 ], [ 6.387571469785667, 51.221616169351478 ], [ 6.365394756853712, 51.21635060923019 ], [ 6.35507212746139, 51.228486845117182 ] ] ] }, { "type": "Polygon", "coordinates": [ [ [ 6.350307939040706, 50.605726372751754 ], [ 6.344911382526225, 50.612114615362138 ], [ 6.344204669630098, 50.664250690997953 ], [ 6.369657025850351, 50.654365685334518 ], [ 6.367903839150419, 50.624403925003776 ], [ 6.359301252517384, 50.606423984954318 ], [ 6.350307939040706, 50.605726372751754 ] ] ] }, { "type": "Polygon", "coordinates": [ [ [ 6.327861602868307, 51.272991983392053 ], [ 6.34175625234787, 51.292459110842564 ], [ 6.364213244085983, 51.283362765885464 ], [ 6.368544018648425, 51.273261620792958 ], [ 6.364624450197335, 51.256945177739823 ], [ 6.359967753453568, 51.253227592491385 ], [ 6.327861602868307, 51.272991983392053 ] ] ] }, { "type": "Polygon", "coordinates": [ [ [ 6.344385026476693, 51.105385416953609 ], [ 6.338969365417445, 51.132344697486971 ], [ 6.373192236370071, 51.123191291346934 ], [ 6.370543648445827, 51.114899404728845 ], [ 6.344385026476693, 51.105385416953609 ] ] ] }, { "type": "Polygon", "coordinates": [ [ [ 6.346683418391383, 50.962673138629363 ], [ 6.338531251176841, 50.98417799181302 ], [ 6.355910585646503, 50.991856800949648 ], [ 6.363210731914526, 50.966855106163379 ], [ 6.35693399333558, 50.958122108412205 ], [ 6.346683418391383, 50.962673138629363 ] ] ] }, { "type": "Polygon", "coordinates": [ [ [ 6.341981707228464, 51.018319466846691 ], [ 6.338835513600197, 51.043836664354217 ], [ 6.366773613341117, 51.056824984737943 ], [ 6.377659674278559, 51.053631985275246 ], [ 6.382277470280408, 51.035581549262218 ], [ 6.372627664750381, 51.023702868881387 ], [ 6.351665911205562, 51.015370960908605 ], [ 6.341981707228464, 51.018319466846691 ] ] ] }, { "type": "Polygon", "coordinates": [ [ [ 6.342962655324915, 51.099708315633293 ], [ 6.344385026476693, 51.105385416953609 ], [ 6.370543648445827, 51.114899404728845 ], [ 6.373104028788005, 51.102565998192219 ], [ 6.360484127198962, 51.091315771844236 ], [ 6.356006185937553, 51.089728082226372 ], [ 6.342962655324915, 51.099708315633293 ] ] ] }, { "type": "Polygon", "coordinates": [ [ [ 6.338969365417445, 51.132344697486971 ], [ 6.337182110415134, 51.134663362820113 ], [ 6.344979206256408, 51.143326885352245 ], [ 6.388302078283212, 51.141193243054886 ], [ 6.387318883970431, 51.134332852482117 ], [ 6.373192236370071, 51.123191291346934 ], [ 6.338969365417445, 51.132344697486971 ] ] ] }, { "type": "Polygon", "coordinates": [ [ [ 6.337891479377824, 51.31383058374599 ], [ 6.356897912733732, 51.334707811436587 ], [ 6.369296711526738, 51.3305883277947 ], [ 6.37215873667433, 51.309718732629406 ], [ 6.339489870338435, 51.311635781595413 ], [ 6.337891479377824, 51.31383058374599 ] ] ] }, { "type": "Polygon", "coordinates": [ [ [ 6.338582547767631, 50.817521126805659 ], [ 6.359360250578578, 50.833845072242333 ], [ 6.362552687103113, 50.834565749101564 ], [ 6.386461563981269, 50.823190277250021 ], [ 6.370064759103045, 50.795263936804716 ], [ 6.33759671783294, 50.813487301574284 ], [ 6.338582547767631, 50.817521126805659 ] ] ] }, { "type": "Polygon", "coordinates": [ [ [ 6.344979206256408, 51.143326885352245 ], [ 6.35677598211984, 51.170970343148191 ], [ 6.392996108406323, 51.156030823119792 ], [ 6.393321850006765, 51.154833229970549 ], [ 6.388302078283212, 51.141193243054886 ], [ 6.344979206256408, 51.143326885352245 ] ] ] }, { "type": "Polygon", "coordinates": [ [ [ 6.34175625234787, 51.292459110842564 ], [ 6.339489870338435, 51.311635781595413 ], [ 6.37215873667433, 51.309718732629406 ], [ 6.376139315693899, 51.306519693135449 ], [ 6.364213244085983, 51.283362765885464 ], [ 6.34175625234787, 51.292459110842564 ] ] ] }, { "type": "Polygon", "coordinates": [ [ [ 6.355910585646503, 50.991856800949648 ], [ 6.357146406899273, 50.993778906389018 ], [ 6.377385415223612, 50.992862087563331 ], [ 6.381971895991321, 50.976568678570615 ], [ 6.363210731914526, 50.966855106163379 ], [ 6.355910585646503, 50.991856800949648 ] ] ] }, { "type": "Polygon", "coordinates": [ [ [ 6.356606512754361, 51.070456052036626 ], [ 6.356006185937553, 51.089728082226372 ], [ 6.360484127198962, 51.091315771844236 ], [ 6.380556643642222, 51.081433553709587 ], [ 6.381850510384722, 51.058301984697579 ], [ 6.377659674278559, 51.053631985275246 ], [ 6.366773613341117, 51.056824984737943 ], [ 6.356606512754361, 51.070456052036626 ] ] ] }, { "type": "Polygon", "coordinates": [ [ [ 6.359360250578578, 50.833845072242333 ], [ 6.334433893452032, 50.857332431685784 ], [ 6.364505441532082, 50.853099325355529 ], [ 6.362552687103113, 50.834565749101564 ], [ 6.359360250578578, 50.833845072242333 ] ] ] }, { "type": "Polygon", "coordinates": [ [ [ 6.37139468311432, 50.863323253365884 ], [ 6.332501231613128, 50.875329603383683 ], [ 6.341384059532395, 50.884752073094923 ], [ 6.377577733195549, 50.886245328902596 ], [ 6.378438654937328, 50.866990080285724 ], [ 6.37139468311432, 50.863323253365884 ] ] ] }, { "type": "Polygon", "coordinates": [ [ [ 6.341384059532395, 50.884752073094923 ], [ 6.347537235672528, 50.910061535601571 ], [ 6.383775744706504, 50.905702757623793 ], [ 6.382511250753605, 50.896133447451419 ], [ 6.377577733195549, 50.886245328902596 ], [ 6.341384059532395, 50.884752073094923 ] ] ] }, { "type": "Polygon", "coordinates": [ [ [ 6.35693399333558, 50.958122108412205 ], [ 6.363210731914526, 50.966855106163379 ], [ 6.381971895991321, 50.976568678570615 ], [ 6.390801144809529, 50.972564378713791 ], [ 6.373781912490835, 50.939109483831352 ], [ 6.361040804434426, 50.944480411849028 ], [ 6.35693399333558, 50.958122108412205 ] ] ] }, { "type": "Polygon", "coordinates": [ [ [ 6.362552687103113, 50.834565749101564 ], [ 6.364505441532082, 50.853099325355529 ], [ 6.37139468311432, 50.863323253365884 ], [ 6.378438654937328, 50.866990080285724 ], [ 6.38036371522326, 50.865590908881352 ], [ 6.395441293723525, 50.837844132021715 ], [ 6.389469919184192, 50.825003502492358 ], [ 6.387910933659722, 50.823771015755867 ], [ 6.386461563981269, 50.823190277250021 ], [ 6.362552687103113, 50.834565749101564 ] ] ] }, { "type": "Polygon", "coordinates": [ [ [ 6.35677598211984, 51.170970343148191 ], [ 6.350363089756716, 51.181325641541321 ], [ 6.364598041870266, 51.203630453306978 ], [ 6.389295533536076, 51.189077932170832 ], [ 6.399516628502618, 51.172722965068417 ], [ 6.392996108406323, 51.156030823119792 ], [ 6.35677598211984, 51.170970343148191 ] ] ] }, { "type": "Polygon", "coordinates": [ [ [ 6.365157652154044, 50.545377901522592 ], [ 6.366013587198911, 50.54638121477786 ], [ 6.406118781699887, 50.571289066249008 ], [ 6.426676440612455, 50.557879524772183 ], [ 6.42844675322741, 50.551398403465136 ], [ 6.394319951355109, 50.528634864797006 ], [ 6.358228385672587, 50.522113599428771 ], [ 6.365157652154044, 50.545377901522592 ] ] ] }, { "type": "Polygon", "coordinates": [ [ [ 6.327118929836757, 50.712678491541993 ], [ 6.34704537683244, 50.732983015274328 ], [ 6.381347140331108, 50.724249594361169 ], [ 6.398284677357116, 50.707213963380752 ], [ 6.392956533197975, 50.695478116426045 ], [ 6.327118929836757, 50.712678491541993 ] ] ] }, { "type": "Polygon", "coordinates": [ [ [ 6.34704537683244, 50.732983015274328 ], [ 6.361270445609754, 50.75870220592607 ], [ 6.373540046982203, 50.767551655015836 ], [ 6.392440173044733, 50.765694562110774 ], [ 6.40668819521702, 50.73604103855218 ], [ 6.381347140331108, 50.724249594361169 ], [ 6.34704537683244, 50.732983015274328 ] ] ] }, { "type": "Polygon", "coordinates": [ [ [ 6.373104028788005, 51.102565998192219 ], [ 6.370543648445827, 51.114899404728845 ], [ 6.373192236370071, 51.123191291346934 ], [ 6.387318883970431, 51.134332852482117 ], [ 6.399698975047508, 51.117017294479247 ], [ 6.400520803378725, 51.107588938932885 ], [ 6.397105201626802, 51.098986253899788 ], [ 6.385645359822561, 51.095114808609601 ], [ 6.373104028788005, 51.102565998192219 ] ] ] }, { "type": "Polygon", "coordinates": [ [ [ 6.360484127198962, 51.091315771844236 ], [ 6.373104028788005, 51.102565998192219 ], [ 6.385645359822561, 51.095114808609601 ], [ 6.380556643642222, 51.081433553709587 ], [ 6.360484127198962, 51.091315771844236 ] ] ] }, { "type": "Polygon", "coordinates": [ [ [ 6.378438654937328, 50.866990080285724 ], [ 6.377577733195549, 50.886245328902596 ], [ 6.382511250753605, 50.896133447451419 ], [ 6.416835590887805, 50.871951008941572 ], [ 6.38036371522326, 50.865590908881352 ], [ 6.378438654937328, 50.866990080285724 ] ] ] }, { "type": "Polygon", "coordinates": [ [ [ 6.357146406899273, 50.993778906389018 ], [ 6.351665911205562, 51.015370960908605 ], [ 6.372627664750381, 51.023702868881387 ], [ 6.379417620100159, 50.996652784263922 ], [ 6.377385415223612, 50.992862087563331 ], [ 6.357146406899273, 50.993778906389018 ] ] ] }, { "type": "Polygon", "coordinates": [ [ [ 6.376139315693899, 51.306519693135449 ], [ 6.37215873667433, 51.309718732629406 ], [ 6.369296711526738, 51.3305883277947 ], [ 6.38310281380831, 51.340044249003178 ], [ 6.408484808831885, 51.33270103021254 ], [ 6.410379632017007, 51.328261191405467 ], [ 6.400572846111684, 51.306375037543823 ], [ 6.376139315693899, 51.306519693135449 ] ] ] }, { "type": "Polygon", "coordinates": [ [ [ 6.383775744706504, 50.905702757623793 ], [ 6.384916146473041, 50.90725459278665 ], [ 6.423305156048652, 50.908162333153591 ], [ 6.430335029384393, 50.8731632512159 ], [ 6.422813659426337, 50.870729617250362 ], [ 6.416835590887805, 50.871951008941572 ], [ 6.382511250753605, 50.896133447451419 ], [ 6.383775744706504, 50.905702757623793 ] ] ] }, { "type": "Polygon", "coordinates": [ [ [ 6.356423098729459, 51.36450690582339 ], [ 6.33370644162903, 51.417955608214001 ], [ 6.387860771451551, 51.373690325643338 ], [ 6.380598684918867, 51.362083008252903 ], [ 6.372757569779784, 51.358080140346082 ], [ 6.356423098729459, 51.36450690582339 ] ] ] }, { "type": "Polygon", "coordinates": [ [ [ 6.368544018648425, 51.273261620792958 ], [ 6.364213244085983, 51.283362765885464 ], [ 6.376139315693899, 51.306519693135449 ], [ 6.400572846111684, 51.306375037543823 ], [ 6.401272652499252, 51.304080779321801 ], [ 6.383722694178064, 51.277857269940746 ], [ 6.368544018648425, 51.273261620792958 ] ] ] }, { "type": "Polygon", "coordinates": [ [ [ 6.377659674278559, 51.053631985275246 ], [ 6.381850510384722, 51.058301984697579 ], [ 6.402764047209383, 51.066916566937884 ], [ 6.417461560413015, 51.064327260914055 ], [ 6.430903019656762, 51.054757480528828 ], [ 6.431588537568234, 51.04956969208915 ], [ 6.42371428671562, 51.029365705511829 ], [ 6.408063754428572, 51.022537494919959 ], [ 6.382277470280408, 51.035581549262218 ], [ 6.377659674278559, 51.053631985275246 ] ] ] }, { "type": "Polygon", "coordinates": [ [ [ 6.387318883970431, 51.134332852482117 ], [ 6.388302078283212, 51.141193243054886 ], [ 6.393321850006765, 51.154833229970549 ], [ 6.421044380990692, 51.14640395132475 ], [ 6.431928589192525, 51.131554686708085 ], [ 6.432848693887508, 51.124394118073319 ], [ 6.399698975047508, 51.117017294479247 ], [ 6.387318883970431, 51.134332852482117 ] ] ] }, { "type": "Polygon", "coordinates": [ [ [ 6.372627664750381, 51.023702868881387 ], [ 6.382277470280408, 51.035581549262218 ], [ 6.408063754428572, 51.022537494919959 ], [ 6.40607599698299, 51.004062760957787 ], [ 6.379417620100159, 50.996652784263922 ], [ 6.372627664750381, 51.023702868881387 ] ] ] }, { "type": "Polygon", "coordinates": [ [ [ 6.381850510384722, 51.058301984697579 ], [ 6.380556643642222, 51.081433553709587 ], [ 6.385645359822561, 51.095114808609601 ], [ 6.397105201626802, 51.098986253899788 ], [ 6.402573087666806, 51.090348460804648 ], [ 6.402764047209383, 51.066916566937884 ], [ 6.381850510384722, 51.058301984697579 ] ] ] }, { "type": "Polygon", "coordinates": [ [ [ 6.382201564236281, 50.932574787580151 ], [ 6.373781912490835, 50.939109483831352 ], [ 6.390801144809529, 50.972564378713791 ], [ 6.394365538904845, 50.972166687229411 ], [ 6.404787975863476, 50.961046789954516 ], [ 6.402345344794875, 50.943896919494719 ], [ 6.382201564236281, 50.932574787580151 ] ] ] }, { "type": "Polygon", "coordinates": [ [ [ 6.377385415223612, 50.992862087563331 ], [ 6.379417620100159, 50.996652784263922 ], [ 6.40607599698299, 51.004062760957787 ], [ 6.409592872761666, 50.995613254230769 ], [ 6.394365538904845, 50.972166687229411 ], [ 6.390801144809529, 50.972564378713791 ], [ 6.381971895991321, 50.976568678570615 ], [ 6.377385415223612, 50.992862087563331 ] ] ] }, { "type": "Polygon", "coordinates": [ [ [ 6.373540046982203, 50.767551655015836 ], [ 6.370064759103045, 50.795263936804716 ], [ 6.386461563981269, 50.823190277250021 ], [ 6.387910933659722, 50.823771015755867 ], [ 6.412341949244961, 50.781479789149572 ], [ 6.412470986065305, 50.776444582751367 ], [ 6.392440173044733, 50.765694562110774 ], [ 6.373540046982203, 50.767551655015836 ] ] ] }, { "type": "Polygon", "coordinates": [ [ [ 6.359301252517384, 50.606423984954318 ], [ 6.367903839150419, 50.624403925003776 ], [ 6.412572613565869, 50.610319174814506 ], [ 6.405999156987659, 50.599251798614752 ], [ 6.368964699810584, 50.598801747123879 ], [ 6.359301252517384, 50.606423984954318 ] ] ] }, { "type": "Polygon", "coordinates": [ [ [ 6.364598041870266, 51.203630453306978 ], [ 6.365394756853712, 51.21635060923019 ], [ 6.387571469785667, 51.221616169351478 ], [ 6.401053023504926, 51.218165504373559 ], [ 6.389295533536076, 51.189077932170832 ], [ 6.364598041870266, 51.203630453306978 ] ] ] }, { "type": "Polygon", "coordinates": [ [ [ 6.369657025850351, 50.654365685334518 ], [ 6.379681577486431, 50.655677308924311 ], [ 6.422349450884615, 50.621632973731984 ], [ 6.412572613565869, 50.610319174814506 ], [ 6.367903839150419, 50.624403925003776 ], [ 6.369657025850351, 50.654365685334518 ] ] ] }, { "type": "Polygon", "coordinates": [ [ [ 6.408484808831885, 51.33270103021254 ], [ 6.38310281380831, 51.340044249003178 ], [ 6.372757569779784, 51.358080140346082 ], [ 6.380598684918867, 51.362083008252903 ], [ 6.406010362208503, 51.357096558677959 ], [ 6.4102674598427, 51.344102464141734 ], [ 6.408484808831885, 51.33270103021254 ] ] ] }, { "type": "Polygon", "coordinates": [ [ [ 6.373419257432369, 51.254874086846876 ], [ 6.364624450197335, 51.256945177739823 ], [ 6.368544018648425, 51.273261620792958 ], [ 6.383722694178064, 51.277857269940746 ], [ 6.398178514468887, 51.26668460972882 ], [ 6.373419257432369, 51.254874086846876 ] ] ] }, { "type": "Polygon", "coordinates": [ [ [ 6.383722694178064, 51.277857269940746 ], [ 6.401272652499252, 51.304080779321801 ], [ 6.409156839168156, 51.293669353871636 ], [ 6.409824993071136, 51.264349043791022 ], [ 6.398178514468887, 51.26668460972882 ], [ 6.383722694178064, 51.277857269940746 ] ] ] }, { "type": "Polygon", "coordinates": [ [ [ 6.368964699810584, 50.598801747123879 ], [ 6.405999156987659, 50.599251798614752 ], [ 6.406118781699887, 50.571289066249008 ], [ 6.366013587198911, 50.54638121477786 ], [ 6.368964699810584, 50.598801747123879 ] ] ] }, { "type": "Polygon", "coordinates": [ [ [ 6.379681577486431, 50.655677308924311 ], [ 6.398515967224241, 50.679875834658937 ], [ 6.41169998424114, 50.678861932737732 ], [ 6.446719637551728, 50.661273726943691 ], [ 6.448102667813394, 50.653837626991198 ], [ 6.438240266482532, 50.62633261439619 ], [ 6.422349450884615, 50.621632973731984 ], [ 6.379681577486431, 50.655677308924311 ] ] ] }, { "type": "Polygon", "coordinates": [ [ [ 6.398515967224241, 50.679875834658937 ], [ 6.392956533197975, 50.695478116426045 ], [ 6.398284677357116, 50.707213963380752 ], [ 6.418455904668146, 50.723857524495713 ], [ 6.426348893705037, 50.72270916885136 ], [ 6.430174064256819, 50.717702695568001 ], [ 6.41169998424114, 50.678861932737732 ], [ 6.398515967224241, 50.679875834658937 ] ] ] }, { "type": "Polygon", "coordinates": [ [ [ 6.405999156987659, 50.599251798614752 ], [ 6.412572613565869, 50.610319174814506 ], [ 6.422349450884615, 50.621632973731984 ], [ 6.438240266482532, 50.62633261439619 ], [ 6.46936495946322, 50.595771365690702 ], [ 6.468140942263452, 50.588713698154265 ], [ 6.426676440612455, 50.557879524772183 ], [ 6.406118781699887, 50.571289066249008 ], [ 6.405999156987659, 50.599251798614752 ] ] ] }, { "type": "Polygon", "coordinates": [ [ [ 6.388501744578333, 51.245878917141276 ], [ 6.373419257432369, 51.254874086846876 ], [ 6.398178514468887, 51.26668460972882 ], [ 6.409824993071136, 51.264349043791022 ], [ 6.416242753132749, 51.254460992386178 ], [ 6.388501744578333, 51.245878917141276 ] ] ] }, { "type": "Polygon", "coordinates": [ [ [ 6.399516628502618, 51.172722965068417 ], [ 6.389295533536076, 51.189077932170832 ], [ 6.401053023504926, 51.218165504373559 ], [ 6.402331177461824, 51.218264739162422 ], [ 6.421830480331339, 51.205142921608235 ], [ 6.421319451482717, 51.196835310410911 ], [ 6.417018951455346, 51.185312554931549 ], [ 6.399516628502618, 51.172722965068417 ] ] ] }, { "type": "Polygon", "coordinates": [ [ [ 6.190072226939209, 51.780240240391855 ], [ 5.88070047625414, 52.729279028564747 ], [ 6.195187127326004, 52.2733848977999 ], [ 6.406410748364, 51.813530835804251 ], [ 6.459874135085749, 51.428696314257564 ], [ 6.430168921869688, 51.383360791713734 ], [ 6.409096635012108, 51.384044897723271 ], [ 6.190072226939209, 51.780240240391855 ] ] ] }, { "type": "Polygon", "coordinates": [ [ [ 6.406010362208503, 51.357096558677959 ], [ 6.406197091545663, 51.378039698744118 ], [ 6.409096635012108, 51.384044897723271 ], [ 6.430168921869688, 51.383360791713734 ], [ 6.441054819750438, 51.36615520785648 ], [ 6.4102674598427, 51.344102464141734 ], [ 6.406010362208503, 51.357096558677959 ] ] ] }, { "type": "Polygon", "coordinates": [ [ [ 6.406197091545663, 51.378039698744118 ], [ 6.406010362208503, 51.357096558677959 ], [ 6.380598684918867, 51.362083008252903 ], [ 6.387860771451551, 51.373690325643338 ], [ 6.406197091545663, 51.378039698744118 ] ] ] }, { "type": "Polygon", "coordinates": [ [ [ 6.381347140331108, 50.724249594361169 ], [ 6.40668819521702, 50.73604103855218 ], [ 6.418455904668146, 50.723857524495713 ], [ 6.398284677357116, 50.707213963380752 ], [ 6.381347140331108, 50.724249594361169 ] ] ] }, { "type": "Polygon", "coordinates": [ [ [ 6.387571469785667, 51.221616169351478 ], [ 6.388501744578333, 51.245878917141276 ], [ 6.416242753132749, 51.254460992386178 ], [ 6.417199185441246, 51.253829021000591 ], [ 6.402331177461824, 51.218264739162422 ], [ 6.401053023504926, 51.218165504373559 ], [ 6.387571469785667, 51.221616169351478 ] ] ] }, { "type": "Polygon", "coordinates": [ [ [ 5.214378833824424, 48.298109999876601 ], [ 6.39529964674864, 50.323499732259734 ], [ 6.477174420363712, 50.378459190768751 ], [ 6.536785943781583, 50.282764135444637 ], [ 6.563945880559547, 50.194399081648868 ], [ 6.648007943670012, 48.298109999876601 ], [ 5.214378833824424, 48.298109999876601 ] ] ] }, { "type": "Polygon", "coordinates": [ [ [ 6.410379632017007, 51.328261191405467 ], [ 6.408484808831885, 51.33270103021254 ], [ 6.4102674598427, 51.344102464141734 ], [ 6.441054819750438, 51.36615520785648 ], [ 6.470489521252249, 51.353069482882098 ], [ 6.458251692083826, 51.321617064286443 ], [ 6.410379632017007, 51.328261191405467 ] ] ] }, { "type": "Polygon", "coordinates": [ [ [ 6.401272652499252, 51.304080779321801 ], [ 6.400572846111684, 51.306375037543823 ], [ 6.410379632017007, 51.328261191405467 ], [ 6.458251692083826, 51.321617064286443 ], [ 6.460861424017343, 51.31359833288235 ], [ 6.446333164509913, 51.291763498194904 ], [ 6.41722003106587, 51.292374873948198 ], [ 6.409156839168156, 51.293669353871636 ], [ 6.401272652499252, 51.304080779321801 ] ] ] }, { "type": "Polygon", "coordinates": [ [ [ 6.409824993071136, 51.264349043791022 ], [ 6.409156839168156, 51.293669353871636 ], [ 6.41722003106587, 51.292374873948198 ], [ 6.444147748512833, 51.253276056749733 ], [ 6.444153500619906, 51.252496119034959 ], [ 6.443782615559224, 51.251758190985662 ], [ 6.417199185441246, 51.253829021000591 ], [ 6.416242753132749, 51.254460992386178 ], [ 6.409824993071136, 51.264349043791022 ] ] ] }, { "type": "Polygon", "coordinates": [ [ [ 6.384916146473041, 50.90725459278665 ], [ 6.382201564236281, 50.932574787580151 ], [ 6.402345344794875, 50.943896919494719 ], [ 6.430743666079579, 50.926839486649278 ], [ 6.433726728075587, 50.924113490915083 ], [ 6.423305156048652, 50.908162333153591 ], [ 6.384916146473041, 50.90725459278665 ] ] ] }, { "type": "Polygon", "coordinates": [ [ [ 6.393321850006765, 51.154833229970549 ], [ 6.392996108406323, 51.156030823119792 ], [ 6.399516628502618, 51.172722965068417 ], [ 6.417018951455346, 51.185312554931549 ], [ 6.434565722899945, 51.171702232892713 ], [ 6.436057640167444, 51.161332440607225 ], [ 6.421044380990692, 51.14640395132475 ], [ 6.393321850006765, 51.154833229970549 ] ] ] }, { "type": "Polygon", "coordinates": [ [ [ 6.389469919184192, 50.825003502492358 ], [ 6.395441293723525, 50.837844132021715 ], [ 6.400076432105347, 50.840192904558457 ], [ 6.428158955877884, 50.834176362980344 ], [ 6.42986402504681, 50.819353170388709 ], [ 6.428404783677825, 50.81588616178626 ], [ 6.421632251696428, 50.812645088241055 ], [ 6.389469919184192, 50.825003502492358 ] ] ] }, { "type": "Polygon", "coordinates": [ [ [ 6.387910933659722, 50.823771015755867 ], [ 6.389469919184192, 50.825003502492358 ], [ 6.421632251696428, 50.812645088241055 ], [ 6.412341949244961, 50.781479789149572 ], [ 6.387910933659722, 50.823771015755867 ] ] ] }, { "type": "Polygon", "coordinates": [ [ [ 6.392440173044733, 50.765694562110774 ], [ 6.412470986065305, 50.776444582751367 ], [ 6.420221107844139, 50.774949523763034 ], [ 6.441206281613494, 50.751572590174391 ], [ 6.442116014978096, 50.748691161003535 ], [ 6.426348893705037, 50.72270916885136 ], [ 6.418455904668146, 50.723857524495713 ], [ 6.40668819521702, 50.73604103855218 ], [ 6.392440173044733, 50.765694562110774 ] ] ] }, { "type": "Polygon", "coordinates": [ [ [ 6.402331177461824, 51.218264739162422 ], [ 6.417199185441246, 51.253829021000591 ], [ 6.443782615559224, 51.251758190985662 ], [ 6.446139689059192, 51.246131279860933 ], [ 6.443938618758422, 51.220543180290541 ], [ 6.421830480331339, 51.205142921608235 ], [ 6.402331177461824, 51.218264739162422 ] ] ] }, { "type": "Polygon", "coordinates": [ [ [ 6.395441293723525, 50.837844132021715 ], [ 6.38036371522326, 50.865590908881352 ], [ 6.416835590887805, 50.871951008941572 ], [ 6.422813659426337, 50.870729617250362 ], [ 6.400076432105347, 50.840192904558457 ], [ 6.395441293723525, 50.837844132021715 ] ] ] }, { "type": "Polygon", "coordinates": [ [ [ 6.409592872761666, 50.995613254230769 ], [ 6.40607599698299, 51.004062760957787 ], [ 6.408063754428572, 51.022537494919959 ], [ 6.42371428671562, 51.029365705511829 ], [ 6.431906931647996, 51.022446466032946 ], [ 6.440594296785745, 50.997708051755239 ], [ 6.418757575864279, 50.990917234671876 ], [ 6.409592872761666, 50.995613254230769 ] ] ] }, { "type": "Polygon", "coordinates": [ [ [ 6.404787975863476, 50.961046789954516 ], [ 6.394365538904845, 50.972166687229411 ], [ 6.409592872761666, 50.995613254230769 ], [ 6.418757575864279, 50.990917234671876 ], [ 6.425734192754454, 50.968956623381125 ], [ 6.420732177670887, 50.965362782051507 ], [ 6.404787975863476, 50.961046789954516 ] ] ] }, { "type": "Polygon", "coordinates": [ [ [ 6.410559444765721, 50.423555225655278 ], [ 6.419135776750323, 50.444400053033277 ], [ 6.42860141166808, 50.456116230979134 ], [ 6.448740417521773, 50.446376534440944 ], [ 6.458017217600845, 50.414077429808685 ], [ 6.423103494177382, 50.395183537534493 ], [ 6.410559444765721, 50.423555225655278 ] ] ] }, { "type": "Polygon", "coordinates": [ [ [ 6.341725243933785, 50.493411699534512 ], [ 6.358228385672587, 50.522113599428771 ], [ 6.394319951355109, 50.528634864797006 ], [ 6.427895663912, 50.524008664736058 ], [ 6.432069547426703, 50.513051050016344 ], [ 6.407451846708633, 50.487944084418181 ], [ 6.341725243933785, 50.493411699534512 ] ] ] }, { "type": "Polygon", "coordinates": [ [ [ 6.402764047209383, 51.066916566937884 ], [ 6.402573087666806, 51.090348460804648 ], [ 6.423111453994936, 51.089821437984163 ], [ 6.417461560413015, 51.064327260914055 ], [ 6.402764047209383, 51.066916566937884 ] ] ] }, { "type": "Polygon", "coordinates": [ [ [ 6.402573087666806, 51.090348460804648 ], [ 6.397105201626802, 51.098986253899788 ], [ 6.400520803378725, 51.107588938932885 ], [ 6.433406278720596, 51.099647208315261 ], [ 6.423111453994936, 51.089821437984163 ], [ 6.402573087666806, 51.090348460804648 ] ] ] }, { "type": "Polygon", "coordinates": [ [ [ 6.402345344794875, 50.943896919494719 ], [ 6.404787975863476, 50.961046789954516 ], [ 6.420732177670887, 50.965362782051507 ], [ 6.430743666079579, 50.926839486649278 ], [ 6.402345344794875, 50.943896919494719 ] ] ] }, { "type": "Polygon", "coordinates": [ [ [ 6.407451846708633, 50.487944084418181 ], [ 6.432069547426703, 50.513051050016344 ], [ 6.445645896415177, 50.511162307070194 ], [ 6.454032073567859, 50.483058558768747 ], [ 6.425789643936343, 50.469390991407863 ], [ 6.407451846708633, 50.487944084418181 ] ] ] }, { "type": "Polygon", "coordinates": [ [ [ 6.400076432105347, 50.840192904558457 ], [ 6.422813659426337, 50.870729617250362 ], [ 6.430335029384393, 50.8731632512159 ], [ 6.431726661623555, 50.872436184690592 ], [ 6.438604284800305, 50.849980474053382 ], [ 6.428158955877884, 50.834176362980344 ], [ 6.400076432105347, 50.840192904558457 ] ] ] }, { "type": "Polygon", "coordinates": [ [ [ 6.394319951355109, 50.528634864797006 ], [ 6.42844675322741, 50.551398403465136 ], [ 6.428480759367607, 50.551335115540518 ], [ 6.427895663912, 50.524008664736058 ], [ 6.394319951355109, 50.528634864797006 ] ] ] }, { "type": "Polygon", "coordinates": [ [ [ 6.412341949244961, 50.781479789149572 ], [ 6.421632251696428, 50.812645088241055 ], [ 6.428404783677825, 50.81588616178626 ], [ 6.440042238116262, 50.804575323275991 ], [ 6.434404631563594, 50.783523986856466 ], [ 6.420221107844139, 50.774949523763034 ], [ 6.412470986065305, 50.776444582751367 ], [ 6.412341949244961, 50.781479789149572 ] ] ] }, { "type": "Polygon", "coordinates": [ [ [ 6.41169998424114, 50.678861932737732 ], [ 6.430174064256819, 50.717702695568001 ], [ 6.455417385416204, 50.69982710717553 ], [ 6.455278134490768, 50.684981403612021 ], [ 6.446719637551728, 50.661273726943691 ], [ 6.41169998424114, 50.678861932737732 ] ] ] }, { "type": "Polygon", "coordinates": [ [ [ 6.433726728075587, 50.924113490915083 ], [ 6.430743666079579, 50.926839486649278 ], [ 6.420732177670887, 50.965362782051507 ], [ 6.425734192754454, 50.968956623381125 ], [ 6.441023694394123, 50.967528538150013 ], [ 6.4468407936107, 50.95338454270734 ], [ 6.449158291365388, 50.929104576026518 ], [ 6.433726728075587, 50.924113490915083 ] ] ] }, { "type": "Polygon", "coordinates": [ [ [ 6.400520803378725, 51.107588938932885 ], [ 6.399698975047508, 51.117017294479247 ], [ 6.432848693887508, 51.124394118073319 ], [ 6.439435031955243, 51.114642654632462 ], [ 6.43506071855581, 51.100305842904312 ], [ 6.433406278720596, 51.099647208315261 ], [ 6.400520803378725, 51.107588938932885 ] ] ] }, { "type": "Polygon", "coordinates": [ [ [ 6.423111453994936, 51.089821437984163 ], [ 6.433406278720596, 51.099647208315261 ], [ 6.43506071855581, 51.100305842904312 ], [ 6.448253053764296, 51.08230099788814 ], [ 6.449795013056199, 51.076838880339729 ], [ 6.449246704435979, 51.073829433192934 ], [ 6.430903019656762, 51.054757480528828 ], [ 6.417461560413015, 51.064327260914055 ], [ 6.423111453994936, 51.089821437984163 ] ] ] }, { "type": "Polygon", "coordinates": [ [ [ 6.431928589192525, 51.131554686708085 ], [ 6.421044380990692, 51.14640395132475 ], [ 6.436057640167444, 51.161332440607225 ], [ 6.437174015524521, 51.160920453991075 ], [ 6.449733962369385, 51.146239196220307 ], [ 6.449825031571098, 51.145113530720927 ], [ 6.431928589192525, 51.131554686708085 ] ] ] }, { "type": "Polygon", "coordinates": [ [ [ 6.417018951455346, 51.185312554931549 ], [ 6.421319451482717, 51.196835310410911 ], [ 6.456537439629636, 51.183710928809454 ], [ 6.434565722899945, 51.171702232892713 ], [ 6.417018951455346, 51.185312554931549 ] ] ] }, { "type": "Polygon", "coordinates": [ [ [ 6.423305156048652, 50.908162333153591 ], [ 6.433726728075587, 50.924113490915083 ], [ 6.449158291365388, 50.929104576026518 ], [ 6.455486224521441, 50.927273108790075 ], [ 6.471199464507345, 50.911072305224145 ], [ 6.443806858983999, 50.875326071950511 ], [ 6.431726661623555, 50.872436184690592 ], [ 6.430335029384393, 50.8731632512159 ], [ 6.423305156048652, 50.908162333153591 ] ] ] }, { "type": "Polygon", "coordinates": [ [ [ 6.406410748364, 51.813530835804251 ], [ 6.498821025478148, 51.655642111175347 ], [ 6.578732268721533, 51.479693047628999 ], [ 6.551843280196479, 51.399311422713239 ], [ 6.516073913512689, 51.394125922497281 ], [ 6.469448116889478, 51.411337544379251 ], [ 6.459874135085749, 51.428696314257564 ], [ 6.406410748364, 51.813530835804251 ] ] ] }, { "type": "Polygon", "coordinates": [ [ [ 6.498821025478148, 51.655642111175347 ], [ 6.406410748364, 51.813530835804251 ], [ 6.195187127326004, 52.2733848977999 ], [ 6.747353161001436, 51.714465390618201 ], [ 6.750193165036345, 51.679492115429959 ], [ 6.72290841375768, 51.512492276775021 ], [ 6.57175212114961, 51.602150867420391 ], [ 6.498821025478148, 51.655642111175347 ] ] ] }, { "type": "Polygon", "coordinates": [ [ [ 6.470489521252249, 51.353069482882098 ], [ 6.441054819750438, 51.36615520785648 ], [ 6.430168921869688, 51.383360791713734 ], [ 6.459874135085749, 51.428696314257564 ], [ 6.469448116889478, 51.411337544379251 ], [ 6.475082711227095, 51.356453350494604 ], [ 6.470489521252249, 51.353069482882098 ] ] ] }, { "type": "Polygon", "coordinates": [ [ [ 6.421319451482717, 51.196835310410911 ], [ 6.421830480331339, 51.205142921608235 ], [ 6.443938618758422, 51.220543180290541 ], [ 6.452864781549098, 51.212338291884976 ], [ 6.461240997291241, 51.184420181743192 ], [ 6.456537439629636, 51.183710928809454 ], [ 6.421319451482717, 51.196835310410911 ] ] ] }, { "type": "Polygon", "coordinates": [ [ [ 6.431906931647996, 51.022446466032946 ], [ 6.42371428671562, 51.029365705511829 ], [ 6.431588537568234, 51.04956969208915 ], [ 6.478086915199496, 51.034721983020177 ], [ 6.468963962853145, 51.021124370310766 ], [ 6.431906931647996, 51.022446466032946 ] ] ] }, { "type": "Polygon", "coordinates": [ [ [ 6.444153500619906, 51.252496119034959 ], [ 6.444147748512833, 51.253276056749733 ], [ 6.446333164509913, 51.291763498194904 ], [ 6.460861424017343, 51.31359833288235 ], [ 6.46592384803682, 51.310275750710062 ], [ 6.503429792103926, 51.281838867145318 ], [ 6.444153500619906, 51.252496119034959 ] ] ] }, { "type": "Polygon", "coordinates": [ [ [ 6.440042238116262, 50.804575323275991 ], [ 6.428404783677825, 50.81588616178626 ], [ 6.42986402504681, 50.819353170388709 ], [ 6.450029365035058, 50.824492080309746 ], [ 6.461411135812951, 50.805089245444272 ], [ 6.440042238116262, 50.804575323275991 ] ] ] }, { "type": "Polygon", "coordinates": [ [ [ 6.430174064256819, 50.717702695568001 ], [ 6.426348893705037, 50.72270916885136 ], [ 6.442116014978096, 50.748691161003535 ], [ 6.460863187963531, 50.744720285270752 ], [ 6.466497491320782, 50.730890115026028 ], [ 6.464906305259108, 50.707701802446437 ], [ 6.455417385416204, 50.69982710717553 ], [ 6.430174064256819, 50.717702695568001 ] ] ] }, { "type": "Polygon", "coordinates": [ [ [ 6.425734192754454, 50.968956623381125 ], [ 6.418757575864279, 50.990917234671876 ], [ 6.440594296785745, 50.997708051755239 ], [ 6.445410811452086, 50.99502071135737 ], [ 6.448783986326775, 50.979151939164808 ], [ 6.441023694394123, 50.967528538150013 ], [ 6.425734192754454, 50.968956623381125 ] ] ] }, { "type": "Polygon", "coordinates": [ [ [ 6.444147748512833, 51.253276056749733 ], [ 6.41722003106587, 51.292374873948198 ], [ 6.446333164509913, 51.291763498194904 ], [ 6.444147748512833, 51.253276056749733 ] ] ] }, { "type": "Polygon", "coordinates": [ [ [ 6.432848693887508, 51.124394118073319 ], [ 6.431928589192525, 51.131554686708085 ], [ 6.449825031571098, 51.145113530720927 ], [ 6.474564351766078, 51.132417754480429 ], [ 6.4664593007657, 51.118856240784112 ], [ 6.439435031955243, 51.114642654632462 ], [ 6.432848693887508, 51.124394118073319 ] ] ] }, { "type": "Polygon", "coordinates": [ [ [ 6.42986402504681, 50.819353170388709 ], [ 6.428158955877884, 50.834176362980344 ], [ 6.438604284800305, 50.849980474053382 ], [ 6.4556513397435, 50.839909296316613 ], [ 6.450029365035058, 50.824492080309746 ], [ 6.42986402504681, 50.819353170388709 ] ] ] }, { "type": "Polygon", "coordinates": [ [ [ 6.420221107844139, 50.774949523763034 ], [ 6.434404631563594, 50.783523986856466 ], [ 6.464435870570753, 50.782924724565497 ], [ 6.441206281613494, 50.751572590174391 ], [ 6.420221107844139, 50.774949523763034 ] ] ] }, { "type": "Polygon", "coordinates": [ [ [ 6.438240266482532, 50.62633261439619 ], [ 6.448102667813394, 50.653837626991198 ], [ 6.47279935494481, 50.653096536345245 ], [ 6.494154999953337, 50.637908254263486 ], [ 6.51206064632701, 50.625125397331693 ], [ 6.508841241068451, 50.608238907258411 ], [ 6.46936495946322, 50.595771365690702 ], [ 6.438240266482532, 50.62633261439619 ] ] ] }, { "type": "Polygon", "coordinates": [ [ [ 6.428480759367607, 50.551335115540518 ], [ 6.42844675322741, 50.551398403465136 ], [ 6.426676440612455, 50.557879524772183 ], [ 6.468140942263452, 50.588713698154265 ], [ 6.475684575438433, 50.566322502925068 ], [ 6.46840734974142, 50.54522776089275 ], [ 6.461769444960651, 50.539550223436159 ], [ 6.428480759367607, 50.551335115540518 ] ] ] }, { "type": "Polygon", "coordinates": [ [ [ 6.440594296785745, 50.997708051755239 ], [ 6.431906931647996, 51.022446466032946 ], [ 6.468963962853145, 51.021124370310766 ], [ 6.467081825885531, 51.008871273654961 ], [ 6.445410811452086, 50.99502071135737 ], [ 6.440594296785745, 50.997708051755239 ] ] ] }, { "type": "Polygon", "coordinates": [ [ [ 6.464906305259108, 50.707701802446437 ], [ 6.466497491320782, 50.730890115026028 ], [ 6.487423899550289, 50.735530550395289 ], [ 6.496852055875904, 50.730816472005301 ], [ 6.476568448089444, 50.709104644626656 ], [ 6.464906305259108, 50.707701802446437 ] ] ] }, { "type": "Polygon", "coordinates": [ [ [ 6.471666674707706, 51.172510742220894 ], [ 6.459881720305179, 51.164273231769712 ], [ 6.437174015524521, 51.160920453991075 ], [ 6.436057640167444, 51.161332440607225 ], [ 6.434565722899945, 51.171702232892713 ], [ 6.456537439629636, 51.183710928809454 ], [ 6.461240997291241, 51.184420181743192 ], [ 6.472850251299399, 51.176654207154186 ], [ 6.471666674707706, 51.172510742220894 ] ] ] }, { "type": "Polygon", "coordinates": [ [ [ 6.459881720305179, 51.164273231769712 ], [ 6.471666674707706, 51.172510742220894 ], [ 6.47794783009521, 51.134919703357106 ], [ 6.474564351766078, 51.132417754480429 ], [ 6.449825031571098, 51.145113530720927 ], [ 6.449733962369385, 51.146239196220307 ], [ 6.459881720305179, 51.164273231769712 ] ] ] }, { "type": "Polygon", "coordinates": [ [ [ 6.458017217600845, 50.414077429808685 ], [ 6.448740417521773, 50.446376534440944 ], [ 6.466186992849703, 50.459339956630608 ], [ 6.477282388294137, 50.458676016610532 ], [ 6.483760522649216, 50.450193946023838 ], [ 6.491044653798322, 50.410625375136718 ], [ 6.488820856684485, 50.409835391686883 ], [ 6.458017217600845, 50.414077429808685 ] ] ] }, { "type": "Polygon", "coordinates": [ [ [ 6.432069547426703, 50.513051050016344 ], [ 6.427895663912, 50.524008664736058 ], [ 6.428480759367607, 50.551335115540518 ], [ 6.461769444960651, 50.539550223436159 ], [ 6.458629841802932, 50.517813979000948 ], [ 6.445645896415177, 50.511162307070194 ], [ 6.432069547426703, 50.513051050016344 ] ] ] }, { "type": "Polygon", "coordinates": [ [ [ 6.443782615559224, 51.251758190985662 ], [ 6.444153500619906, 51.252496119034959 ], [ 6.503429792103926, 51.281838867145318 ], [ 6.509217750866939, 51.280316119935307 ], [ 6.51127365665215, 51.268415523975044 ], [ 6.507822008677574, 51.2461178783796 ], [ 6.490906875865918, 51.232532730660587 ], [ 6.446139689059192, 51.246131279860933 ], [ 6.443782615559224, 51.251758190985662 ] ] ] }, { "type": "Polygon", "coordinates": [ [ [ 6.425789643936343, 50.469390991407863 ], [ 6.454032073567859, 50.483058558768747 ], [ 6.454978875268623, 50.482696075873278 ], [ 6.466186992849703, 50.459339956630608 ], [ 6.448740417521773, 50.446376534440944 ], [ 6.42860141166808, 50.456116230979134 ], [ 6.425789643936343, 50.469390991407863 ] ] ] }, { "type": "Polygon", "coordinates": [ [ [ 6.438604284800305, 50.849980474053382 ], [ 6.431726661623555, 50.872436184690592 ], [ 6.443806858983999, 50.875326071950511 ], [ 6.458345720770377, 50.871271513329575 ], [ 6.47381857651754, 50.847253710827346 ], [ 6.470633905124966, 50.841431248018687 ], [ 6.4556513397435, 50.839909296316613 ], [ 6.438604284800305, 50.849980474053382 ] ] ] }, { "type": "Polygon", "coordinates": [ [ [ 6.460861424017343, 51.31359833288235 ], [ 6.458251692083826, 51.321617064286443 ], [ 6.470489521252249, 51.353069482882098 ], [ 6.475082711227095, 51.356453350494604 ], [ 6.476437547030039, 51.356446288002282 ], [ 6.526461731490612, 51.340409803833737 ], [ 6.526993721216023, 51.336518037660092 ], [ 6.46592384803682, 51.310275750710062 ], [ 6.460861424017343, 51.31359833288235 ] ] ] }, { "type": "Polygon", "coordinates": [ [ [ 6.450029365035058, 50.824492080309746 ], [ 6.4556513397435, 50.839909296316613 ], [ 6.470633905124966, 50.841431248018687 ], [ 6.479262030091573, 50.823235597807688 ], [ 6.463103834329367, 50.804268752048038 ], [ 6.461411135812951, 50.805089245444272 ], [ 6.450029365035058, 50.824492080309746 ] ] ] }, { "type": "Polygon", "coordinates": [ [ [ 6.441023694394123, 50.967528538150013 ], [ 6.448783986326775, 50.979151939164808 ], [ 6.481679119211663, 50.975632240463753 ], [ 6.482665483540068, 50.974799180337968 ], [ 6.481939625916259, 50.971376799360343 ], [ 6.4468407936107, 50.95338454270734 ], [ 6.441023694394123, 50.967528538150013 ] ] ] }, { "type": "Polygon", "coordinates": [ [ [ 6.434404631563594, 50.783523986856466 ], [ 6.440042238116262, 50.804575323275991 ], [ 6.461411135812951, 50.805089245444272 ], [ 6.463103834329367, 50.804268752048038 ], [ 6.468290371976217, 50.785895593050142 ], [ 6.466279577664572, 50.783697763805463 ], [ 6.464435870570753, 50.782924724565497 ], [ 6.434404631563594, 50.783523986856466 ] ] ] }, { "type": "Polygon", "coordinates": [ [ [ 6.461240997291241, 51.184420181743192 ], [ 6.452864781549098, 51.212338291884976 ], [ 6.486977336172491, 51.215472819545681 ], [ 6.492781010980348, 51.196520597100815 ], [ 6.488960915891583, 51.183350616098188 ], [ 6.472850251299399, 51.176654207154186 ], [ 6.461240997291241, 51.184420181743192 ] ] ] }, { "type": "Polygon", "coordinates": [ [ [ 6.442116014978096, 50.748691161003535 ], [ 6.441206281613494, 50.751572590174391 ], [ 6.464435870570753, 50.782924724565497 ], [ 6.466279577664572, 50.783697763805463 ], [ 6.47070757773916, 50.752404353950233 ], [ 6.460863187963531, 50.744720285270752 ], [ 6.442116014978096, 50.748691161003535 ] ] ] }, { "type": "Polygon", "coordinates": [ [ [ 6.467081825885531, 51.008871273654961 ], [ 6.468963962853145, 51.021124370310766 ], [ 6.478086915199496, 51.034721983020177 ], [ 6.485548261006465, 51.039427056412158 ], [ 6.504385687596247, 51.03467403893535 ], [ 6.509381601068303, 51.02788951684952 ], [ 6.501702764011755, 51.006055048113105 ], [ 6.473228715751953, 50.999660454261168 ], [ 6.467081825885531, 51.008871273654961 ] ] ] }, { "type": "Polygon", "coordinates": [ [ [ 6.449733962369385, 51.146239196220307 ], [ 6.437174015524521, 51.160920453991075 ], [ 6.459881720305179, 51.164273231769712 ], [ 6.449733962369385, 51.146239196220307 ] ] ] }, { "type": "Polygon", "coordinates": [ [ [ 6.431588537568234, 51.04956969208915 ], [ 6.430903019656762, 51.054757480528828 ], [ 6.449246704435979, 51.073829433192934 ], [ 6.482923713128066, 51.048115422731925 ], [ 6.485548261006465, 51.039427056412158 ], [ 6.478086915199496, 51.034721983020177 ], [ 6.431588537568234, 51.04956969208915 ] ] ] }, { "type": "Polygon", "coordinates": [ [ [ 6.43506071855581, 51.100305842904312 ], [ 6.439435031955243, 51.114642654632462 ], [ 6.4664593007657, 51.118856240784112 ], [ 6.472010884005846, 51.105555483693202 ], [ 6.448253053764296, 51.08230099788814 ], [ 6.43506071855581, 51.100305842904312 ] ] ] }, { "type": "Polygon", "coordinates": [ [ [ 6.495735797780418, 51.109651820422904 ], [ 6.519010707471859, 51.115524038981775 ], [ 6.524241501309293, 51.112065156628454 ], [ 6.525512521519151, 51.103934942711554 ], [ 6.519726229744388, 51.098399138485803 ], [ 6.494851974815779, 51.107194762759178 ], [ 6.495735797780418, 51.109651820422904 ] ] ] }, { "type": "Polygon", "coordinates": [ [ [ 6.519010707471859, 51.115524038981775 ], [ 6.495735797780418, 51.109651820422904 ], [ 6.489100954301196, 51.133523576842627 ], [ 6.514216014689363, 51.121263881101449 ], [ 6.519010707471859, 51.115524038981775 ] ] ] }, { "type": "Polygon", "coordinates": [ [ [ 6.458629841802932, 50.517813979000948 ], [ 6.461769444960651, 50.539550223436159 ], [ 6.46840734974142, 50.54522776089275 ], [ 6.500078093970641, 50.523125278150722 ], [ 6.499791637587611, 50.51331824428334 ], [ 6.490865918526362, 50.503328952349143 ], [ 6.458629841802932, 50.517813979000948 ] ] ] }, { "type": "Polygon", "coordinates": [ [ [ 6.454032073567859, 50.483058558768747 ], [ 6.445645896415177, 50.511162307070194 ], [ 6.458629841802932, 50.517813979000948 ], [ 6.490865918526362, 50.503328952349143 ], [ 6.489956520487225, 50.495305974738955 ], [ 6.454978875268623, 50.482696075873278 ], [ 6.454032073567859, 50.483058558768747 ] ] ] }, { "type": "Polygon", "coordinates": [ [ [ 6.449158291365388, 50.929104576026518 ], [ 6.4468407936107, 50.95338454270734 ], [ 6.481939625916259, 50.971376799360343 ], [ 6.4821693834587, 50.952896969211992 ], [ 6.455486224521441, 50.927273108790075 ], [ 6.449158291365388, 50.929104576026518 ] ] ] }, { "type": "Polygon", "coordinates": [ [ [ 6.455278134490768, 50.684981403612021 ], [ 6.455417385416204, 50.69982710717553 ], [ 6.464906305259108, 50.707701802446437 ], [ 6.476568448089444, 50.709104644626656 ], [ 6.502854728841869, 50.696136585598587 ], [ 6.504222957366014, 50.692404199931296 ], [ 6.500478833644786, 50.680278306672953 ], [ 6.455278134490768, 50.684981403612021 ] ] ] }, { "type": "Polygon", "coordinates": [ [ [ 6.449246704435979, 51.073829433192934 ], [ 6.449795013056199, 51.076838880339729 ], [ 6.487208790689895, 51.085995242825469 ], [ 6.487825736090501, 51.085317631583379 ], [ 6.482923713128066, 51.048115422731925 ], [ 6.449246704435979, 51.073829433192934 ] ] ] }, { "type": "Polygon", "coordinates": [ [ [ 6.445410811452086, 50.99502071135737 ], [ 6.467081825885531, 51.008871273654961 ], [ 6.473228715751953, 50.999660454261168 ], [ 6.481679119211663, 50.975632240463753 ], [ 6.448783986326775, 50.979151939164808 ], [ 6.445410811452086, 50.99502071135737 ] ] ] }, { "type": "Polygon", "coordinates": [ [ [ 6.449795013056199, 51.076838880339729 ], [ 6.448253053764296, 51.08230099788814 ], [ 6.472010884005846, 51.105555483693202 ], [ 6.484924324992868, 51.092941151185769 ], [ 6.487208790689895, 51.085995242825469 ], [ 6.449795013056199, 51.076838880339729 ] ] ] }, { "type": "Polygon", "coordinates": [ [ [ 6.443938618758422, 51.220543180290541 ], [ 6.446139689059192, 51.246131279860933 ], [ 6.490906875865918, 51.232532730660587 ], [ 6.486977336172491, 51.215472819545681 ], [ 6.452864781549098, 51.212338291884976 ], [ 6.443938618758422, 51.220543180290541 ] ] ] }, { "type": "Polygon", "coordinates": [ [ [ 6.472010884005846, 51.105555483693202 ], [ 6.4664593007657, 51.118856240784112 ], [ 6.474564351766078, 51.132417754480429 ], [ 6.47794783009521, 51.134919703357106 ], [ 6.48848417420556, 51.134162775116202 ], [ 6.489100954301196, 51.133523576842627 ], [ 6.495735797780418, 51.109651820422904 ], [ 6.494851974815779, 51.107194762759178 ], [ 6.484924324992868, 51.092941151185769 ], [ 6.472010884005846, 51.105555483693202 ] ] ] }, { "type": "Polygon", "coordinates": [ [ [ 6.448102667813394, 50.653837626991198 ], [ 6.446719637551728, 50.661273726943691 ], [ 6.455278134490768, 50.684981403612021 ], [ 6.500478833644786, 50.680278306672953 ], [ 6.502557161553553, 50.670639685079529 ], [ 6.494154999953337, 50.665671593195711 ], [ 6.47279935494481, 50.653096536345245 ], [ 6.448102667813394, 50.653837626991198 ] ] ] }, { "type": "Polygon", "coordinates": [ [ [ 6.47381857651754, 50.847253710827346 ], [ 6.458345720770377, 50.871271513329575 ], [ 6.491923857763297, 50.885052888982834 ], [ 6.479581513897841, 50.851052103422887 ], [ 6.47381857651754, 50.847253710827346 ] ] ] }, { "type": "Polygon", "coordinates": [ [ [ 6.443806858983999, 50.875326071950511 ], [ 6.471199464507345, 50.911072305224145 ], [ 6.503295662416913, 50.898138017037311 ], [ 6.491923857763297, 50.885052888982834 ], [ 6.458345720770377, 50.871271513329575 ], [ 6.443806858983999, 50.875326071950511 ] ] ] }, { "type": "Polygon", "coordinates": [ [ [ 6.466279577664572, 50.783697763805463 ], [ 6.468290371976217, 50.785895593050142 ], [ 6.476155899943397, 50.785082390771699 ], [ 6.489428201140155, 50.758622595512065 ], [ 6.477925803390324, 50.751990240648546 ], [ 6.47070757773916, 50.752404353950233 ], [ 6.466279577664572, 50.783697763805463 ] ] ] }, { "type": "Polygon", "coordinates": [ [ [ 6.488820856684485, 50.409835391686883 ], [ 6.477174420363712, 50.378459190768751 ], [ 6.39529964674864, 50.323499732259734 ], [ 6.423103494177382, 50.395183537534493 ], [ 6.458017217600845, 50.414077429808685 ], [ 6.488820856684485, 50.409835391686883 ] ] ] }, { "type": "Polygon", "coordinates": [ [ [ 6.477174420363712, 50.378459190768751 ], [ 6.488820856684485, 50.409835391686883 ], [ 6.491044653798322, 50.410625375136718 ], [ 6.512109097069974, 50.408603386689855 ], [ 6.536785943781583, 50.282764135444637 ], [ 6.477174420363712, 50.378459190768751 ] ] ] }, { "type": "Polygon", "coordinates": [ [ [ 6.482665483540068, 50.974799180337968 ], [ 6.481679119211663, 50.975632240463753 ], [ 6.473228715751953, 50.999660454261168 ], [ 6.501702764011755, 51.006055048113105 ], [ 6.499754022197601, 50.986775099498246 ], [ 6.494834548629512, 50.978330742081631 ], [ 6.482665483540068, 50.974799180337968 ] ] ] }, { "type": "Polygon", "coordinates": [ [ [ 6.470633905124966, 50.841431248018687 ], [ 6.47381857651754, 50.847253710827346 ], [ 6.479581513897841, 50.851052103422887 ], [ 6.510717140407553, 50.84429301344894 ], [ 6.503795499209851, 50.817387673141937 ], [ 6.479262030091573, 50.823235597807688 ], [ 6.470633905124966, 50.841431248018687 ] ] ] }, { "type": "Polygon", "coordinates": [ [ [ 6.471199464507345, 50.911072305224145 ], [ 6.455486224521441, 50.927273108790075 ], [ 6.4821693834587, 50.952896969211992 ], [ 6.515222970546003, 50.930465096170501 ], [ 6.517440061548051, 50.913466425510208 ], [ 6.511117396333989, 50.89916627895952 ], [ 6.503295662416913, 50.898138017037311 ], [ 6.471199464507345, 50.911072305224145 ] ] ] }, { "type": "Polygon", "coordinates": [ [ [ 6.454978875268623, 50.482696075873278 ], [ 6.489956520487225, 50.495305974738955 ], [ 6.49248707080698, 50.487743447793854 ], [ 6.477282388294137, 50.458676016610532 ], [ 6.466186992849703, 50.459339956630608 ], [ 6.454978875268623, 50.482696075873278 ] ] ] }, { "type": "Polygon", "coordinates": [ [ [ 6.483760522649216, 50.450193946023838 ], [ 6.477282388294137, 50.458676016610532 ], [ 6.49248707080698, 50.487743447793854 ], [ 6.513294313463068, 50.471900332598715 ], [ 6.502190761341443, 50.457154235486492 ], [ 6.483760522649216, 50.450193946023838 ] ] ] }, { "type": "Polygon", "coordinates": [ [ [ 6.471666674707706, 51.172510742220894 ], [ 6.472850251299399, 51.176654207154186 ], [ 6.488960915891583, 51.183350616098188 ], [ 6.511836093739058, 51.167095138702535 ], [ 6.510148534432244, 51.15407739881374 ], [ 6.48848417420556, 51.134162775116202 ], [ 6.47794783009521, 51.134919703357106 ], [ 6.471666674707706, 51.172510742220894 ] ] ] }, { "type": "Polygon", "coordinates": [ [ [ 6.49248707080698, 50.487743447793854 ], [ 6.489956520487225, 50.495305974738955 ], [ 6.490865918526362, 50.503328952349143 ], [ 6.499791637587611, 50.51331824428334 ], [ 6.525033074692868, 50.508311559669451 ], [ 6.537273654280204, 50.4931573938875 ], [ 6.536830911093841, 50.489998186099918 ], [ 6.513350168493741, 50.471889586885176 ], [ 6.513294313463068, 50.471900332598715 ], [ 6.49248707080698, 50.487743447793854 ] ] ] }, { "type": "Polygon", "coordinates": [ [ [ 6.463103834329367, 50.804268752048038 ], [ 6.479262030091573, 50.823235597807688 ], [ 6.503795499209851, 50.817387673141937 ], [ 6.512308067055393, 50.802740947042068 ], [ 6.510937665660795, 50.793634105963164 ], [ 6.476155899943397, 50.785082390771699 ], [ 6.468290371976217, 50.785895593050142 ], [ 6.463103834329367, 50.804268752048038 ] ] ] }, { "type": "Polygon", "coordinates": [ [ [ 6.466497491320782, 50.730890115026028 ], [ 6.460863187963531, 50.744720285270752 ], [ 6.47070757773916, 50.752404353950233 ], [ 6.477925803390324, 50.751990240648546 ], [ 6.487423899550289, 50.735530550395289 ], [ 6.466497491320782, 50.730890115026028 ] ] ] }, { "type": "Polygon", "coordinates": [ [ [ 6.468140942263452, 50.588713698154265 ], [ 6.46936495946322, 50.595771365690702 ], [ 6.508841241068451, 50.608238907258411 ], [ 6.534495410064442, 50.585700440596071 ], [ 6.536984317254085, 50.576228653872462 ], [ 6.534290997837248, 50.568082343038867 ], [ 6.528408792975593, 50.557746577711953 ], [ 6.511962572312208, 50.5490416946298 ], [ 6.475684575438433, 50.566322502925068 ], [ 6.468140942263452, 50.588713698154265 ] ] ] }, { "type": "Polygon", "coordinates": [ [ [ 6.487825736090501, 51.085317631583379 ], [ 6.487208790689895, 51.085995242825469 ], [ 6.484924324992868, 51.092941151185769 ], [ 6.494851974815779, 51.107194762759178 ], [ 6.519726229744388, 51.098399138485803 ], [ 6.509055561579477, 51.085062936371898 ], [ 6.487825736090501, 51.085317631583379 ] ] ] }, { "type": "Polygon", "coordinates": [ [ [ 6.509217750866939, 51.280316119935307 ], [ 6.503429792103926, 51.281838867145318 ], [ 6.46592384803682, 51.310275750710062 ], [ 6.526993721216023, 51.336518037660092 ], [ 6.533554290703875, 51.303423498032451 ], [ 6.509217750866939, 51.280316119935307 ] ] ] }, { "type": "Polygon", "coordinates": [ [ [ 6.486977336172491, 51.215472819545681 ], [ 6.490906875865918, 51.232532730660587 ], [ 6.507822008677574, 51.2461178783796 ], [ 6.53457026576887, 51.215320820249303 ], [ 6.532618134267836, 51.210424822168285 ], [ 6.492781010980348, 51.196520597100815 ], [ 6.486977336172491, 51.215472819545681 ] ] ] }, { "type": "Polygon", "coordinates": [ [ [ 6.477925803390324, 50.751990240648546 ], [ 6.489428201140155, 50.758622595512065 ], [ 6.508191606316207, 50.757104347263791 ], [ 6.510557806720819, 50.746868339345696 ], [ 6.499724634598453, 50.731318646473333 ], [ 6.496852055875904, 50.730816472005301 ], [ 6.487423899550289, 50.735530550395289 ], [ 6.477925803390324, 50.751990240648546 ] ] ] }, { "type": "Polygon", "coordinates": [ [ [ 6.491923857763297, 50.885052888982834 ], [ 6.503295662416913, 50.898138017037311 ], [ 6.511117396333989, 50.89916627895952 ], [ 6.513463419609204, 50.896093702157359 ], [ 6.520632756679197, 50.854677518297599 ], [ 6.510717140407553, 50.84429301344894 ], [ 6.479581513897841, 50.851052103422887 ], [ 6.491923857763297, 50.885052888982834 ] ] ] }, { "type": "Polygon", "coordinates": [ [ [ 6.46840734974142, 50.54522776089275 ], [ 6.475684575438433, 50.566322502925068 ], [ 6.511962572312208, 50.5490416946298 ], [ 6.500078093970641, 50.523125278150722 ], [ 6.46840734974142, 50.54522776089275 ] ] ] }, { "type": "Polygon", "coordinates": [ [ [ 6.47279935494481, 50.653096536345245 ], [ 6.494154999953337, 50.665671593195711 ], [ 6.494154999953337, 50.637908254263486 ], [ 6.47279935494481, 50.653096536345245 ] ] ] }, { "type": "Polygon", "coordinates": [ [ [ 6.4821693834587, 50.952896969211992 ], [ 6.481939625916259, 50.971376799360343 ], [ 6.482665483540068, 50.974799180337968 ], [ 6.494834548629512, 50.978330742081631 ], [ 6.520974577821311, 50.96169617730007 ], [ 6.522559478365912, 50.952084006483538 ], [ 6.515222970546003, 50.930465096170501 ], [ 6.4821693834587, 50.952896969211992 ] ] ] }, { "type": "Polygon", "coordinates": [ [ [ 6.489428201140155, 50.758622595512065 ], [ 6.476155899943397, 50.785082390771699 ], [ 6.510937665660795, 50.793634105963164 ], [ 6.517361988830558, 50.780854538560376 ], [ 6.508191606316207, 50.757104347263791 ], [ 6.489428201140155, 50.758622595512065 ] ] ] }, { "type": "Polygon", "coordinates": [ [ [ 6.485548261006465, 51.039427056412158 ], [ 6.482923713128066, 51.048115422731925 ], [ 6.487825736090501, 51.085317631583379 ], [ 6.509055561579477, 51.085062936371898 ], [ 6.522654868354727, 51.060531071844842 ], [ 6.504385687596247, 51.03467403893535 ], [ 6.485548261006465, 51.039427056412158 ] ] ] }, { "type": "Polygon", "coordinates": [ [ [ 6.51206064632701, 50.625125397331693 ], [ 6.494154999953337, 50.637908254263486 ], [ 6.494154999953337, 50.665671593195711 ], [ 6.502557161553553, 50.670639685079529 ], [ 6.521011614704002, 50.653721496365385 ], [ 6.520329023424383, 50.63859968974009 ], [ 6.51206064632701, 50.625125397331693 ] ] ] }, { "type": "Polygon", "coordinates": [ [ [ 6.476568448089444, 50.709104644626656 ], [ 6.496852055875904, 50.730816472005301 ], [ 6.499724634598453, 50.731318646473333 ], [ 6.50926928970909, 50.71471285651436 ], [ 6.502854728841869, 50.696136585598587 ], [ 6.476568448089444, 50.709104644626656 ] ] ] }, { "type": "Polygon", "coordinates": [ [ [ 6.512308067055393, 50.802740947042068 ], [ 6.503795499209851, 50.817387673141937 ], [ 6.510717140407553, 50.84429301344894 ], [ 6.520632756679197, 50.854677518297599 ], [ 6.550792441900232, 50.839825051063329 ], [ 6.535284814660351, 50.813634798436333 ], [ 6.512308067055393, 50.802740947042068 ] ] ] }, { "type": "Polygon", "coordinates": [ [ [ 6.500478833644786, 50.680278306672953 ], [ 6.504222957366014, 50.692404199931296 ], [ 6.537336602579278, 50.693192943536559 ], [ 6.541533018710532, 50.671594768899901 ], [ 6.530715383048401, 50.662162402909459 ], [ 6.521011614704002, 50.653721496365385 ], [ 6.502557161553553, 50.670639685079529 ], [ 6.500478833644786, 50.680278306672953 ] ] ] }, { "type": "Polygon", "coordinates": [ [ [ 6.563945880559547, 50.194399081648868 ], [ 6.536785943781583, 50.282764135444637 ], [ 6.512109097069974, 50.408603386689855 ], [ 6.519026951634659, 50.4129899400886 ], [ 6.582400773108507, 50.386243413506428 ], [ 6.582941357543293, 50.325697948475849 ], [ 6.563945880559547, 50.194399081648868 ] ] ] }, { "type": "Polygon", "coordinates": [ [ [ 6.510937665660795, 50.793634105963164 ], [ 6.512308067055393, 50.802740947042068 ], [ 6.535284814660351, 50.813634798436333 ], [ 6.556166396518725, 50.797383700302838 ], [ 6.555108513047112, 50.782578299858038 ], [ 6.540599739525852, 50.774455905277158 ], [ 6.517361988830558, 50.780854538560376 ], [ 6.510937665660795, 50.793634105963164 ] ] ] }, { "type": "Polygon", "coordinates": [ [ [ 6.475082711227095, 51.356453350494604 ], [ 6.469448116889478, 51.411337544379251 ], [ 6.516073913512689, 51.394125922497281 ], [ 6.476437547030039, 51.356446288002282 ], [ 6.475082711227095, 51.356453350494604 ] ] ] }, { "type": "Polygon", "coordinates": [ [ [ 6.499724634598453, 50.731318646473333 ], [ 6.510557806720819, 50.746868339345696 ], [ 6.535061798031889, 50.736321042680679 ], [ 6.538361051784014, 50.718006516657134 ], [ 6.50926928970909, 50.71471285651436 ], [ 6.499724634598453, 50.731318646473333 ] ] ] }, { "type": "Polygon", "coordinates": [ [ [ 6.520974577821311, 50.96169617730007 ], [ 6.494834548629512, 50.978330742081631 ], [ 6.499754022197601, 50.986775099498246 ], [ 6.538518614147105, 50.993853370469807 ], [ 6.54011188068698, 50.988093164006393 ], [ 6.520974577821311, 50.96169617730007 ] ] ] }, { "type": "Polygon", "coordinates": [ [ [ 6.502854728841869, 50.696136585598587 ], [ 6.50926928970909, 50.71471285651436 ], [ 6.538361051784014, 50.718006516657134 ], [ 6.544924514203103, 50.709910269596271 ], [ 6.537336602579278, 50.693192943536559 ], [ 6.504222957366014, 50.692404199931296 ], [ 6.502854728841869, 50.696136585598587 ] ] ] }, { "type": "Polygon", "coordinates": [ [ [ 6.510557806720819, 50.746868339345696 ], [ 6.508191606316207, 50.757104347263791 ], [ 6.517361988830558, 50.780854538560376 ], [ 6.540599739525852, 50.774455905277158 ], [ 6.547250145487632, 50.749857009545543 ], [ 6.535061798031889, 50.736321042680679 ], [ 6.510557806720819, 50.746868339345696 ] ] ] }, { "type": "Polygon", "coordinates": [ [ [ 6.483760522649216, 50.450193946023838 ], [ 6.502190761341443, 50.457154235486492 ], [ 6.520486541511032, 50.415728037567099 ], [ 6.519026951634659, 50.4129899400886 ], [ 6.512109097069974, 50.408603386689855 ], [ 6.491044653798322, 50.410625375136718 ], [ 6.483760522649216, 50.450193946023838 ] ] ] }, { "type": "Polygon", "coordinates": [ [ [ 6.508841241068451, 50.608238907258411 ], [ 6.51206064632701, 50.625125397331693 ], [ 6.520329023424383, 50.63859968974009 ], [ 6.56519250866025, 50.632963894194972 ], [ 6.569423479818677, 50.616099548361746 ], [ 6.534495410064442, 50.585700440596071 ], [ 6.508841241068451, 50.608238907258411 ] ] ] }, { "type": "Polygon", "coordinates": [ [ [ 6.48848417420556, 51.134162775116202 ], [ 6.510148534432244, 51.15407739881374 ], [ 6.51736271229914, 51.14558523522517 ], [ 6.514216014689363, 51.121263881101449 ], [ 6.489100954301196, 51.133523576842627 ], [ 6.48848417420556, 51.134162775116202 ] ] ] }, { "type": "Polygon", "coordinates": [ [ [ 6.526461731490612, 51.340409803833737 ], [ 6.476437547030039, 51.356446288002282 ], [ 6.516073913512689, 51.394125922497281 ], [ 6.551843280196479, 51.399311422713239 ], [ 6.552124830586579, 51.396340603424456 ], [ 6.548604582961053, 51.37103375289793 ], [ 6.526461731490612, 51.340409803833737 ] ] ] }, { "type": "Polygon", "coordinates": [ [ [ 6.499754022197601, 50.986775099498246 ], [ 6.501702764011755, 51.006055048113105 ], [ 6.509381601068303, 51.02788951684952 ], [ 6.531435042974584, 51.017105627241833 ], [ 6.538782086665048, 51.005927628931914 ], [ 6.538518614147105, 50.993853370469807 ], [ 6.499754022197601, 50.986775099498246 ] ] ] }, { "type": "Polygon", "coordinates": [ [ [ 6.515222970546003, 50.930465096170501 ], [ 6.522559478365912, 50.952084006483538 ], [ 6.551595989748119, 50.953536503750271 ], [ 6.54477418589439, 50.921728415409852 ], [ 6.517440061548051, 50.913466425510208 ], [ 6.515222970546003, 50.930465096170501 ] ] ] }, { "type": "Polygon", "coordinates": [ [ [ 6.524241501309293, 51.112065156628454 ], [ 6.519010707471859, 51.115524038981775 ], [ 6.514216014689363, 51.121263881101449 ], [ 6.51736271229914, 51.14558523522517 ], [ 6.533727201184419, 51.138106299424656 ], [ 6.52583169972201, 51.113968624137208 ], [ 6.524241501309293, 51.112065156628454 ] ] ] }, { "type": "Polygon", "coordinates": [ [ [ 6.502190761341443, 50.457154235486492 ], [ 6.513294313463068, 50.471900332598715 ], [ 6.513350168493741, 50.471889586885176 ], [ 6.537854900616937, 50.440280878639491 ], [ 6.520486541511032, 50.415728037567099 ], [ 6.502190761341443, 50.457154235486492 ] ] ] }, { "type": "Polygon", "coordinates": [ [ [ 6.488960915891583, 51.183350616098188 ], [ 6.492781010980348, 51.196520597100815 ], [ 6.532618134267836, 51.210424822168285 ], [ 6.532837350668634, 51.208815856731384 ], [ 6.513490300211888, 51.167675252183997 ], [ 6.511836093739058, 51.167095138702535 ], [ 6.488960915891583, 51.183350616098188 ] ] ] }, { "type": "Polygon", "coordinates": [ [ [ 6.509055561579477, 51.085062936371898 ], [ 6.519726229744388, 51.098399138485803 ], [ 6.525512521519151, 51.103934942711554 ], [ 6.545658255089489, 51.092011356101075 ], [ 6.548015969868712, 51.081299270732778 ], [ 6.545083696707262, 51.071481796990064 ], [ 6.542280430919577, 51.065468365709513 ], [ 6.522654868354727, 51.060531071844842 ], [ 6.509055561579477, 51.085062936371898 ] ] ] }, { "type": "Polygon", "coordinates": [ [ [ 6.509381601068303, 51.02788951684952 ], [ 6.504385687596247, 51.03467403893535 ], [ 6.522654868354727, 51.060531071844842 ], [ 6.542280430919577, 51.065468365709513 ], [ 6.556937910615596, 51.045990633687751 ], [ 6.556990068074392, 51.045297665081861 ], [ 6.531435042974584, 51.017105627241833 ], [ 6.509381601068303, 51.02788951684952 ] ] ] }, { "type": "Polygon", "coordinates": [ [ [ 6.498821025478148, 51.655642111175347 ], [ 6.57175212114961, 51.602150867420391 ], [ 6.706174927869266, 51.489041173990906 ], [ 6.705419290408859, 51.48433971618617 ], [ 6.701140064746729, 51.476505041176466 ], [ 6.696487666835964, 51.473230083737029 ], [ 6.605550462196733, 51.460552962863233 ], [ 6.578732268721533, 51.479693047628999 ], [ 6.498821025478148, 51.655642111175347 ] ] ] }, { "type": "Polygon", "coordinates": [ [ [ 6.548604582961053, 51.37103375289793 ], [ 6.582023209350238, 51.341143051669277 ], [ 6.548978598408457, 51.300416312890839 ], [ 6.533554290703875, 51.303423498032451 ], [ 6.526993721216023, 51.336518037660092 ], [ 6.526461731490612, 51.340409803833737 ], [ 6.548604582961053, 51.37103375289793 ] ] ] }, { "type": "Polygon", "coordinates": [ [ [ 6.582023209350238, 51.341143051669277 ], [ 6.548604582961053, 51.37103375289793 ], [ 6.552124830586579, 51.396340603424456 ], [ 6.606833542614909, 51.362730190109922 ], [ 6.597043469849673, 51.341825271199347 ], [ 6.593451972756641, 51.338909921310126 ], [ 6.582023209350238, 51.341143051669277 ] ] ] }, { "type": "Polygon", "coordinates": [ [ [ 6.499791637587611, 50.51331824428334 ], [ 6.500078093970641, 50.523125278150722 ], [ 6.511962572312208, 50.5490416946298 ], [ 6.528408792975593, 50.557746577711953 ], [ 6.540499456434546, 50.531425005571506 ], [ 6.540230004840129, 50.528351117352685 ], [ 6.525033074692868, 50.508311559669451 ], [ 6.499791637587611, 50.51331824428334 ] ] ] }, { "type": "Polygon", "coordinates": [ [ [ 6.507822008677574, 51.2461178783796 ], [ 6.51127365665215, 51.268415523975044 ], [ 6.564958298219191, 51.24368715687379 ], [ 6.547346891521535, 51.219641232006467 ], [ 6.53457026576887, 51.215320820249303 ], [ 6.507822008677574, 51.2461178783796 ] ] ] }, { "type": "Polygon", "coordinates": [ [ [ 6.519026951634659, 50.4129899400886 ], [ 6.520486541511032, 50.415728037567099 ], [ 6.537854900616937, 50.440280878639491 ], [ 6.560017488474737, 50.450782909037521 ], [ 6.588282827087016, 50.440209066042172 ], [ 6.597685672113514, 50.413506735260682 ], [ 6.582400773108507, 50.386243413506428 ], [ 6.519026951634659, 50.4129899400886 ] ] ] }, { "type": "Polygon", "coordinates": [ [ [ 6.510148534432244, 51.15407739881374 ], [ 6.511836093739058, 51.167095138702535 ], [ 6.513490300211888, 51.167675252183997 ], [ 6.525100653787131, 51.167475748451047 ], [ 6.539030087183716, 51.15412606862558 ], [ 6.53399837497899, 51.138231380149541 ], [ 6.533727201184419, 51.138106299424656 ], [ 6.51736271229914, 51.14558523522517 ], [ 6.510148534432244, 51.15407739881374 ] ] ] }, { "type": "Polygon", "coordinates": [ [ [ 6.532837350668634, 51.208815856731384 ], [ 6.532618134267836, 51.210424822168285 ], [ 6.53457026576887, 51.215320820249303 ], [ 6.547346891521535, 51.219641232006467 ], [ 6.58045809027244, 51.193550443829864 ], [ 6.559909580891373, 51.17547431111025 ], [ 6.547111354652306, 51.180373323397511 ], [ 6.532837350668634, 51.208815856731384 ] ] ] }, { "type": "Polygon", "coordinates": [ [ [ 6.522559478365912, 50.952084006483538 ], [ 6.520974577821311, 50.96169617730007 ], [ 6.54011188068698, 50.988093164006393 ], [ 6.552971447367081, 50.97955065211103 ], [ 6.56070075916053, 50.958208632114484 ], [ 6.551595989748119, 50.953536503750271 ], [ 6.522559478365912, 50.952084006483538 ] ] ] }, { "type": "Polygon", "coordinates": [ [ [ 6.513350168493741, 50.471889586885176 ], [ 6.536830911093841, 50.489998186099918 ], [ 6.559172111987933, 50.45720613948172 ], [ 6.560017488474737, 50.450782909037521 ], [ 6.537854900616937, 50.440280878639491 ], [ 6.513350168493741, 50.471889586885176 ] ] ] }, { "type": "Polygon", "coordinates": [ [ [ 6.538361051784014, 50.718006516657134 ], [ 6.535061798031889, 50.736321042680679 ], [ 6.547250145487632, 50.749857009545543 ], [ 6.574858901004036, 50.746030053116272 ], [ 6.576524354049086, 50.733164505353272 ], [ 6.545639493161408, 50.709952992423695 ], [ 6.544924514203103, 50.709910269596271 ], [ 6.538361051784014, 50.718006516657134 ] ] ] }, { "type": "Polygon", "coordinates": [ [ [ 6.530715383048401, 50.662162402909459 ], [ 6.541533018710532, 50.671594768899901 ], [ 6.544281072815772, 50.670872956263388 ], [ 6.571138307916389, 50.647703996803301 ], [ 6.566224912410241, 50.635529856662551 ], [ 6.530715383048401, 50.662162402909459 ] ] ] }, { "type": "Polygon", "coordinates": [ [ [ 6.528408792975593, 50.557746577711953 ], [ 6.534290997837248, 50.568082343038867 ], [ 6.570288331926376, 50.535770463713476 ], [ 6.569821560815095, 50.533347194174127 ], [ 6.540499456434546, 50.531425005571506 ], [ 6.528408792975593, 50.557746577711953 ] ] ] }, { "type": "Polygon", "coordinates": [ [ [ 6.521011614704002, 50.653721496365385 ], [ 6.530715383048401, 50.662162402909459 ], [ 6.566224912410241, 50.635529856662551 ], [ 6.56519250866025, 50.632963894194972 ], [ 6.520329023424383, 50.63859968974009 ], [ 6.521011614704002, 50.653721496365385 ] ] ] }, { "type": "Polygon", "coordinates": [ [ [ 6.513463419609204, 50.896093702157359 ], [ 6.511117396333989, 50.89916627895952 ], [ 6.517440061548051, 50.913466425510208 ], [ 6.54477418589439, 50.921728415409852 ], [ 6.555017606670738, 50.921843203587059 ], [ 6.562596312109091, 50.919994630541275 ], [ 6.580455805092176, 50.902756782227833 ], [ 6.580509977356308, 50.90266827232977 ], [ 6.571059104292319, 50.883227923956838 ], [ 6.566044392597946, 50.879985406158745 ], [ 6.513463419609204, 50.896093702157359 ] ] ] }, { "type": "Polygon", "coordinates": [ [ [ 6.524241501309293, 51.112065156628454 ], [ 6.52583169972201, 51.113968624137208 ], [ 6.552624246058728, 51.123121114680636 ], [ 6.558185687662047, 51.104079222264055 ], [ 6.545658255089489, 51.092011356101075 ], [ 6.525512521519151, 51.103934942711554 ], [ 6.524241501309293, 51.112065156628454 ] ] ] }, { "type": "Polygon", "coordinates": [ [ [ 6.54011188068698, 50.988093164006393 ], [ 6.538518614147105, 50.993853370469807 ], [ 6.538782086665048, 51.005927628931914 ], [ 6.559087245314096, 51.010067560060371 ], [ 6.570175826451557, 51.003092607314642 ], [ 6.57211270602141, 50.98680588285108 ], [ 6.552971447367081, 50.97955065211103 ], [ 6.54011188068698, 50.988093164006393 ] ] ] }, { "type": "Polygon", "coordinates": [ [ [ 6.513490300211888, 51.167675252183997 ], [ 6.532837350668634, 51.208815856731384 ], [ 6.547111354652306, 51.180373323397511 ], [ 6.525100653787131, 51.167475748451047 ], [ 6.513490300211888, 51.167675252183997 ] ] ] }, { "type": "Polygon", "coordinates": [ [ [ 6.52583169972201, 51.113968624137208 ], [ 6.533727201184419, 51.138106299424656 ], [ 6.53399837497899, 51.138231380149541 ], [ 6.552912489566246, 51.134075187800207 ], [ 6.554710304341238, 51.129134471344216 ], [ 6.552624246058728, 51.123121114680636 ], [ 6.52583169972201, 51.113968624137208 ] ] ] }, { "type": "Polygon", "coordinates": [ [ [ 6.51127365665215, 51.268415523975044 ], [ 6.509217750866939, 51.280316119935307 ], [ 6.533554290703875, 51.303423498032451 ], [ 6.548978598408457, 51.300416312890839 ], [ 6.555508838309587, 51.296887442652377 ], [ 6.583800066276965, 51.269772984737116 ], [ 6.585086011568998, 51.253753196975815 ], [ 6.564958298219191, 51.24368715687379 ], [ 6.51127365665215, 51.268415523975044 ] ] ] }, { "type": "Polygon", "coordinates": [ [ [ 6.537273654280204, 50.4931573938875 ], [ 6.558432760038534, 50.503688748653303 ], [ 6.572684179842961, 50.492773389828656 ], [ 6.559172111987933, 50.45720613948172 ], [ 6.536830911093841, 50.489998186099918 ], [ 6.537273654280204, 50.4931573938875 ] ] ] }, { "type": "Polygon", "coordinates": [ [ [ 6.558432760038534, 50.503688748653303 ], [ 6.537273654280204, 50.4931573938875 ], [ 6.525033074692868, 50.508311559669451 ], [ 6.540230004840129, 50.528351117352685 ], [ 6.558701327894635, 50.50797503764101 ], [ 6.558432760038534, 50.503688748653303 ] ] ] }, { "type": "Polygon", "coordinates": [ [ [ 6.539030087183716, 51.15412606862558 ], [ 6.525100653787131, 51.167475748451047 ], [ 6.547111354652306, 51.180373323397511 ], [ 6.559909580891373, 51.17547431111025 ], [ 6.561582539183433, 51.157819459172174 ], [ 6.539030087183716, 51.15412606862558 ] ] ] }, { "type": "Polygon", "coordinates": [ [ [ 6.550792441900232, 50.839825051063329 ], [ 6.520632756679197, 50.854677518297599 ], [ 6.513463419609204, 50.896093702157359 ], [ 6.566044392597946, 50.879985406158745 ], [ 6.561343375092513, 50.85074773071144 ], [ 6.55263878116354, 50.840178895778585 ], [ 6.550792441900232, 50.839825051063329 ] ] ] }, { "type": "Polygon", "coordinates": [ [ [ 6.538782086665048, 51.005927628931914 ], [ 6.531435042974584, 51.017105627241833 ], [ 6.556990068074392, 51.045297665081861 ], [ 6.573719653768245, 51.029773597061322 ], [ 6.559087245314096, 51.010067560060371 ], [ 6.538782086665048, 51.005927628931914 ] ] ] }, { "type": "Polygon", "coordinates": [ [ [ 6.53399837497899, 51.138231380149541 ], [ 6.539030087183716, 51.15412606862558 ], [ 6.561582539183433, 51.157819459172174 ], [ 6.562548668192984, 51.156246397188141 ], [ 6.552912489566246, 51.134075187800207 ], [ 6.53399837497899, 51.138231380149541 ] ] ] }, { "type": "Polygon", "coordinates": [ [ [ 6.545083696707262, 51.071481796990064 ], [ 6.548015969868712, 51.081299270732778 ], [ 6.577805976586638, 51.080404103991761 ], [ 6.579377034104211, 51.078360048964228 ], [ 6.579541522984901, 51.064921803240587 ], [ 6.545083696707262, 51.071481796990064 ] ] ] }, { "type": "Polygon", "coordinates": [ [ [ 6.56519250866025, 50.632963894194972 ], [ 6.566224912410241, 50.635529856662551 ], [ 6.571138307916389, 50.647703996803301 ], [ 6.578308351146902, 50.652127785429514 ], [ 6.598190310691041, 50.643370933917417 ], [ 6.601772124275272, 50.623358867668749 ], [ 6.600508088758557, 50.619678681114991 ], [ 6.572617921850004, 50.614724696664453 ], [ 6.569423479818677, 50.616099548361746 ], [ 6.56519250866025, 50.632963894194972 ] ] ] }, { "type": "Polygon", "coordinates": [ [ [ 6.648007943670012, 48.298109999876601 ], [ 6.563945880559547, 50.194399081648868 ], [ 6.582941357543293, 50.325697948475849 ], [ 6.638921462292901, 50.385412679942391 ], [ 6.670150501304898, 50.351824797607001 ], [ 6.738189610214481, 48.298109999876601 ], [ 6.648007943670012, 48.298109999876601 ] ] ] }, { "type": "Polygon", "coordinates": [ [ [ 6.551595989748119, 50.953536503750271 ], [ 6.56070075916053, 50.958208632114484 ], [ 6.563053913502534, 50.957069577539734 ], [ 6.555017606670738, 50.921843203587059 ], [ 6.54477418589439, 50.921728415409852 ], [ 6.551595989748119, 50.953536503750271 ] ] ] }, { "type": "Polygon", "coordinates": [ [ [ 6.535284814660351, 50.813634798436333 ], [ 6.550792441900232, 50.839825051063329 ], [ 6.55263878116354, 50.840178895778585 ], [ 6.568581684705388, 50.822628360825583 ], [ 6.568138656180859, 50.808331974569171 ], [ 6.556166396518725, 50.797383700302838 ], [ 6.535284814660351, 50.813634798436333 ] ] ] }, { "type": "Polygon", "coordinates": [ [ [ 6.537336602579278, 50.693192943536559 ], [ 6.544924514203103, 50.709910269596271 ], [ 6.545639493161408, 50.709952992423695 ], [ 6.547622012093389, 50.708899955910688 ], [ 6.566432300225254, 50.690992810427545 ], [ 6.563650886833504, 50.680178617253326 ], [ 6.544281072815772, 50.670872956263388 ], [ 6.541533018710532, 50.671594768899901 ], [ 6.537336602579278, 50.693192943536559 ] ] ] }, { "type": "Polygon", "coordinates": [ [ [ 6.534290997837248, 50.568082343038867 ], [ 6.536984317254085, 50.576228653872462 ], [ 6.571456175574156, 50.569719988050799 ], [ 6.578512052206625, 50.547501618802158 ], [ 6.570288331926376, 50.535770463713476 ], [ 6.534290997837248, 50.568082343038867 ] ] ] }, { "type": "Polygon", "coordinates": [ [ [ 6.562548668192984, 51.156246397188141 ], [ 6.561582539183433, 51.157819459172174 ], [ 6.559909580891373, 51.17547431111025 ], [ 6.58045809027244, 51.193550443829864 ], [ 6.581513559115177, 51.193714894806767 ], [ 6.594449089786625, 51.181128851969149 ], [ 6.594415777585057, 51.148493546838928 ], [ 6.586765637438995, 51.146356826817687 ], [ 6.562548668192984, 51.156246397188141 ] ] ] }, { "type": "Polygon", "coordinates": [ [ [ 6.552624246058728, 51.123121114680636 ], [ 6.554710304341238, 51.129134471344216 ], [ 6.57702622882661, 51.125584495634001 ], [ 6.578349161215689, 51.119803259587258 ], [ 6.569987850815449, 51.107317967638096 ], [ 6.561913274211154, 51.104399308440264 ], [ 6.558185687662047, 51.104079222264055 ], [ 6.552624246058728, 51.123121114680636 ] ] ] }, { "type": "Polygon", "coordinates": [ [ [ 6.547250145487632, 50.749857009545543 ], [ 6.540599739525852, 50.774455905277158 ], [ 6.555108513047112, 50.782578299858038 ], [ 6.576810987049609, 50.774114839517978 ], [ 6.579193044481043, 50.752705088118695 ], [ 6.574858901004036, 50.746030053116272 ], [ 6.547250145487632, 50.749857009545543 ] ] ] }, { "type": "Polygon", "coordinates": [ [ [ 6.540230004840129, 50.528351117352685 ], [ 6.540499456434546, 50.531425005571506 ], [ 6.569821560815095, 50.533347194174127 ], [ 6.5720772390112, 50.526788311101292 ], [ 6.558701327894635, 50.50797503764101 ], [ 6.540230004840129, 50.528351117352685 ] ] ] }, { "type": "Polygon", "coordinates": [ [ [ 6.536984317254085, 50.576228653872462 ], [ 6.534495410064442, 50.585700440596071 ], [ 6.569423479818677, 50.616099548361746 ], [ 6.572617921850004, 50.614724696664453 ], [ 6.582301486979417, 50.597792911274212 ], [ 6.572759370250632, 50.570453138534013 ], [ 6.571456175574156, 50.569719988050799 ], [ 6.536984317254085, 50.576228653872462 ] ] ] }, { "type": "Polygon", "coordinates": [ [ [ 6.564958298219191, 51.24368715687379 ], [ 6.585086011568998, 51.253753196975815 ], [ 6.587089937903178, 51.251915393262884 ], [ 6.59328166406918, 51.228701546784428 ], [ 6.592685332165783, 51.211936668589608 ], [ 6.581513559115177, 51.193714894806767 ], [ 6.58045809027244, 51.193550443829864 ], [ 6.547346891521535, 51.219641232006467 ], [ 6.564958298219191, 51.24368715687379 ] ] ] }, { "type": "Polygon", "coordinates": [ [ [ 6.554710304341238, 51.129134471344216 ], [ 6.552912489566246, 51.134075187800207 ], [ 6.562548668192984, 51.156246397188141 ], [ 6.586765637438995, 51.146356826817687 ], [ 6.57702622882661, 51.125584495634001 ], [ 6.554710304341238, 51.129134471344216 ] ] ] }, { "type": "Polygon", "coordinates": [ [ [ 6.556937910615596, 51.045990633687751 ], [ 6.542280430919577, 51.065468365709513 ], [ 6.545083696707262, 51.071481796990064 ], [ 6.579541522984901, 51.064921803240587 ], [ 6.580222343262221, 51.061890040054486 ], [ 6.556937910615596, 51.045990633687751 ] ] ] }, { "type": "Polygon", "coordinates": [ [ [ 6.568581684705388, 50.822628360825583 ], [ 6.55263878116354, 50.840178895778585 ], [ 6.561343375092513, 50.85074773071144 ], [ 6.607357179724457, 50.844954973377675 ], [ 6.613583283347207, 50.827003263407882 ], [ 6.568581684705388, 50.822628360825583 ] ] ] }, { "type": "Polygon", "coordinates": [ [ [ 6.555108513047112, 50.782578299858038 ], [ 6.556166396518725, 50.797383700302838 ], [ 6.568138656180859, 50.808331974569171 ], [ 6.594155102173548, 50.791105265393973 ], [ 6.576810987049609, 50.774114839517978 ], [ 6.555108513047112, 50.782578299858038 ] ] ] }, { "type": "Polygon", "coordinates": [ [ [ 6.569821560815095, 50.533347194174127 ], [ 6.570288331926376, 50.535770463713476 ], [ 6.578512052206625, 50.547501618802158 ], [ 6.603339676170525, 50.545299749399199 ], [ 6.618407688261269, 50.523881740861178 ], [ 6.605715809493324, 50.510282429359954 ], [ 6.5720772390112, 50.526788311101292 ], [ 6.569821560815095, 50.533347194174127 ] ] ] }, { "type": "Polygon", "coordinates": [ [ [ 6.558432760038534, 50.503688748653303 ], [ 6.558701327894635, 50.50797503764101 ], [ 6.5720772390112, 50.526788311101292 ], [ 6.605715809493324, 50.510282429359954 ], [ 6.601851949243204, 50.497826825090534 ], [ 6.572684179842961, 50.492773389828656 ], [ 6.558432760038534, 50.503688748653303 ] ] ] }, { "type": "Polygon", "coordinates": [ [ [ 6.563053913502534, 50.957069577539734 ], [ 6.56070075916053, 50.958208632114484 ], [ 6.552971447367081, 50.97955065211103 ], [ 6.57211270602141, 50.98680588285108 ], [ 6.581595491733582, 50.983733064011453 ], [ 6.580181165000114, 50.953325044082312 ], [ 6.563053913502534, 50.957069577539734 ] ] ] }, { "type": "Polygon", "coordinates": [ [ [ 6.571138307916389, 50.647703996803301 ], [ 6.544281072815772, 50.670872956263388 ], [ 6.563650886833504, 50.680178617253326 ], [ 6.58514092645074, 50.669312139272719 ], [ 6.578308351146902, 50.652127785429514 ], [ 6.571138307916389, 50.647703996803301 ] ] ] }, { "type": "Polygon", "coordinates": [ [ [ 6.561343375092513, 50.85074773071144 ], [ 6.566044392597946, 50.879985406158745 ], [ 6.571059104292319, 50.883227923956838 ], [ 6.608918578701388, 50.860374924995625 ], [ 6.607357179724457, 50.844954973377675 ], [ 6.561343375092513, 50.85074773071144 ] ] ] }, { "type": "Polygon", "coordinates": [ [ [ 6.582400773108507, 50.386243413506428 ], [ 6.597685672113514, 50.413506735260682 ], [ 6.632908002730448, 50.411103722202796 ], [ 6.636153659541194, 50.409340782724691 ], [ 6.638921462292901, 50.385412679942391 ], [ 6.582941357543293, 50.325697948475849 ], [ 6.582400773108507, 50.386243413506428 ] ] ] }, { "type": "Polygon", "coordinates": [ [ [ 6.560017488474737, 50.450782909037521 ], [ 6.559172111987933, 50.45720613948172 ], [ 6.572684179842961, 50.492773389828656 ], [ 6.601851949243204, 50.497826825090534 ], [ 6.611017125346576, 50.469012238654699 ], [ 6.588282827087016, 50.440209066042172 ], [ 6.560017488474737, 50.450782909037521 ] ] ] }, { "type": "Polygon", "coordinates": [ [ [ 6.555017606670738, 50.921843203587059 ], [ 6.563053913502534, 50.957069577539734 ], [ 6.580181165000114, 50.953325044082312 ], [ 6.582583711122527, 50.951450544861373 ], [ 6.562596312109091, 50.919994630541275 ], [ 6.555017606670738, 50.921843203587059 ] ] ] }, { "type": "Polygon", "coordinates": [ [ [ 6.566432300225254, 50.690992810427545 ], [ 6.547622012093389, 50.708899955910688 ], [ 6.589970843166038, 50.703670028357756 ], [ 6.587686885428397, 50.695572158902124 ], [ 6.566432300225254, 50.690992810427545 ] ] ] }, { "type": "Polygon", "coordinates": [ [ [ 6.583800066276965, 51.269772984737116 ], [ 6.555508838309587, 51.296887442652377 ], [ 6.597396628661602, 51.320663052047237 ], [ 6.616130074585953, 51.298959669869156 ], [ 6.583800066276965, 51.269772984737116 ] ] ] }, { "type": "Polygon", "coordinates": [ [ [ 6.559087245314096, 51.010067560060371 ], [ 6.573719653768245, 51.029773597061322 ], [ 6.580021531505997, 51.029184857416183 ], [ 6.588034256204541, 51.023119551980429 ], [ 6.590724451628429, 51.009412151617219 ], [ 6.570175826451557, 51.003092607314642 ], [ 6.559087245314096, 51.010067560060371 ] ] ] }, { "type": "Polygon", "coordinates": [ [ [ 6.547622012093389, 50.708899955910688 ], [ 6.545639493161408, 50.709952992423695 ], [ 6.576524354049086, 50.733164505353272 ], [ 6.596019776733629, 50.713529093030623 ], [ 6.595835479870246, 50.712689576973723 ], [ 6.589970843166038, 50.703670028357756 ], [ 6.547622012093389, 50.708899955910688 ] ] ] }, { "type": "Polygon", "coordinates": [ [ [ 6.545658255089489, 51.092011356101075 ], [ 6.558185687662047, 51.104079222264055 ], [ 6.561913274211154, 51.104399308440264 ], [ 6.577838592732197, 51.080887638343256 ], [ 6.577805976586638, 51.080404103991761 ], [ 6.548015969868712, 51.081299270732778 ], [ 6.545658255089489, 51.092011356101075 ] ] ] }, { "type": "Polygon", "coordinates": [ [ [ 6.556990068074392, 51.045297665081861 ], [ 6.556937910615596, 51.045990633687751 ], [ 6.580222343262221, 51.061890040054486 ], [ 6.590734695289687, 51.055077517717599 ], [ 6.580021531505997, 51.029184857416183 ], [ 6.573719653768245, 51.029773597061322 ], [ 6.556990068074392, 51.045297665081861 ] ] ] }, { "type": "Polygon", "coordinates": [ [ [ 6.574858901004036, 50.746030053116272 ], [ 6.579193044481043, 50.752705088118695 ], [ 6.615019582677214, 50.753942618878348 ], [ 6.627775899853099, 50.731727001195416 ], [ 6.596019776733629, 50.713529093030623 ], [ 6.576524354049086, 50.733164505353272 ], [ 6.574858901004036, 50.746030053116272 ] ] ] }, { "type": "Polygon", "coordinates": [ [ [ 6.580455805092176, 50.902756782227833 ], [ 6.562596312109091, 50.919994630541275 ], [ 6.582583711122527, 50.951450544861373 ], [ 6.585660899738008, 50.950600188540236 ], [ 6.587805664055358, 50.943618122744731 ], [ 6.580455805092176, 50.902756782227833 ] ] ] }, { "type": "Polygon", "coordinates": [ [ [ 6.577838592732197, 51.080887638343256 ], [ 6.561913274211154, 51.104399308440264 ], [ 6.569987850815449, 51.107317967638096 ], [ 6.582799261884289, 51.096109636935346 ], [ 6.577838592732197, 51.080887638343256 ] ] ] }, { "type": "Polygon", "coordinates": [ [ [ 6.58514092645074, 50.669312139272719 ], [ 6.563650886833504, 50.680178617253326 ], [ 6.566432300225254, 50.690992810427545 ], [ 6.587686885428397, 50.695572158902124 ], [ 6.591092591518906, 50.675405510614112 ], [ 6.58514092645074, 50.669312139272719 ] ] ] }, { "type": "Polygon", "coordinates": [ [ [ 6.589970843166038, 50.703670028357756 ], [ 6.595835479870246, 50.712689576973723 ], [ 6.619321885921568, 50.68826677382431 ], [ 6.598413359165185, 50.674134293512672 ], [ 6.591092591518906, 50.675405510614112 ], [ 6.587686885428397, 50.695572158902124 ], [ 6.589970843166038, 50.703670028357756 ] ] ] }, { "type": "Polygon", "coordinates": [ [ [ 6.582583711122527, 50.951450544861373 ], [ 6.580181165000114, 50.953325044082312 ], [ 6.581595491733582, 50.983733064011453 ], [ 6.59810863374327, 50.992266237372512 ], [ 6.606463301826194, 50.979610401571605 ], [ 6.589720941385274, 50.952023374196209 ], [ 6.585660899738008, 50.950600188540236 ], [ 6.582583711122527, 50.951450544861373 ] ] ] }, { "type": "Polygon", "coordinates": [ [ [ 6.577805976586638, 51.080404103991761 ], [ 6.577838592732197, 51.080887638343256 ], [ 6.582799261884289, 51.096109636935346 ], [ 6.602542364429107, 51.105194306753567 ], [ 6.612432950327391, 51.083575833238285 ], [ 6.612096627217605, 51.083044454293571 ], [ 6.579377034104211, 51.078360048964228 ], [ 6.577805976586638, 51.080404103991761 ] ] ] }, { "type": "Polygon", "coordinates": [ [ [ 6.579193044481043, 50.752705088118695 ], [ 6.576810987049609, 50.774114839517978 ], [ 6.594155102173548, 50.791105265393973 ], [ 6.609342305322016, 50.795881465381662 ], [ 6.612324688749005, 50.791360550859899 ], [ 6.615995939050848, 50.760339327952465 ], [ 6.615019582677214, 50.753942618878348 ], [ 6.579193044481043, 50.752705088118695 ] ] ] }, { "type": "Polygon", "coordinates": [ [ [ 6.569987850815449, 51.107317967638096 ], [ 6.578349161215689, 51.119803259587258 ], [ 6.602687291279418, 51.107830345475513 ], [ 6.602542364429107, 51.105194306753567 ], [ 6.582799261884289, 51.096109636935346 ], [ 6.569987850815449, 51.107317967638096 ] ] ] }, { "type": "Polygon", "coordinates": [ [ [ 6.555508838309587, 51.296887442652377 ], [ 6.548978598408457, 51.300416312890839 ], [ 6.582023209350238, 51.341143051669277 ], [ 6.593451972756641, 51.338909921310126 ], [ 6.597396628661602, 51.320663052047237 ], [ 6.555508838309587, 51.296887442652377 ] ] ] }, { "type": "Polygon", "coordinates": [ [ [ 6.594155102173548, 50.791105265393973 ], [ 6.568138656180859, 50.808331974569171 ], [ 6.568581684705388, 50.822628360825583 ], [ 6.613583283347207, 50.827003263407882 ], [ 6.613847901294149, 50.826690068252255 ], [ 6.613176162424094, 50.810911957273397 ], [ 6.609342305322016, 50.795881465381662 ], [ 6.594155102173548, 50.791105265393973 ] ] ] }, { "type": "Polygon", "coordinates": [ [ [ 6.57211270602141, 50.98680588285108 ], [ 6.570175826451557, 51.003092607314642 ], [ 6.590724451628429, 51.009412151617219 ], [ 6.599133525015945, 50.999046674269273 ], [ 6.59810863374327, 50.992266237372512 ], [ 6.581595491733582, 50.983733064011453 ], [ 6.57211270602141, 50.98680588285108 ] ] ] }, { "type": "Polygon", "coordinates": [ [ [ 6.580222343262221, 51.061890040054486 ], [ 6.579541522984901, 51.064921803240587 ], [ 6.579377034104211, 51.078360048964228 ], [ 6.612096627217605, 51.083044454293571 ], [ 6.608198292920263, 51.055843805833007 ], [ 6.590734695289687, 51.055077517717599 ], [ 6.580222343262221, 51.061890040054486 ] ] ] }, { "type": "Polygon", "coordinates": [ [ [ 6.571456175574156, 50.569719988050799 ], [ 6.572759370250632, 50.570453138534013 ], [ 6.586616187641133, 50.57173067967242 ], [ 6.603695745571183, 50.5532757029302 ], [ 6.603339676170525, 50.545299749399199 ], [ 6.578512052206625, 50.547501618802158 ], [ 6.571456175574156, 50.569719988050799 ] ] ] }, { "type": "Polygon", "coordinates": [ [ [ 6.578349161215689, 51.119803259587258 ], [ 6.57702622882661, 51.125584495634001 ], [ 6.586765637438995, 51.146356826817687 ], [ 6.594415777585057, 51.148493546838928 ], [ 6.605494800842083, 51.1439358858335 ], [ 6.608317152120091, 51.116234380218543 ], [ 6.602687291279418, 51.107830345475513 ], [ 6.578349161215689, 51.119803259587258 ] ] ] }, { "type": "Polygon", "coordinates": [ [ [ 6.580509977356308, 50.90266827232977 ], [ 6.580455805092176, 50.902756782227833 ], [ 6.587805664055358, 50.943618122744731 ], [ 6.61164632462443, 50.913053174002037 ], [ 6.609926675678507, 50.906831272526453 ], [ 6.580509977356308, 50.90266827232977 ] ] ] }, { "type": "Polygon", "coordinates": [ [ [ 6.588034256204541, 51.023119551980429 ], [ 6.580021531505997, 51.029184857416183 ], [ 6.590734695289687, 51.055077517717599 ], [ 6.608198292920263, 51.055843805833007 ], [ 6.621009148607397, 51.04005211102232 ], [ 6.588034256204541, 51.023119551980429 ] ] ] }, { "type": "Polygon", "coordinates": [ [ [ 6.552124830586579, 51.396340603424456 ], [ 6.551843280196479, 51.399311422713239 ], [ 6.578732268721533, 51.479693047628999 ], [ 6.605550462196733, 51.460552962863233 ], [ 6.611713350697647, 51.452862129966022 ], [ 6.631220915743937, 51.381757705034701 ], [ 6.631470971049619, 51.380608529979199 ], [ 6.62864164805266, 51.375285017783028 ], [ 6.606833542614909, 51.362730190109922 ], [ 6.552124830586579, 51.396340603424456 ] ] ] }, { "type": "Polygon", "coordinates": [ [ [ 6.581513559115177, 51.193714894806767 ], [ 6.592685332165783, 51.211936668589608 ], [ 6.63540706466971, 51.199196919496593 ], [ 6.618602962932537, 51.182215358121397 ], [ 6.594449089786625, 51.181128851969149 ], [ 6.581513559115177, 51.193714894806767 ] ] ] }, { "type": "Polygon", "coordinates": [ [ [ 6.59328166406918, 51.228701546784428 ], [ 6.587089937903178, 51.251915393262884 ], [ 6.648449464349794, 51.248558947917033 ], [ 6.652820380152726, 51.245378395280802 ], [ 6.653269602022609, 51.243834416998723 ], [ 6.647093535337742, 51.216338289509444 ], [ 6.59328166406918, 51.228701546784428 ] ] ] }, { "type": "Polygon", "coordinates": [ [ [ 6.572759370250632, 50.570453138534013 ], [ 6.582301486979417, 50.597792911274212 ], [ 6.60005250180005, 50.590091964151178 ], [ 6.603189398411963, 50.584934444614355 ], [ 6.586616187641133, 50.57173067967242 ], [ 6.572759370250632, 50.570453138534013 ] ] ] }, { "type": "Polygon", "coordinates": [ [ [ 6.597685672113514, 50.413506735260682 ], [ 6.588282827087016, 50.440209066042172 ], [ 6.611017125346576, 50.469012238654699 ], [ 6.64358573525168, 50.465457236381745 ], [ 6.632908002730448, 50.411103722202796 ], [ 6.597685672113514, 50.413506735260682 ] ] ] }, { "type": "Polygon", "coordinates": [ [ [ 6.578308351146902, 50.652127785429514 ], [ 6.58514092645074, 50.669312139272719 ], [ 6.591092591518906, 50.675405510614112 ], [ 6.598413359165185, 50.674134293512672 ], [ 6.619239105565411, 50.656408782739746 ], [ 6.619923053837842, 50.653953834607819 ], [ 6.598190310691041, 50.643370933917417 ], [ 6.578308351146902, 50.652127785429514 ] ] ] }, { "type": "Polygon", "coordinates": [ [ [ 6.607357179724457, 50.844954973377675 ], [ 6.608918578701388, 50.860374924995625 ], [ 6.627434542274091, 50.8844960392912 ], [ 6.650432869780402, 50.883789967391955 ], [ 6.65965979381227, 50.875395895763269 ], [ 6.668553006803887, 50.847022311248203 ], [ 6.665304747555479, 50.843151175007272 ], [ 6.63960677111511, 50.83206884690803 ], [ 6.613847901294149, 50.826690068252255 ], [ 6.613583283347207, 50.827003263407882 ], [ 6.607357179724457, 50.844954973377675 ] ] ] }, { "type": "Polygon", "coordinates": [ [ [ 6.582301486979417, 50.597792911274212 ], [ 6.572617921850004, 50.614724696664453 ], [ 6.600508088758557, 50.619678681114991 ], [ 6.605516948969147, 50.613809687766498 ], [ 6.60005250180005, 50.590091964151178 ], [ 6.582301486979417, 50.597792911274212 ] ] ] }, { "type": "Polygon", "coordinates": [ [ [ 6.603339676170525, 50.545299749399199 ], [ 6.603695745571183, 50.5532757029302 ], [ 6.613214910478487, 50.57002806813454 ], [ 6.624459983757929, 50.568845372076481 ], [ 6.63100757495972, 50.541067713907296 ], [ 6.619599752327108, 50.524108835901863 ], [ 6.618407688261269, 50.523881740861178 ], [ 6.603339676170525, 50.545299749399199 ] ] ] }, { "type": "Polygon", "coordinates": [ [ [ 6.601851949243204, 50.497826825090534 ], [ 6.605715809493324, 50.510282429359954 ], [ 6.618407688261269, 50.523881740861178 ], [ 6.619599752327108, 50.524108835901863 ], [ 6.630577767547971, 50.519193003234278 ], [ 6.654220856486234, 50.485812048767627 ], [ 6.655171026234034, 50.469488058665831 ], [ 6.64358573525168, 50.465457236381745 ], [ 6.611017125346576, 50.469012238654699 ], [ 6.601851949243204, 50.497826825090534 ] ] ] }, { "type": "Polygon", "coordinates": [ [ [ 6.608198292920263, 51.055843805833007 ], [ 6.612096627217605, 51.083044454293571 ], [ 6.612432950327391, 51.083575833238285 ], [ 6.620346828991303, 51.084514838433485 ], [ 6.644574519878182, 51.058836659427818 ], [ 6.635186132827446, 51.037714186583138 ], [ 6.6336557107747, 51.036236509511333 ], [ 6.629235570602666, 51.03621647159045 ], [ 6.621009148607397, 51.04005211102232 ], [ 6.608198292920263, 51.055843805833007 ] ] ] }, { "type": "Polygon", "coordinates": [ [ [ 6.593451972756641, 51.338909921310126 ], [ 6.597043469849673, 51.341825271199347 ], [ 6.626566714561132, 51.335053308357629 ], [ 6.635261623646931, 51.306048321863933 ], [ 6.628961624025818, 51.300060529518127 ], [ 6.616130074585953, 51.298959669869156 ], [ 6.597396628661602, 51.320663052047237 ], [ 6.593451972756641, 51.338909921310126 ] ] ] }, { "type": "Polygon", "coordinates": [ [ [ 6.603695745571183, 50.5532757029302 ], [ 6.586616187641133, 50.57173067967242 ], [ 6.603189398411963, 50.584934444614355 ], [ 6.605134690288449, 50.584214910486232 ], [ 6.613214910478487, 50.57002806813454 ], [ 6.603695745571183, 50.5532757029302 ] ] ] }, { "type": "Polygon", "coordinates": [ [ [ 6.571059104292319, 50.883227923956838 ], [ 6.580509977356308, 50.90266827232977 ], [ 6.609926675678507, 50.906831272526453 ], [ 6.627434542274091, 50.8844960392912 ], [ 6.608918578701388, 50.860374924995625 ], [ 6.571059104292319, 50.883227923956838 ] ] ] }, { "type": "Polygon", "coordinates": [ [ [ 6.590724451628429, 51.009412151617219 ], [ 6.588034256204541, 51.023119551980429 ], [ 6.621009148607397, 51.04005211102232 ], [ 6.629235570602666, 51.03621647159045 ], [ 6.612200681711824, 51.005346452208137 ], [ 6.599133525015945, 50.999046674269273 ], [ 6.590724451628429, 51.009412151617219 ] ] ] }, { "type": "Polygon", "coordinates": [ [ [ 6.61164632462443, 50.913053174002037 ], [ 6.587805664055358, 50.943618122744731 ], [ 6.585660899738008, 50.950600188540236 ], [ 6.589720941385274, 50.952023374196209 ], [ 6.615356481949267, 50.948217430767784 ], [ 6.618494308312358, 50.922707309469715 ], [ 6.61164632462443, 50.913053174002037 ] ] ] }, { "type": "Polygon", "coordinates": [ [ [ 6.602542364429107, 51.105194306753567 ], [ 6.602687291279418, 51.107830345475513 ], [ 6.608317152120091, 51.116234380218543 ], [ 6.63391369643015, 51.115827576580863 ], [ 6.640351171975423, 51.096113256447595 ], [ 6.620346828991303, 51.084514838433485 ], [ 6.612432950327391, 51.083575833238285 ], [ 6.602542364429107, 51.105194306753567 ] ] ] }, { "type": "Polygon", "coordinates": [ [ [ 6.592685332165783, 51.211936668589608 ], [ 6.59328166406918, 51.228701546784428 ], [ 6.647093535337742, 51.216338289509444 ], [ 6.646981744747614, 51.203994740840002 ], [ 6.63540706466971, 51.199196919496593 ], [ 6.592685332165783, 51.211936668589608 ] ] ] }, { "type": "Polygon", "coordinates": [ [ [ 6.59810863374327, 50.992266237372512 ], [ 6.599133525015945, 50.999046674269273 ], [ 6.612200681711824, 51.005346452208137 ], [ 6.64434814447565, 50.98565796533785 ], [ 6.643974305978018, 50.98200552498821 ], [ 6.627594096105939, 50.972133143198505 ], [ 6.606463301826194, 50.979610401571605 ], [ 6.59810863374327, 50.992266237372512 ] ] ] }, { "type": "Polygon", "coordinates": [ [ [ 6.601772124275272, 50.623358867668749 ], [ 6.598190310691041, 50.643370933917417 ], [ 6.619923053837842, 50.653953834607819 ], [ 6.626239315743811, 50.648762443288092 ], [ 6.62824289785662, 50.637477937152369 ], [ 6.601772124275272, 50.623358867668749 ] ] ] }, { "type": "Polygon", "coordinates": [ [ [ 6.615019582677214, 50.753942618878348 ], [ 6.615995939050848, 50.760339327952465 ], [ 6.651971630811572, 50.772614587421053 ], [ 6.653063321819126, 50.77112812431902 ], [ 6.640392401116415, 50.737954736165975 ], [ 6.632364902708716, 50.73185933695175 ], [ 6.630121010165156, 50.73100277015417 ], [ 6.627775899853099, 50.731727001195416 ], [ 6.615019582677214, 50.753942618878348 ] ] ] }, { "type": "Polygon", "coordinates": [ [ [ 6.619321885921568, 50.68826677382431 ], [ 6.595835479870246, 50.712689576973723 ], [ 6.596019776733629, 50.713529093030623 ], [ 6.627775899853099, 50.731727001195416 ], [ 6.630121010165156, 50.73100277015417 ], [ 6.636761117570651, 50.708372697832921 ], [ 6.629772404433847, 50.687076902098973 ], [ 6.619321885921568, 50.68826677382431 ] ] ] }, { "type": "Polygon", "coordinates": [ [ [ 6.612324688749005, 50.791360550859899 ], [ 6.609342305322016, 50.795881465381662 ], [ 6.613176162424094, 50.810911957273397 ], [ 6.652260826119899, 50.799938557691938 ], [ 6.65671110930873, 50.796460701459978 ], [ 6.649108827703381, 50.781013142664072 ], [ 6.612324688749005, 50.791360550859899 ] ] ] }, { "type": "Polygon", "coordinates": [ [ [ 6.62864164805266, 51.375285017783028 ], [ 6.634200641087771, 51.3505810092188 ], [ 6.626566714561132, 51.335053308357629 ], [ 6.597043469849673, 51.341825271199347 ], [ 6.606833542614909, 51.362730190109922 ], [ 6.62864164805266, 51.375285017783028 ] ] ] }, { "type": "Polygon", "coordinates": [ [ [ 6.634200641087771, 51.3505810092188 ], [ 6.62864164805266, 51.375285017783028 ], [ 6.631470971049619, 51.380608529979199 ], [ 6.640614487599693, 51.378130271664546 ], [ 6.666508720838897, 51.355720191555093 ], [ 6.66682872310679, 51.34662610997875 ], [ 6.657312138356191, 51.338689937714435 ], [ 6.634200641087771, 51.3505810092188 ] ] ] }, { "type": "Polygon", "coordinates": [ [ [ 6.603189398411963, 50.584934444614355 ], [ 6.60005250180005, 50.590091964151178 ], [ 6.605516948969147, 50.613809687766498 ], [ 6.625428647730992, 50.608377667304339 ], [ 6.617314071056187, 50.591110253420005 ], [ 6.605134690288449, 50.584214910486232 ], [ 6.603189398411963, 50.584934444614355 ] ] ] }, { "type": "Polygon", "coordinates": [ [ [ 6.609926675678507, 50.906831272526453 ], [ 6.61164632462443, 50.913053174002037 ], [ 6.618494308312358, 50.922707309469715 ], [ 6.642077261977503, 50.928865798272824 ], [ 6.655882135336057, 50.904909032950151 ], [ 6.650432869780402, 50.883789967391955 ], [ 6.627434542274091, 50.8844960392912 ], [ 6.609926675678507, 50.906831272526453 ] ] ] }, { "type": "Polygon", "coordinates": [ [ [ 6.600508088758557, 50.619678681114991 ], [ 6.601772124275272, 50.623358867668749 ], [ 6.62824289785662, 50.637477937152369 ], [ 6.635572822319827, 50.626914771917193 ], [ 6.628395789711454, 50.609400852420755 ], [ 6.625428647730992, 50.608377667304339 ], [ 6.605516948969147, 50.613809687766498 ], [ 6.600508088758557, 50.619678681114991 ] ] ] }, { "type": "Polygon", "coordinates": [ [ [ 6.615356481949267, 50.948217430767784 ], [ 6.589720941385274, 50.952023374196209 ], [ 6.606463301826194, 50.979610401571605 ], [ 6.627594096105939, 50.972133143198505 ], [ 6.62319194118102, 50.955103335604299 ], [ 6.615356481949267, 50.948217430767784 ] ] ] }, { "type": "Polygon", "coordinates": [ [ [ 6.605494800842083, 51.1439358858335 ], [ 6.594415777585057, 51.148493546838928 ], [ 6.594449089786625, 51.181128851969149 ], [ 6.618602962932537, 51.182215358121397 ], [ 6.624349959994747, 51.150553160336216 ], [ 6.605494800842083, 51.1439358858335 ] ] ] }, { "type": "Polygon", "coordinates": [ [ [ 6.598413359165185, 50.674134293512672 ], [ 6.619321885921568, 50.68826677382431 ], [ 6.629772404433847, 50.687076902098973 ], [ 6.631071391820337, 50.684646221110683 ], [ 6.619239105565411, 50.656408782739746 ], [ 6.598413359165185, 50.674134293512672 ] ] ] }, { "type": "Polygon", "coordinates": [ [ [ 6.618602962932537, 51.182215358121397 ], [ 6.63540706466971, 51.199196919496593 ], [ 6.646981744747614, 51.203994740840002 ], [ 6.656023012077174, 51.194365720257892 ], [ 6.645865627347043, 51.146253934424223 ], [ 6.645259042924819, 51.145871020911876 ], [ 6.624349959994747, 51.150553160336216 ], [ 6.618602962932537, 51.182215358121397 ] ] ] }, { "type": "Polygon", "coordinates": [ [ [ 6.587089937903178, 51.251915393262884 ], [ 6.585086011568998, 51.253753196975815 ], [ 6.583800066276965, 51.269772984737116 ], [ 6.616130074585953, 51.298959669869156 ], [ 6.628961624025818, 51.300060529518127 ], [ 6.648449464349794, 51.248558947917033 ], [ 6.587089937903178, 51.251915393262884 ] ] ] }, { "type": "Polygon", "coordinates": [ [ [ 6.62319194118102, 50.955103335604299 ], [ 6.627594096105939, 50.972133143198505 ], [ 6.643974305978018, 50.98200552498821 ], [ 6.654296240465284, 50.971763066506739 ], [ 6.64202196709615, 50.941811552478015 ], [ 6.62319194118102, 50.955103335604299 ] ] ] }, { "type": "Polygon", "coordinates": [ [ [ 6.615356481949267, 50.948217430767784 ], [ 6.62319194118102, 50.955103335604299 ], [ 6.64202196709615, 50.941811552478015 ], [ 6.644921861174423, 50.935477569417657 ], [ 6.642077261977503, 50.928865798272824 ], [ 6.618494308312358, 50.922707309469715 ], [ 6.615356481949267, 50.948217430767784 ] ] ] }, { "type": "Polygon", "coordinates": [ [ [ 6.619923053837842, 50.653953834607819 ], [ 6.619239105565411, 50.656408782739746 ], [ 6.631071391820337, 50.684646221110683 ], [ 6.647203265176193, 50.676814906508071 ], [ 6.638759203797139, 50.654094126066802 ], [ 6.626239315743811, 50.648762443288092 ], [ 6.619923053837842, 50.653953834607819 ] ] ] }, { "type": "Polygon", "coordinates": [ [ [ 6.605494800842083, 51.1439358858335 ], [ 6.624349959994747, 51.150553160336216 ], [ 6.645259042924819, 51.145871020911876 ], [ 6.643933726807552, 51.133996426814441 ], [ 6.63391369643015, 51.115827576580863 ], [ 6.608317152120091, 51.116234380218543 ], [ 6.605494800842083, 51.1439358858335 ] ] ] }, { "type": "Polygon", "coordinates": [ [ [ 6.613214910478487, 50.57002806813454 ], [ 6.605134690288449, 50.584214910486232 ], [ 6.617314071056187, 50.591110253420005 ], [ 6.636947797638451, 50.578982453028118 ], [ 6.635718170362268, 50.576056424891142 ], [ 6.624459983757929, 50.568845372076481 ], [ 6.613214910478487, 50.57002806813454 ] ] ] }, { "type": "Polygon", "coordinates": [ [ [ 6.617314071056187, 50.591110253420005 ], [ 6.625428647730992, 50.608377667304339 ], [ 6.628395789711454, 50.609400852420755 ], [ 6.640102070045548, 50.598747359798935 ], [ 6.639290292335843, 50.581211448713894 ], [ 6.636947797638451, 50.578982453028118 ], [ 6.617314071056187, 50.591110253420005 ] ] ] }, { "type": "Polygon", "coordinates": [ [ [ 6.612200681711824, 51.005346452208137 ], [ 6.629235570602666, 51.03621647159045 ], [ 6.6336557107747, 51.036236509511333 ], [ 6.653211962861326, 51.004689010018197 ], [ 6.64434814447565, 50.98565796533785 ], [ 6.612200681711824, 51.005346452208137 ] ] ] }, { "type": "Polygon", "coordinates": [ [ [ 6.62824289785662, 50.637477937152369 ], [ 6.626239315743811, 50.648762443288092 ], [ 6.638759203797139, 50.654094126066802 ], [ 6.669539097001095, 50.64718869508031 ], [ 6.671662782801047, 50.645507842247895 ], [ 6.6727478882559, 50.642175456738336 ], [ 6.671115067211009, 50.627300484566753 ], [ 6.635572822319827, 50.626914771917193 ], [ 6.62824289785662, 50.637477937152369 ] ] ] }, { "type": "Polygon", "coordinates": [ [ [ 6.648449464349794, 51.248558947917033 ], [ 6.628961624025818, 51.300060529518127 ], [ 6.635261623646931, 51.306048321863933 ], [ 6.650615733151037, 51.310600426434242 ], [ 6.658452747776483, 51.308012038659967 ], [ 6.681419709012165, 51.276490188225736 ], [ 6.652820380152726, 51.245378395280802 ], [ 6.648449464349794, 51.248558947917033 ] ] ] }, { "type": "Polygon", "coordinates": [ [ [ 6.656023012077174, 51.194365720257892 ], [ 6.646981744747614, 51.203994740840002 ], [ 6.647093535337742, 51.216338289509444 ], [ 6.653269602022609, 51.243834416998723 ], [ 6.697113815309631, 51.230566905248224 ], [ 6.702902096002381, 51.217201675466058 ], [ 6.666541512550524, 51.191926413486776 ], [ 6.656023012077174, 51.194365720257892 ] ] ] }, { "type": "Polygon", "coordinates": [ [ [ 6.635261623646931, 51.306048321863933 ], [ 6.626566714561132, 51.335053308357629 ], [ 6.634200641087771, 51.3505810092188 ], [ 6.657312138356191, 51.338689937714435 ], [ 6.650615733151037, 51.310600426434242 ], [ 6.635261623646931, 51.306048321863933 ] ] ] }, { "type": "Polygon", "coordinates": [ [ [ 6.636153659541194, 50.409340782724691 ], [ 6.632908002730448, 50.411103722202796 ], [ 6.64358573525168, 50.465457236381745 ], [ 6.655171026234034, 50.469488058665831 ], [ 6.657359179664036, 50.468560142750711 ], [ 6.672664024605816, 50.428529251782884 ], [ 6.670304205784205, 50.418716908860091 ], [ 6.660891657409431, 50.412038934301322 ], [ 6.636153659541194, 50.409340782724691 ] ] ] }, { "type": "Polygon", "coordinates": [ [ [ 6.624459983757929, 50.568845372076481 ], [ 6.635718170362268, 50.576056424891142 ], [ 6.647174481759262, 50.555943630572372 ], [ 6.644814213419331, 50.55006143542542 ], [ 6.63100757495972, 50.541067713907296 ], [ 6.624459983757929, 50.568845372076481 ] ] ] }, { "type": "Polygon", "coordinates": [ [ [ 6.640351171975423, 51.096113256447595 ], [ 6.63391369643015, 51.115827576580863 ], [ 6.643933726807552, 51.133996426814441 ], [ 6.670571495481159, 51.100762879553805 ], [ 6.666056230604252, 51.091389556583358 ], [ 6.660358572928114, 51.089701405240277 ], [ 6.640351171975423, 51.096113256447595 ] ] ] }, { "type": "Polygon", "coordinates": [ [ [ 6.635186132827446, 51.037714186583138 ], [ 6.644574519878182, 51.058836659427818 ], [ 6.646793910100322, 51.060816783324441 ], [ 6.682659852612957, 51.053697485159077 ], [ 6.683101505118143, 51.053113626945454 ], [ 6.677671679986932, 51.040717170492776 ], [ 6.635186132827446, 51.037714186583138 ] ] ] }, { "type": "Polygon", "coordinates": [ [ [ 6.631071391820337, 50.684646221110683 ], [ 6.629772404433847, 50.687076902098973 ], [ 6.636761117570651, 50.708372697832921 ], [ 6.670155294491368, 50.695273415360361 ], [ 6.670500994603796, 50.694464034922568 ], [ 6.65330823202933, 50.6772464508269 ], [ 6.647203265176193, 50.676814906508071 ], [ 6.631071391820337, 50.684646221110683 ] ] ] }, { "type": "Polygon", "coordinates": [ [ [ 6.615995939050848, 50.760339327952465 ], [ 6.612324688749005, 50.791360550859899 ], [ 6.649108827703381, 50.781013142664072 ], [ 6.651971630811572, 50.772614587421053 ], [ 6.615995939050848, 50.760339327952465 ] ] ] }, { "type": "Polygon", "coordinates": [ [ [ 6.636947797638451, 50.578982453028118 ], [ 6.639290292335843, 50.581211448713894 ], [ 6.659128134490847, 50.57922860009996 ], [ 6.655568036672918, 50.560704020154652 ], [ 6.647174481759262, 50.555943630572372 ], [ 6.635718170362268, 50.576056424891142 ], [ 6.636947797638451, 50.578982453028118 ] ] ] }, { "type": "Polygon", "coordinates": [ [ [ 6.620346828991303, 51.084514838433485 ], [ 6.640351171975423, 51.096113256447595 ], [ 6.660358572928114, 51.089701405240277 ], [ 6.646793910100322, 51.060816783324441 ], [ 6.644574519878182, 51.058836659427818 ], [ 6.620346828991303, 51.084514838433485 ] ] ] }, { "type": "Polygon", "coordinates": [ [ [ 6.619599752327108, 50.524108835901863 ], [ 6.63100757495972, 50.541067713907296 ], [ 6.644814213419331, 50.55006143542542 ], [ 6.670183815117602, 50.534075821521917 ], [ 6.669021272131496, 50.525687824944164 ], [ 6.630577767547971, 50.519193003234278 ], [ 6.619599752327108, 50.524108835901863 ] ] ] }, { "type": "Polygon", "coordinates": [ [ [ 6.628395789711454, 50.609400852420755 ], [ 6.635572822319827, 50.626914771917193 ], [ 6.671115067211009, 50.627300484566753 ], [ 6.674801265125473, 50.619542357373938 ], [ 6.676125232883121, 50.611323712158196 ], [ 6.671940805568433, 50.607258247086364 ], [ 6.640102070045548, 50.598747359798935 ], [ 6.628395789711454, 50.609400852420755 ] ] ] }, { "type": "Polygon", "coordinates": [ [ [ 6.644921861174423, 50.935477569417657 ], [ 6.64202196709615, 50.941811552478015 ], [ 6.654296240465284, 50.971763066506739 ], [ 6.657734611495253, 50.96998259917104 ], [ 6.672262937004048, 50.953698725602763 ], [ 6.665633886706892, 50.94082906930791 ], [ 6.644921861174423, 50.935477569417657 ] ] ] }, { "type": "Polygon", "coordinates": [ [ [ 6.738189610214481, 48.298109999876601 ], [ 6.670150501304898, 50.351824797607001 ], [ 6.676127588890289, 50.368846503992117 ], [ 6.705011468227786, 50.394475365082087 ], [ 6.731577004725706, 50.36044774100278 ], [ 6.91118108211028, 48.298109999876601 ], [ 6.738189610214481, 48.298109999876601 ] ] ] }, { "type": "Polygon", "coordinates": [ [ [ 6.653063321819126, 50.77112812431902 ], [ 6.651971630811572, 50.772614587421053 ], [ 6.649108827703381, 50.781013142664072 ], [ 6.65671110930873, 50.796460701459978 ], [ 6.662673753876557, 50.799481497555156 ], [ 6.689772495773191, 50.767627017718411 ], [ 6.685931179656439, 50.763808419575199 ], [ 6.681145223109138, 50.763464375681089 ], [ 6.653063321819126, 50.77112812431902 ] ] ] }, { "type": "Polygon", "coordinates": [ [ [ 6.613847901294149, 50.826690068252255 ], [ 6.63960677111511, 50.83206884690803 ], [ 6.652260826119899, 50.799938557691938 ], [ 6.613176162424094, 50.810911957273397 ], [ 6.613847901294149, 50.826690068252255 ] ] ] }, { "type": "Polygon", "coordinates": [ [ [ 6.65671110930873, 50.796460701459978 ], [ 6.652260826119899, 50.799938557691938 ], [ 6.63960677111511, 50.83206884690803 ], [ 6.665304747555479, 50.843151175007272 ], [ 6.667900177129374, 50.806184837661668 ], [ 6.662673753876557, 50.799481497555156 ], [ 6.65671110930873, 50.796460701459978 ] ] ] }, { "type": "Polygon", "coordinates": [ [ [ 6.643933726807552, 51.133996426814441 ], [ 6.645259042924819, 51.145871020911876 ], [ 6.645865627347043, 51.146253934424223 ], [ 6.675394612957725, 51.142576438691499 ], [ 6.671964355019957, 51.102099380629497 ], [ 6.670571495481159, 51.100762879553805 ], [ 6.643933726807552, 51.133996426814441 ] ] ] }, { "type": "Polygon", "coordinates": [ [ [ 6.643974305978018, 50.98200552498821 ], [ 6.64434814447565, 50.98565796533785 ], [ 6.653211962861326, 51.004689010018197 ], [ 6.658380155325307, 51.005651379841993 ], [ 6.68959237346253, 50.996150600483624 ], [ 6.690547061769102, 50.988256609736474 ], [ 6.657734611495253, 50.96998259917104 ], [ 6.654296240465284, 50.971763066506739 ], [ 6.643974305978018, 50.98200552498821 ] ] ] }, { "type": "Polygon", "coordinates": [ [ [ 6.6336557107747, 51.036236509511333 ], [ 6.635186132827446, 51.037714186583138 ], [ 6.677671679986932, 51.040717170492776 ], [ 6.679652163171788, 51.031586807211831 ], [ 6.658380155325307, 51.005651379841993 ], [ 6.653211962861326, 51.004689010018197 ], [ 6.6336557107747, 51.036236509511333 ] ] ] }, { "type": "Polygon", "coordinates": [ [ [ 6.650432869780402, 50.883789967391955 ], [ 6.655882135336057, 50.904909032950151 ], [ 6.673988784697237, 50.919519278150169 ], [ 6.692092359509788, 50.917841059307051 ], [ 6.697827838847436, 50.896371849255011 ], [ 6.669554473231646, 50.88032818786035 ], [ 6.65965979381227, 50.875395895763269 ], [ 6.650432869780402, 50.883789967391955 ] ] ] }, { "type": "Polygon", "coordinates": [ [ [ 6.642077261977503, 50.928865798272824 ], [ 6.644921861174423, 50.935477569417657 ], [ 6.665633886706892, 50.94082906930791 ], [ 6.673988784697237, 50.919519278150169 ], [ 6.655882135336057, 50.904909032950151 ], [ 6.642077261977503, 50.928865798272824 ] ] ] }, { "type": "Polygon", "coordinates": [ [ [ 6.671940805568433, 50.607258247086364 ], [ 6.676125232883121, 50.611323712158196 ], [ 6.698715914825738, 50.594542712445175 ], [ 6.680193831891422, 50.566358737780746 ], [ 6.661102762395274, 50.580309904994181 ], [ 6.671940805568433, 50.607258247086364 ] ] ] }, { "type": "Polygon", "coordinates": [ [ [ 6.636761117570651, 50.708372697832921 ], [ 6.630121010165156, 50.73100277015417 ], [ 6.632364902708716, 50.73185933695175 ], [ 6.672115405836869, 50.714911052122496 ], [ 6.670155294491368, 50.695273415360361 ], [ 6.636761117570651, 50.708372697832921 ] ] ] }, { "type": "Polygon", "coordinates": [ [ [ 6.669539097001095, 50.64718869508031 ], [ 6.638759203797139, 50.654094126066802 ], [ 6.647203265176193, 50.676814906508071 ], [ 6.65330823202933, 50.6772464508269 ], [ 6.669539097001095, 50.64718869508031 ] ] ] }, { "type": "Polygon", "coordinates": [ [ [ 6.659128134490847, 50.57922860009996 ], [ 6.639290292335843, 50.581211448713894 ], [ 6.640102070045548, 50.598747359798935 ], [ 6.671940805568433, 50.607258247086364 ], [ 6.661102762395274, 50.580309904994181 ], [ 6.659128134490847, 50.57922860009996 ] ] ] }, { "type": "Polygon", "coordinates": [ [ [ 6.671115067211009, 50.627300484566753 ], [ 6.6727478882559, 50.642175456738336 ], [ 6.712561100104191, 50.651262065766126 ], [ 6.714898282235561, 50.649941906043949 ], [ 6.720293288798517, 50.634991938419851 ], [ 6.674801265125473, 50.619542357373938 ], [ 6.671115067211009, 50.627300484566753 ] ] ] }, { "type": "Polygon", "coordinates": [ [ [ 6.631220915743937, 51.381757705034701 ], [ 6.611713350697647, 51.452862129966022 ], [ 6.64375239670745, 51.437315757147474 ], [ 6.665448929331311, 51.418343996115276 ], [ 6.672722791164745, 51.402117201006369 ], [ 6.631220915743937, 51.381757705034701 ] ] ] }, { "type": "Polygon", "coordinates": [ [ [ 6.640614487599693, 51.378130271664546 ], [ 6.631470971049619, 51.380608529979199 ], [ 6.631220915743937, 51.381757705034701 ], [ 6.672722791164745, 51.402117201006369 ], [ 6.681527479763769, 51.387571271015666 ], [ 6.640614487599693, 51.378130271664546 ] ] ] }, { "type": "Polygon", "coordinates": [ [ [ 6.630577767547971, 50.519193003234278 ], [ 6.669021272131496, 50.525687824944164 ], [ 6.674785692454526, 50.516211613313473 ], [ 6.654220856486234, 50.485812048767627 ], [ 6.630577767547971, 50.519193003234278 ] ] ] }, { "type": "Polygon", "coordinates": [ [ [ 6.644814213419331, 50.55006143542542 ], [ 6.647174481759262, 50.555943630572372 ], [ 6.655568036672918, 50.560704020154652 ], [ 6.673208666856927, 50.555380450522762 ], [ 6.672750206585731, 50.537865948195005 ], [ 6.670183815117602, 50.534075821521917 ], [ 6.644814213419331, 50.55006143542542 ] ] ] }, { "type": "Polygon", "coordinates": [ [ [ 6.654220856486234, 50.485812048767627 ], [ 6.674785692454526, 50.516211613313473 ], [ 6.693245899125322, 50.509187397402677 ], [ 6.692547486556302, 50.482326599947896 ], [ 6.68665553836063, 50.473230032160807 ], [ 6.657359179664036, 50.468560142750711 ], [ 6.655171026234034, 50.469488058665831 ], [ 6.654220856486234, 50.485812048767627 ] ] ] }, { "type": "Polygon", "coordinates": [ [ [ 6.638921462292901, 50.385412679942391 ], [ 6.636153659541194, 50.409340782724691 ], [ 6.660891657409431, 50.412038934301322 ], [ 6.676127588890289, 50.368846503992117 ], [ 6.670150501304898, 50.351824797607001 ], [ 6.638921462292901, 50.385412679942391 ] ] ] }, { "type": "Polygon", "coordinates": [ [ [ 6.659128134490847, 50.57922860009996 ], [ 6.661102762395274, 50.580309904994181 ], [ 6.680193831891422, 50.566358737780746 ], [ 6.680257642426329, 50.564651805279425 ], [ 6.673208666856927, 50.555380450522762 ], [ 6.655568036672918, 50.560704020154652 ], [ 6.659128134490847, 50.57922860009996 ] ] ] }, { "type": "Polygon", "coordinates": [ [ [ 6.640392401116415, 50.737954736165975 ], [ 6.653063321819126, 50.77112812431902 ], [ 6.681145223109138, 50.763464375681089 ], [ 6.656959392584628, 50.740302500091801 ], [ 6.640392401116415, 50.737954736165975 ] ] ] }, { "type": "Polygon", "coordinates": [ [ [ 6.65330823202933, 50.6772464508269 ], [ 6.670500994603796, 50.694464034922568 ], [ 6.688066612299363, 50.685463852667809 ], [ 6.690153978695304, 50.682618643336873 ], [ 6.671662782801047, 50.645507842247895 ], [ 6.669539097001095, 50.64718869508031 ], [ 6.65330823202933, 50.6772464508269 ] ] ] }, { "type": "Polygon", "coordinates": [ [ [ 6.670500994603796, 50.694464034922568 ], [ 6.670155294491368, 50.695273415360361 ], [ 6.672115405836869, 50.714911052122496 ], [ 6.680527644014733, 50.726397768232601 ], [ 6.68892450055752, 50.731093067326952 ], [ 6.704358374012063, 50.723301591920603 ], [ 6.703548233168515, 50.717013768542429 ], [ 6.688066612299363, 50.685463852667809 ], [ 6.670500994603796, 50.694464034922568 ] ] ] }, { "type": "Polygon", "coordinates": [ [ [ 6.632364902708716, 50.73185933695175 ], [ 6.640392401116415, 50.737954736165975 ], [ 6.656959392584628, 50.740302500091801 ], [ 6.680527644014733, 50.726397768232601 ], [ 6.672115405836869, 50.714911052122496 ], [ 6.632364902708716, 50.73185933695175 ] ] ] }, { "type": "Polygon", "coordinates": [ [ [ 6.666508720838897, 51.355720191555093 ], [ 6.640614487599693, 51.378130271664546 ], [ 6.681527479763769, 51.387571271015666 ], [ 6.683905668710387, 51.386335704709431 ], [ 6.687775696569412, 51.37669399783654 ], [ 6.666508720838897, 51.355720191555093 ] ] ] }, { "type": "Polygon", "coordinates": [ [ [ 6.650615733151037, 51.310600426434242 ], [ 6.657312138356191, 51.338689937714435 ], [ 6.66682872310679, 51.34662610997875 ], [ 6.696381136674436, 51.3327832552472 ], [ 6.693585434258309, 51.323210804443306 ], [ 6.658452747776483, 51.308012038659967 ], [ 6.650615733151037, 51.310600426434242 ] ] ] }, { "type": "Polygon", "coordinates": [ [ [ 6.646793910100322, 51.060816783324441 ], [ 6.660358572928114, 51.089701405240277 ], [ 6.666056230604252, 51.091389556583358 ], [ 6.67287969262779, 51.084384593202039 ], [ 6.682659852612957, 51.053697485159077 ], [ 6.646793910100322, 51.060816783324441 ] ] ] }, { "type": "Polygon", "coordinates": [ [ [ 6.670183815117602, 50.534075821521917 ], [ 6.672750206585731, 50.537865948195005 ], [ 6.704175600975693, 50.543184591132665 ], [ 6.712843160055821, 50.527434943533237 ], [ 6.710093430404715, 50.518564268016299 ], [ 6.693245899125322, 50.509187397402677 ], [ 6.674785692454526, 50.516211613313473 ], [ 6.669021272131496, 50.525687824944164 ], [ 6.670183815117602, 50.534075821521917 ] ] ] }, { "type": "Polygon", "coordinates": [ [ [ 6.611713350697647, 51.452862129966022 ], [ 6.605550462196733, 51.460552962863233 ], [ 6.696487666835964, 51.473230083737029 ], [ 6.69680918058936, 51.445556967689988 ], [ 6.694026284156243, 51.439602863953432 ], [ 6.690064001337986, 51.438509645636522 ], [ 6.64375239670745, 51.437315757147474 ], [ 6.611713350697647, 51.452862129966022 ] ] ] }, { "type": "Polygon", "coordinates": [ [ [ 6.673208666856927, 50.555380450522762 ], [ 6.680257642426329, 50.564651805279425 ], [ 6.704464067858024, 50.551688500638029 ], [ 6.704175600975693, 50.543184591132665 ], [ 6.672750206585731, 50.537865948195005 ], [ 6.673208666856927, 50.555380450522762 ] ] ] }, { "type": "Polygon", "coordinates": [ [ [ 6.683905668710387, 51.386335704709431 ], [ 6.681527479763769, 51.387571271015666 ], [ 6.672722791164745, 51.402117201006369 ], [ 6.665448929331311, 51.418343996115276 ], [ 6.686904397758502, 51.41802294372183 ], [ 6.702285623347109, 51.412517519816312 ], [ 6.702671589197115, 51.40611599963507 ], [ 6.683905668710387, 51.386335704709431 ] ] ] }, { "type": "Polygon", "coordinates": [ [ [ 6.645865627347043, 51.146253934424223 ], [ 6.656023012077174, 51.194365720257892 ], [ 6.666541512550524, 51.191926413486776 ], [ 6.688321309141037, 51.174383457361806 ], [ 6.68426212892318, 51.152840457215504 ], [ 6.678240693230869, 51.143661745804927 ], [ 6.675394612957725, 51.142576438691499 ], [ 6.645865627347043, 51.146253934424223 ] ] ] }, { "type": "Polygon", "coordinates": [ [ [ 6.656959392584628, 50.740302500091801 ], [ 6.681145223109138, 50.763464375681089 ], [ 6.685931179656439, 50.763808419575199 ], [ 6.68892450055752, 50.731093067326952 ], [ 6.680527644014733, 50.726397768232601 ], [ 6.656959392584628, 50.740302500091801 ] ] ] }, { "type": "Polygon", "coordinates": [ [ [ 6.672262937004048, 50.953698725602763 ], [ 6.657734611495253, 50.96998259917104 ], [ 6.690547061769102, 50.988256609736474 ], [ 6.708725137215374, 50.955846406148531 ], [ 6.672262937004048, 50.953698725602763 ] ] ] }, { "type": "Polygon", "coordinates": [ [ [ 6.665304747555479, 50.843151175007272 ], [ 6.668553006803887, 50.847022311248203 ], [ 6.684151308824036, 50.84436908760491 ], [ 6.691525731214197, 50.808234417678896 ], [ 6.68146191429248, 50.80324043102069 ], [ 6.667900177129374, 50.806184837661668 ], [ 6.665304747555479, 50.843151175007272 ] ] ] }, { "type": "Polygon", "coordinates": [ [ [ 6.67287969262779, 51.084384593202039 ], [ 6.666056230604252, 51.091389556583358 ], [ 6.670571495481159, 51.100762879553805 ], [ 6.671964355019957, 51.102099380629497 ], [ 6.699513449014454, 51.110211997177807 ], [ 6.711989416252399, 51.085528470710408 ], [ 6.707766394812397, 51.08135805749972 ], [ 6.67287969262779, 51.084384593202039 ] ] ] }, { "type": "Polygon", "coordinates": [ [ [ 6.679652163171788, 51.031586807211831 ], [ 6.677671679986932, 51.040717170492776 ], [ 6.683101505118143, 51.053113626945454 ], [ 6.688843013514392, 51.053813661241925 ], [ 6.726210379833841, 51.022474968096503 ], [ 6.723519364111158, 51.019625398300597 ], [ 6.703499995782341, 51.013365733506149 ], [ 6.679652163171788, 51.031586807211831 ] ] ] }, { "type": "Polygon", "coordinates": [ [ [ 6.696381136674436, 51.3327832552472 ], [ 6.66682872310679, 51.34662610997875 ], [ 6.666508720838897, 51.355720191555093 ], [ 6.687775696569412, 51.37669399783654 ], [ 6.717326079906992, 51.356241444324461 ], [ 6.710577923420492, 51.344506332201142 ], [ 6.696381136674436, 51.3327832552472 ] ] ] }, { "type": "Polygon", "coordinates": [ [ [ 6.658380155325307, 51.005651379841993 ], [ 6.679652163171788, 51.031586807211831 ], [ 6.703499995782341, 51.013365733506149 ], [ 6.68959237346253, 50.996150600483624 ], [ 6.658380155325307, 51.005651379841993 ] ] ] }, { "type": "Polygon", "coordinates": [ [ [ 6.689772495773191, 50.767627017718411 ], [ 6.662673753876557, 50.799481497555156 ], [ 6.667900177129374, 50.806184837661668 ], [ 6.68146191429248, 50.80324043102069 ], [ 6.692887643690439, 50.769446731852234 ], [ 6.689772495773191, 50.767627017718411 ] ] ] }, { "type": "Polygon", "coordinates": [ [ [ 6.653269602022609, 51.243834416998723 ], [ 6.652820380152726, 51.245378395280802 ], [ 6.681419709012165, 51.276490188225736 ], [ 6.708691265225998, 51.281292120798106 ], [ 6.717274986494725, 51.260685531817593 ], [ 6.697113815309631, 51.230566905248224 ], [ 6.653269602022609, 51.243834416998723 ] ] ] }, { "type": "Polygon", "coordinates": [ [ [ 6.665633886706892, 50.94082906930791 ], [ 6.672262937004048, 50.953698725602763 ], [ 6.708725137215374, 50.955846406148531 ], [ 6.712622561813808, 50.953782980881407 ], [ 6.714937728206708, 50.948845488884331 ], [ 6.692092359509788, 50.917841059307051 ], [ 6.673988784697237, 50.919519278150169 ], [ 6.665633886706892, 50.94082906930791 ] ] ] }, { "type": "Polygon", "coordinates": [ [ [ 6.689772495773191, 50.767627017718411 ], [ 6.692887643690439, 50.769446731852234 ], [ 6.694935691664813, 50.770022013073664 ], [ 6.726327540790441, 50.746229842166478 ], [ 6.723876881502263, 50.728906958090931 ], [ 6.704358374012063, 50.723301591920603 ], [ 6.68892450055752, 50.731093067326952 ], [ 6.685931179656439, 50.763808419575199 ], [ 6.689772495773191, 50.767627017718411 ] ] ] }, { "type": "Polygon", "coordinates": [ [ [ 6.6727478882559, 50.642175456738336 ], [ 6.671662782801047, 50.645507842247895 ], [ 6.690153978695304, 50.682618643336873 ], [ 6.698777390087678, 50.679952960503016 ], [ 6.712561100104191, 50.651262065766126 ], [ 6.6727478882559, 50.642175456738336 ] ] ] }, { "type": "Polygon", "coordinates": [ [ [ 6.668553006803887, 50.847022311248203 ], [ 6.65965979381227, 50.875395895763269 ], [ 6.669554473231646, 50.88032818786035 ], [ 6.713186111081959, 50.869254157521084 ], [ 6.715588526178256, 50.851067372456903 ], [ 6.712903781178054, 50.847048659085303 ], [ 6.684151308824036, 50.84436908760491 ], [ 6.668553006803887, 50.847022311248203 ] ] ] }, { "type": "Polygon", "coordinates": [ [ [ 6.660891657409431, 50.412038934301322 ], [ 6.670304205784205, 50.418716908860091 ], [ 6.705533567346403, 50.401666765019932 ], [ 6.705011468227786, 50.394475365082087 ], [ 6.676127588890289, 50.368846503992117 ], [ 6.660891657409431, 50.412038934301322 ] ] ] }, { "type": "Polygon", "coordinates": [ [ [ 6.683101505118143, 51.053113626945454 ], [ 6.682659852612957, 51.053697485159077 ], [ 6.67287969262779, 51.084384593202039 ], [ 6.707766394812397, 51.08135805749972 ], [ 6.703639486381955, 51.064496432216458 ], [ 6.688843013514392, 51.053813661241925 ], [ 6.683101505118143, 51.053113626945454 ] ] ] }, { "type": "Polygon", "coordinates": [ [ [ 6.657359179664036, 50.468560142750711 ], [ 6.68665553836063, 50.473230032160807 ], [ 6.708886752428864, 50.447583614713928 ], [ 6.708922024304569, 50.447104624574152 ], [ 6.672664024605816, 50.428529251782884 ], [ 6.657359179664036, 50.468560142750711 ] ] ] }, { "type": "Polygon", "coordinates": [ [ [ 6.671964355019957, 51.102099380629497 ], [ 6.675394612957725, 51.142576438691499 ], [ 6.678240693230869, 51.143661745804927 ], [ 6.705390030029117, 51.12192665878942 ], [ 6.699513449014454, 51.110211997177807 ], [ 6.671964355019957, 51.102099380629497 ] ] ] }, { "type": "Polygon", "coordinates": [ [ [ 6.694026284156243, 51.439602863953432 ], [ 6.69680918058936, 51.445556967689988 ], [ 6.724243314211977, 51.442821015239467 ], [ 6.729816616265252, 51.431995522110874 ], [ 6.707391977895051, 51.422206413163167 ], [ 6.694026284156243, 51.439602863953432 ] ] ] }, { "type": "Polygon", "coordinates": [ [ [ 6.688321309141037, 51.174383457361806 ], [ 6.666541512550524, 51.191926413486776 ], [ 6.702902096002381, 51.217201675466058 ], [ 6.715582511849564, 51.208549196706166 ], [ 6.719444026018789, 51.193628538190765 ], [ 6.71478234284283, 51.1807362866817 ], [ 6.688321309141037, 51.174383457361806 ] ] ] }, { "type": "Polygon", "coordinates": [ [ [ 6.681419709012165, 51.276490188225736 ], [ 6.658452747776483, 51.308012038659967 ], [ 6.693585434258309, 51.323210804443306 ], [ 6.708773335355762, 51.283063681622657 ], [ 6.708727843281012, 51.281365830003807 ], [ 6.708691265225998, 51.281292120798106 ], [ 6.681419709012165, 51.276490188225736 ] ] ] }, { "type": "Polygon", "coordinates": [ [ [ 6.690547061769102, 50.988256609736474 ], [ 6.68959237346253, 50.996150600483624 ], [ 6.703499995782341, 51.013365733506149 ], [ 6.723519364111158, 51.019625398300597 ], [ 6.726705091119969, 50.975631352899192 ], [ 6.712622561813808, 50.953782980881407 ], [ 6.708725137215374, 50.955846406148531 ], [ 6.690547061769102, 50.988256609736474 ] ] ] }, { "type": "Polygon", "coordinates": [ [ [ 6.705011468227786, 50.394475365082087 ], [ 6.705533567346403, 50.401666765019932 ], [ 6.706234825765244, 50.402355395495285 ], [ 6.744377148079826, 50.399159575215826 ], [ 6.749866785447153, 50.393818369957536 ], [ 6.731577004725706, 50.36044774100278 ], [ 6.705011468227786, 50.394475365082087 ] ] ] }, { "type": "Polygon", "coordinates": [ [ [ 6.687775696569412, 51.37669399783654 ], [ 6.683905668710387, 51.386335704709431 ], [ 6.702671589197115, 51.40611599963507 ], [ 6.712611505408654, 51.400191897892945 ], [ 6.721990820061468, 51.361903991988569 ], [ 6.72014559018021, 51.357456439556266 ], [ 6.717326079906992, 51.356241444324461 ], [ 6.687775696569412, 51.37669399783654 ] ] ] }, { "type": "Polygon", "coordinates": [ [ [ 6.693585434258309, 51.323210804443306 ], [ 6.696381136674436, 51.3327832552472 ], [ 6.710577923420492, 51.344506332201142 ], [ 6.72918054696776, 51.313034528096452 ], [ 6.708773335355762, 51.283063681622657 ], [ 6.693585434258309, 51.323210804443306 ] ] ] }, { "type": "Polygon", "coordinates": [ [ [ 6.672664024605816, 50.428529251782884 ], [ 6.708922024304569, 50.447104624574152 ], [ 6.71962625102281, 50.431849905068631 ], [ 6.706234825765244, 50.402355395495285 ], [ 6.705533567346403, 50.401666765019932 ], [ 6.670304205784205, 50.418716908860091 ], [ 6.672664024605816, 50.428529251782884 ] ] ] }, { "type": "Polygon", "coordinates": [ [ [ 6.680257642426329, 50.564651805279425 ], [ 6.680193831891422, 50.566358737780746 ], [ 6.698715914825738, 50.594542712445175 ], [ 6.699394527782681, 50.594426119738955 ], [ 6.715397581746247, 50.58402569753293 ], [ 6.7168493541866, 50.569351682762985 ], [ 6.704464067858024, 50.551688500638029 ], [ 6.680257642426329, 50.564651805279425 ] ] ] }, { "type": "Polygon", "coordinates": [ [ [ 6.68146191429248, 50.80324043102069 ], [ 6.691525731214197, 50.808234417678896 ], [ 6.709812654639649, 50.802276565140779 ], [ 6.711843449120034, 50.787277530631634 ], [ 6.694935691664813, 50.770022013073664 ], [ 6.692887643690439, 50.769446731852234 ], [ 6.68146191429248, 50.80324043102069 ] ] ] }, { "type": "Polygon", "coordinates": [ [ [ 6.69680918058936, 51.445556967689988 ], [ 6.696487666835964, 51.473230083737029 ], [ 6.701140064746729, 51.476505041176466 ], [ 6.722820553392274, 51.452689452598143 ], [ 6.724243314211977, 51.442821015239467 ], [ 6.69680918058936, 51.445556967689988 ] ] ] }, { "type": "Polygon", "coordinates": [ [ [ 6.665448929331311, 51.418343996115276 ], [ 6.64375239670745, 51.437315757147474 ], [ 6.690064001337986, 51.438509645636522 ], [ 6.686904397758502, 51.41802294372183 ], [ 6.665448929331311, 51.418343996115276 ] ] ] }, { "type": "Polygon", "coordinates": [ [ [ 6.686904397758502, 51.41802294372183 ], [ 6.690064001337986, 51.438509645636522 ], [ 6.694026284156243, 51.439602863953432 ], [ 6.707391977895051, 51.422206413163167 ], [ 6.702285623347109, 51.412517519816312 ], [ 6.686904397758502, 51.41802294372183 ] ] ] }, { "type": "Polygon", "coordinates": [ [ [ 6.690153978695304, 50.682618643336873 ], [ 6.688066612299363, 50.685463852667809 ], [ 6.703548233168515, 50.717013768542429 ], [ 6.72083678435743, 50.688279417526523 ], [ 6.720652641175307, 50.687922165972097 ], [ 6.698777390087678, 50.679952960503016 ], [ 6.690153978695304, 50.682618643336873 ] ] ] }, { "type": "Polygon", "coordinates": [ [ [ 6.704175600975693, 50.543184591132665 ], [ 6.704464067858024, 50.551688500638029 ], [ 6.7168493541866, 50.569351682762985 ], [ 6.742724484015215, 50.552015345848645 ], [ 6.742727414773367, 50.551967893249596 ], [ 6.732369202128186, 50.534416834467777 ], [ 6.712843160055821, 50.527434943533237 ], [ 6.704175600975693, 50.543184591132665 ] ] ] }, { "type": "Polygon", "coordinates": [ [ [ 6.692547486556302, 50.482326599947896 ], [ 6.693245899125322, 50.509187397402677 ], [ 6.710093430404715, 50.518564268016299 ], [ 6.739930318089645, 50.486024665984004 ], [ 6.692547486556302, 50.482326599947896 ] ] ] }, { "type": "Polygon", "coordinates": [ [ [ 6.684151308824036, 50.84436908760491 ], [ 6.712903781178054, 50.847048659085303 ], [ 6.721580140854771, 50.827031811530915 ], [ 6.709812654639649, 50.802276565140779 ], [ 6.691525731214197, 50.808234417678896 ], [ 6.684151308824036, 50.84436908760491 ] ] ] }, { "type": "Polygon", "coordinates": [ [ [ 6.678240693230869, 51.143661745804927 ], [ 6.68426212892318, 51.152840457215504 ], [ 6.717921123008134, 51.147519946582584 ], [ 6.718848489222742, 51.14538053740069 ], [ 6.708983014322658, 51.123527039935929 ], [ 6.705390030029117, 51.12192665878942 ], [ 6.678240693230869, 51.143661745804927 ] ] ] }, { "type": "Polygon", "coordinates": [ [ [ 6.688321309141037, 51.174383457361806 ], [ 6.71478234284283, 51.1807362866817 ], [ 6.718825362148294, 51.173875851331012 ], [ 6.717921123008134, 51.147519946582584 ], [ 6.68426212892318, 51.152840457215504 ], [ 6.688321309141037, 51.174383457361806 ] ] ] }, { "type": "Polygon", "coordinates": [ [ [ 6.669554473231646, 50.88032818786035 ], [ 6.697827838847436, 50.896371849255011 ], [ 6.711783875352952, 50.889009055176636 ], [ 6.713186111081959, 50.869254157521084 ], [ 6.669554473231646, 50.88032818786035 ] ] ] }, { "type": "Polygon", "coordinates": [ [ [ 6.697827838847436, 50.896371849255011 ], [ 6.692092359509788, 50.917841059307051 ], [ 6.714937728206708, 50.948845488884331 ], [ 6.733366550454615, 50.936957343749398 ], [ 6.732867369889632, 50.901659369510242 ], [ 6.711783875352952, 50.889009055176636 ], [ 6.697827838847436, 50.896371849255011 ] ] ] }, { "type": "Polygon", "coordinates": [ [ [ 6.688843013514392, 51.053813661241925 ], [ 6.703639486381955, 51.064496432216458 ], [ 6.737016253051817, 51.042745344352582 ], [ 6.726554847340578, 51.022675259525066 ], [ 6.726210379833841, 51.022474968096503 ], [ 6.688843013514392, 51.053813661241925 ] ] ] }, { "type": "Polygon", "coordinates": [ [ [ 6.702902096002381, 51.217201675466058 ], [ 6.697113815309631, 51.230566905248224 ], [ 6.717274986494725, 51.260685531817593 ], [ 6.733876250524674, 51.251214483829244 ], [ 6.737401382543987, 51.227208336451696 ], [ 6.715582511849564, 51.208549196706166 ], [ 6.702902096002381, 51.217201675466058 ] ] ] }, { "type": "Polygon", "coordinates": [ [ [ 6.712903781178054, 50.847048659085303 ], [ 6.715588526178256, 50.851067372456903 ], [ 6.744042259475234, 50.859989277833613 ], [ 6.760135756030493, 50.83856002855412 ], [ 6.745703511401794, 50.816514589839286 ], [ 6.721580140854771, 50.827031811530915 ], [ 6.712903781178054, 50.847048659085303 ] ] ] }, { "type": "Polygon", "coordinates": [ [ [ 6.699394527782681, 50.594426119738955 ], [ 6.698715914825738, 50.594542712445175 ], [ 6.676125232883121, 50.611323712158196 ], [ 6.674801265125473, 50.619542357373938 ], [ 6.720293288798517, 50.634991938419851 ], [ 6.724532629557692, 50.630523444106139 ], [ 6.699394527782681, 50.594426119738955 ] ] ] }, { "type": "Polygon", "coordinates": [ [ [ 6.68665553836063, 50.473230032160807 ], [ 6.692547486556302, 50.482326599947896 ], [ 6.739930318089645, 50.486024665984004 ], [ 6.742556475206054, 50.484681589455263 ], [ 6.708886752428864, 50.447583614713928 ], [ 6.68665553836063, 50.473230032160807 ] ] ] }, { "type": "Polygon", "coordinates": [ [ [ 6.707766394812397, 51.08135805749972 ], [ 6.711989416252399, 51.085528470710408 ], [ 6.73565555865054, 51.0860032562531 ], [ 6.751143117844508, 51.062026022557404 ], [ 6.752134271388521, 51.057093408471907 ], [ 6.737016253051817, 51.042745344352582 ], [ 6.703639486381955, 51.064496432216458 ], [ 6.707766394812397, 51.08135805749972 ] ] ] }, { "type": "Polygon", "coordinates": [ [ [ 6.699513449014454, 51.110211997177807 ], [ 6.705390030029117, 51.12192665878942 ], [ 6.708983014322658, 51.123527039935929 ], [ 6.741910527211147, 51.109541978975749 ], [ 6.73565555865054, 51.0860032562531 ], [ 6.711989416252399, 51.085528470710408 ], [ 6.699513449014454, 51.110211997177807 ] ] ] }, { "type": "Polygon", "coordinates": [ [ [ 6.706174927869266, 51.489041173990906 ], [ 6.57175212114961, 51.602150867420391 ], [ 6.72290841375768, 51.512492276775021 ], [ 6.723840995714952, 51.508909657375384 ], [ 6.706174927869266, 51.489041173990906 ] ] ] }, { "type": "Polygon", "coordinates": [ [ [ 6.701140064746729, 51.476505041176466 ], [ 6.705419290408859, 51.48433971618617 ], [ 6.715838627322206, 51.480462200294099 ], [ 6.73987308030634, 51.466684095203483 ], [ 6.722820553392274, 51.452689452598143 ], [ 6.701140064746729, 51.476505041176466 ] ] ] }, { "type": "Polygon", "coordinates": [ [ [ 6.702671589197115, 51.40611599963507 ], [ 6.702285623347109, 51.412517519816312 ], [ 6.707391977895051, 51.422206413163167 ], [ 6.729816616265252, 51.431995522110874 ], [ 6.735702660154578, 51.429637538169445 ], [ 6.73960547952033, 51.40542291975364 ], [ 6.712611505408654, 51.400191897892945 ], [ 6.702671589197115, 51.40611599963507 ] ] ] }, { "type": "Polygon", "coordinates": [ [ [ 6.715397581746247, 50.58402569753293 ], [ 6.699394527782681, 50.594426119738955 ], [ 6.724532629557692, 50.630523444106139 ], [ 6.736840775335173, 50.626645658358193 ], [ 6.729704727360113, 50.590105651095499 ], [ 6.715397581746247, 50.58402569753293 ] ] ] }, { "type": "Polygon", "coordinates": [ [ [ 6.694935691664813, 50.770022013073664 ], [ 6.711843449120034, 50.787277530631634 ], [ 6.73994063999064, 50.781617326255926 ], [ 6.747517933422659, 50.764437084201639 ], [ 6.726327540790441, 50.746229842166478 ], [ 6.694935691664813, 50.770022013073664 ] ] ] }, { "type": "Polygon", "coordinates": [ [ [ 6.698777390087678, 50.679952960503016 ], [ 6.720652641175307, 50.687922165972097 ], [ 6.73037600993218, 50.673944390141109 ], [ 6.728308515464326, 50.661211786688114 ], [ 6.714898282235561, 50.649941906043949 ], [ 6.712561100104191, 50.651262065766126 ], [ 6.698777390087678, 50.679952960503016 ] ] ] }, { "type": "Polygon", "coordinates": [ [ [ 6.708727843281012, 51.281365830003807 ], [ 6.708773335355762, 51.283063681622657 ], [ 6.72918054696776, 51.313034528096452 ], [ 6.746890431706814, 51.315267108114277 ], [ 6.74812216425226, 51.288994129576132 ], [ 6.708727843281012, 51.281365830003807 ] ] ] }, { "type": "Polygon", "coordinates": [ [ [ 6.711843449120034, 50.787277530631634 ], [ 6.709812654639649, 50.802276565140779 ], [ 6.721580140854771, 50.827031811530915 ], [ 6.745703511401794, 50.816514589839286 ], [ 6.747772922024483, 50.813101844738661 ], [ 6.746574999359843, 50.794155930047388 ], [ 6.73994063999064, 50.781617326255926 ], [ 6.711843449120034, 50.787277530631634 ] ] ] }, { "type": "Polygon", "coordinates": [ [ [ 6.703548233168515, 50.717013768542429 ], [ 6.704358374012063, 50.723301591920603 ], [ 6.723876881502263, 50.728906958090931 ], [ 6.744134802344806, 50.711256673084847 ], [ 6.72083678435743, 50.688279417526523 ], [ 6.703548233168515, 50.717013768542429 ] ] ] }, { "type": "Polygon", "coordinates": [ [ [ 6.708983014322658, 51.123527039935929 ], [ 6.718848489222742, 51.14538053740069 ], [ 6.75591966509818, 51.138901532792957 ], [ 6.74703490230551, 51.11402650718815 ], [ 6.741910527211147, 51.109541978975749 ], [ 6.708983014322658, 51.123527039935929 ] ] ] }, { "type": "Polygon", "coordinates": [ [ [ 6.715588526178256, 50.851067372456903 ], [ 6.713186111081959, 50.869254157521084 ], [ 6.711783875352952, 50.889009055176636 ], [ 6.732867369889632, 50.901659369510242 ], [ 6.761816021431628, 50.882692484853479 ], [ 6.744042259475234, 50.859989277833613 ], [ 6.715588526178256, 50.851067372456903 ] ] ] }, { "type": "Polygon", "coordinates": [ [ [ 6.72290841375768, 51.512492276775021 ], [ 6.750193165036345, 51.679492115429959 ], [ 6.76893830352035, 51.585922633843573 ], [ 6.766437607050757, 51.516376624674642 ], [ 6.749661959297367, 51.503019622024617 ], [ 6.723840995714952, 51.508909657375384 ], [ 6.72290841375768, 51.512492276775021 ] ] ] }, { "type": "Polygon", "coordinates": [ [ [ 6.724243314211977, 51.442821015239467 ], [ 6.722820553392274, 51.452689452598143 ], [ 6.73987308030634, 51.466684095203483 ], [ 6.752138079758774, 51.468453722937525 ], [ 6.757668765674172, 51.451259426064532 ], [ 6.742569902987571, 51.43326516524499 ], [ 6.735702660154578, 51.429637538169445 ], [ 6.729816616265252, 51.431995522110874 ], [ 6.724243314211977, 51.442821015239467 ] ] ] }, { "type": "Polygon", "coordinates": [ [ [ 6.705419290408859, 51.48433971618617 ], [ 6.706174927869266, 51.489041173990906 ], [ 6.723840995714952, 51.508909657375384 ], [ 6.749661959297367, 51.503019622024617 ], [ 6.753830048041512, 51.481566222838737 ], [ 6.715838627322206, 51.480462200294099 ], [ 6.705419290408859, 51.48433971618617 ] ] ] }, { "type": "Polygon", "coordinates": [ [ [ 6.710577923420492, 51.344506332201142 ], [ 6.717326079906992, 51.356241444324461 ], [ 6.72014559018021, 51.357456439556266 ], [ 6.754605936159535, 51.342899506464455 ], [ 6.7565598922376, 51.338465600422325 ], [ 6.757715513020212, 51.326751585172659 ], [ 6.746890431706814, 51.315267108114277 ], [ 6.72918054696776, 51.313034528096452 ], [ 6.710577923420492, 51.344506332201142 ] ] ] }, { "type": "Polygon", "coordinates": [ [ [ 6.708922024304569, 50.447104624574152 ], [ 6.708886752428864, 50.447583614713928 ], [ 6.742556475206054, 50.484681589455263 ], [ 6.75101196806773, 50.484654077032694 ], [ 6.786038428690936, 50.458873881218963 ], [ 6.787857083708096, 50.455070817162834 ], [ 6.737039541119373, 50.430672508192714 ], [ 6.71962625102281, 50.431849905068631 ], [ 6.708922024304569, 50.447104624574152 ] ] ] }, { "type": "Polygon", "coordinates": [ [ [ 6.723519364111158, 51.019625398300597 ], [ 6.726210379833841, 51.022474968096503 ], [ 6.726554847340578, 51.022675259525066 ], [ 6.766841345966354, 50.997896925809194 ], [ 6.765737839437507, 50.993675135069999 ], [ 6.760490710161027, 50.983552260516738 ], [ 6.726705091119969, 50.975631352899192 ], [ 6.723519364111158, 51.019625398300597 ] ] ] }, { "type": "Polygon", "coordinates": [ [ [ 6.724532629557692, 50.630523444106139 ], [ 6.720293288798517, 50.634991938419851 ], [ 6.714898282235561, 50.649941906043949 ], [ 6.728308515464326, 50.661211786688114 ], [ 6.743133609861347, 50.656329484033407 ], [ 6.746485832416389, 50.628421424713565 ], [ 6.736840775335173, 50.626645658358193 ], [ 6.724532629557692, 50.630523444106139 ] ] ] }, { "type": "Polygon", "coordinates": [ [ [ 6.706234825765244, 50.402355395495285 ], [ 6.71962625102281, 50.431849905068631 ], [ 6.737039541119373, 50.430672508192714 ], [ 6.744377148079826, 50.399159575215826 ], [ 6.706234825765244, 50.402355395495285 ] ] ] }, { "type": "Polygon", "coordinates": [ [ [ 6.714937728206708, 50.948845488884331 ], [ 6.712622561813808, 50.953782980881407 ], [ 6.726705091119969, 50.975631352899192 ], [ 6.760490710161027, 50.983552260516738 ], [ 6.762410412417682, 50.974222158007592 ], [ 6.744724164779599, 50.940285060947019 ], [ 6.741760936623985, 50.937955043413645 ], [ 6.733366550454615, 50.936957343749398 ], [ 6.714937728206708, 50.948845488884331 ] ] ] }, { "type": "Polygon", "coordinates": [ [ [ 6.721990820061468, 51.361903991988569 ], [ 6.712611505408654, 51.400191897892945 ], [ 6.73960547952033, 51.40542291975364 ], [ 6.740114281971064, 51.40472592436889 ], [ 6.726582090665137, 51.367593120782601 ], [ 6.721990820061468, 51.361903991988569 ] ] ] }, { "type": "Polygon", "coordinates": [ [ [ 6.718848489222742, 51.14538053740069 ], [ 6.717921123008134, 51.147519946582584 ], [ 6.718825362148294, 51.173875851331012 ], [ 6.75744522402406, 51.161192947299376 ], [ 6.760741833248952, 51.158139907799395 ], [ 6.762363177733184, 51.144844398386681 ], [ 6.75591966509818, 51.138901532792957 ], [ 6.718848489222742, 51.14538053740069 ] ] ] }, { "type": "Polygon", "coordinates": [ [ [ 6.718825362148294, 51.173875851331012 ], [ 6.71478234284283, 51.1807362866817 ], [ 6.719444026018789, 51.193628538190765 ], [ 6.746818403733651, 51.193922886246405 ], [ 6.75744522402406, 51.161192947299376 ], [ 6.718825362148294, 51.173875851331012 ] ] ] }, { "type": "Polygon", "coordinates": [ [ [ 6.720652641175307, 50.687922165972097 ], [ 6.72083678435743, 50.688279417526523 ], [ 6.744134802344806, 50.711256673084847 ], [ 6.777668403852411, 50.706699417366274 ], [ 6.764842767060768, 50.678625783397848 ], [ 6.73037600993218, 50.673944390141109 ], [ 6.720652641175307, 50.687922165972097 ] ] ] }, { "type": "Polygon", "coordinates": [ [ [ 6.719444026018789, 51.193628538190765 ], [ 6.715582511849564, 51.208549196706166 ], [ 6.737401382543987, 51.227208336451696 ], [ 6.75677738803376, 51.218850442111005 ], [ 6.758772263486587, 51.209174211382589 ], [ 6.758566661717174, 51.20436810773267 ], [ 6.746818403733651, 51.193922886246405 ], [ 6.719444026018789, 51.193628538190765 ] ] ] }, { "type": "Polygon", "coordinates": [ [ [ 6.723876881502263, 50.728906958090931 ], [ 6.726327540790441, 50.746229842166478 ], [ 6.747517933422659, 50.764437084201639 ], [ 6.754029323423333, 50.761968134430425 ], [ 6.784067295003489, 50.712237920631438 ], [ 6.781403442408196, 50.708664971681145 ], [ 6.777668403852411, 50.706699417366274 ], [ 6.744134802344806, 50.711256673084847 ], [ 6.723876881502263, 50.728906958090931 ] ] ] }, { "type": "Polygon", "coordinates": [ [ [ 6.708691265225998, 51.281292120798106 ], [ 6.708727843281012, 51.281365830003807 ], [ 6.74812216425226, 51.288994129576132 ], [ 6.758688565635149, 51.283053456038992 ], [ 6.757950254558329, 51.258895923767 ], [ 6.733876250524674, 51.251214483829244 ], [ 6.717274986494725, 51.260685531817593 ], [ 6.708691265225998, 51.281292120798106 ] ] ] }, { "type": "Polygon", "coordinates": [ [ [ 6.710093430404715, 50.518564268016299 ], [ 6.712843160055821, 50.527434943533237 ], [ 6.732369202128186, 50.534416834467777 ], [ 6.754968926922316, 50.511731343407497 ], [ 6.75101196806773, 50.484654077032694 ], [ 6.742556475206054, 50.484681589455263 ], [ 6.739930318089645, 50.486024665984004 ], [ 6.710093430404715, 50.518564268016299 ] ] ] }, { "type": "Polygon", "coordinates": [ [ [ 6.7168493541866, 50.569351682762985 ], [ 6.715397581746247, 50.58402569753293 ], [ 6.729704727360113, 50.590105651095499 ], [ 6.752055826149908, 50.586256028718303 ], [ 6.758239443462568, 50.571119416687793 ], [ 6.742724484015215, 50.552015345848645 ], [ 6.7168493541866, 50.569351682762985 ] ] ] }, { "type": "Polygon", "coordinates": [ [ [ 6.751143117844508, 51.062026022557404 ], [ 6.73565555865054, 51.0860032562531 ], [ 6.741910527211147, 51.109541978975749 ], [ 6.74703490230551, 51.11402650718815 ], [ 6.778925525467339, 51.097449994992147 ], [ 6.751143117844508, 51.062026022557404 ] ] ] }, { "type": "Polygon", "coordinates": [ [ [ 6.72014559018021, 51.357456439556266 ], [ 6.721990820061468, 51.361903991988569 ], [ 6.726582090665137, 51.367593120782601 ], [ 6.750724126306612, 51.378274726889707 ], [ 6.763308921061145, 51.378440774382128 ], [ 6.77134218709825, 51.364686254868232 ], [ 6.754605936159535, 51.342899506464455 ], [ 6.72014559018021, 51.357456439556266 ] ] ] }, { "type": "Polygon", "coordinates": [ [ [ 6.91118108211028, 48.298109999876601 ], [ 6.731577004725706, 50.36044774100278 ], [ 6.749866785447153, 50.393818369957536 ], [ 6.826361302041909, 50.406932823638549 ], [ 6.842789123893626, 50.393195112734993 ], [ 8.510451156551138, 48.298109999876601 ], [ 6.91118108211028, 48.298109999876601 ] ] ] }, { "type": "Polygon", "coordinates": [ [ [ 6.744377148079826, 50.399159575215826 ], [ 6.737039541119373, 50.430672508192714 ], [ 6.787857083708096, 50.455070817162834 ], [ 6.801545649848512, 50.442926835834164 ], [ 6.826361302041909, 50.406932823638549 ], [ 6.749866785447153, 50.393818369957536 ], [ 6.744377148079826, 50.399159575215826 ] ] ] }, { "type": "Polygon", "coordinates": [ [ [ 6.726554847340578, 51.022675259525066 ], [ 6.737016253051817, 51.042745344352582 ], [ 6.752134271388521, 51.057093408471907 ], [ 6.784476311723003, 51.045565955910106 ], [ 6.788907385551874, 51.039974769706895 ], [ 6.789005671413378, 51.023965073354034 ], [ 6.777868428602447, 51.00500297699395 ], [ 6.766841345966354, 50.997896925809194 ], [ 6.726554847340578, 51.022675259525066 ] ] ] }, { "type": "Polygon", "coordinates": [ [ [ 6.73987308030634, 51.466684095203483 ], [ 6.715838627322206, 51.480462200294099 ], [ 6.753830048041512, 51.481566222838737 ], [ 6.755130869914829, 51.477825749880431 ], [ 6.752138079758774, 51.468453722937525 ], [ 6.73987308030634, 51.466684095203483 ] ] ] }, { "type": "Polygon", "coordinates": [ [ [ 6.74703490230551, 51.11402650718815 ], [ 6.75591966509818, 51.138901532792957 ], [ 6.762363177733184, 51.144844398386681 ], [ 6.785517170712454, 51.136997209265068 ], [ 6.795067241176285, 51.120868915449009 ], [ 6.786424565911655, 51.099097747522421 ], [ 6.778925525467339, 51.097449994992147 ], [ 6.74703490230551, 51.11402650718815 ] ] ] }, { "type": "Polygon", "coordinates": [ [ [ 6.742569902987571, 51.43326516524499 ], [ 6.757668765674172, 51.451259426064532 ], [ 6.765255895707191, 51.44928292498188 ], [ 6.779973273303131, 51.414135194975735 ], [ 6.742569902987571, 51.43326516524499 ] ] ] }, { "type": "Polygon", "coordinates": [ [ [ 6.726582090665137, 51.367593120782601 ], [ 6.740114281971064, 51.40472592436889 ], [ 6.743020285411735, 51.403700966663813 ], [ 6.750724126306612, 51.378274726889707 ], [ 6.726582090665137, 51.367593120782601 ] ] ] }, { "type": "Polygon", "coordinates": [ [ [ 6.755130869914829, 51.477825749880431 ], [ 6.753830048041512, 51.481566222838737 ], [ 6.749661959297367, 51.503019622024617 ], [ 6.766437607050757, 51.516376624674642 ], [ 6.787181561118427, 51.505225916426497 ], [ 6.792422735622412, 51.485318450742753 ], [ 6.771935746871116, 51.47843081152466 ], [ 6.755130869914829, 51.477825749880431 ] ] ] }, { "type": "Polygon", "coordinates": [ [ [ 6.740114281971064, 51.40472592436889 ], [ 6.73960547952033, 51.40542291975364 ], [ 6.735702660154578, 51.429637538169445 ], [ 6.742569902987571, 51.43326516524499 ], [ 6.779973273303131, 51.414135194975735 ], [ 6.783189134199985, 51.4106626252129 ], [ 6.765595744120146, 51.400024138448536 ], [ 6.743020285411735, 51.403700966663813 ], [ 6.740114281971064, 51.40472592436889 ] ] ] }, { "type": "Polygon", "coordinates": [ [ [ 6.732369202128186, 50.534416834467777 ], [ 6.742727414773367, 50.551967893249596 ], [ 6.771224095545024, 50.531510307532926 ], [ 6.754968926922316, 50.511731343407497 ], [ 6.732369202128186, 50.534416834467777 ] ] ] }, { "type": "Polygon", "coordinates": [ [ [ 6.728308515464326, 50.661211786688114 ], [ 6.73037600993218, 50.673944390141109 ], [ 6.764842767060768, 50.678625783397848 ], [ 6.764347010023791, 50.673308934883806 ], [ 6.743133609861347, 50.656329484033407 ], [ 6.728308515464326, 50.661211786688114 ] ] ] }, { "type": "Polygon", "coordinates": [ [ [ 6.729704727360113, 50.590105651095499 ], [ 6.736840775335173, 50.626645658358193 ], [ 6.746485832416389, 50.628421424713565 ], [ 6.765174998175085, 50.624928825128556 ], [ 6.767417144750959, 50.60987931228982 ], [ 6.752055826149908, 50.586256028718303 ], [ 6.729704727360113, 50.590105651095499 ] ] ] }, { "type": "Polygon", "coordinates": [ [ [ 6.742727414773367, 50.551967893249596 ], [ 6.742724484015215, 50.552015345848645 ], [ 6.758239443462568, 50.571119416687793 ], [ 6.809910291328144, 50.557576230739237 ], [ 6.792113622350059, 50.538430669582389 ], [ 6.771224095545024, 50.531510307532926 ], [ 6.742727414773367, 50.551967893249596 ] ] ] }, { "type": "Polygon", "coordinates": [ [ [ 6.733876250524674, 51.251214483829244 ], [ 6.757950254558329, 51.258895923767 ], [ 6.76415701332628, 51.25497366030315 ], [ 6.771351108170281, 51.233697053747527 ], [ 6.75677738803376, 51.218850442111005 ], [ 6.737401382543987, 51.227208336451696 ], [ 6.733876250524674, 51.251214483829244 ] ] ] }, { "type": "Polygon", "coordinates": [ [ [ 6.747517933422659, 50.764437084201639 ], [ 6.73994063999064, 50.781617326255926 ], [ 6.746574999359843, 50.794155930047388 ], [ 6.786453030712885, 50.790034367740333 ], [ 6.790959180866341, 50.783855048054598 ], [ 6.790943433622451, 50.783409009378353 ], [ 6.754029323423333, 50.761968134430425 ], [ 6.747517933422659, 50.764437084201639 ] ] ] }, { "type": "Polygon", "coordinates": [ [ [ 6.732867369889632, 50.901659369510242 ], [ 6.733366550454615, 50.936957343749398 ], [ 6.741760936623985, 50.937955043413645 ], [ 6.779863210080662, 50.912210263204507 ], [ 6.781529103154792, 50.906673787882461 ], [ 6.781316668996081, 50.8898520349154 ], [ 6.778957489990816, 50.885907243519149 ], [ 6.761816021431628, 50.882692484853479 ], [ 6.732867369889632, 50.901659369510242 ] ] ] }, { "type": "Polygon", "coordinates": [ [ [ 6.74812216425226, 51.288994129576132 ], [ 6.746890431706814, 51.315267108114277 ], [ 6.757715513020212, 51.326751585172659 ], [ 6.790446949042504, 51.300047803734664 ], [ 6.758688565635149, 51.283053456038992 ], [ 6.74812216425226, 51.288994129576132 ] ] ] }, { "type": "Polygon", "coordinates": [ [ [ 6.76893830352035, 51.585922633843573 ], [ 6.750193165036345, 51.679492115429959 ], [ 6.747353161001436, 51.714465390618201 ], [ 6.788448065983528, 51.692100603122363 ], [ 6.841385282583134, 51.596269813816711 ], [ 6.840571312225777, 51.537082532621938 ], [ 6.826548965459187, 51.52513910720559 ], [ 6.810796707234367, 51.521285198549933 ], [ 6.810731496835628, 51.521297731670458 ], [ 6.76893830352035, 51.585922633843573 ] ] ] }, { "type": "Polygon", "coordinates": [ [ [ 6.766437607050757, 51.516376624674642 ], [ 6.76893830352035, 51.585922633843573 ], [ 6.810731496835628, 51.521297731670458 ], [ 6.787181561118427, 51.505225916426497 ], [ 6.766437607050757, 51.516376624674642 ] ] ] }, { "type": "Polygon", "coordinates": [ [ [ 6.765174998175085, 50.624928825128556 ], [ 6.746485832416389, 50.628421424713565 ], [ 6.743133609861347, 50.656329484033407 ], [ 6.764347010023791, 50.673308934883806 ], [ 6.775876352690458, 50.635461885678595 ], [ 6.765174998175085, 50.624928825128556 ] ] ] }, { "type": "Polygon", "coordinates": [ [ [ 6.764347010023791, 50.673308934883806 ], [ 6.764842767060768, 50.678625783397848 ], [ 6.777668403852411, 50.706699417366274 ], [ 6.781403442408196, 50.708664971681145 ], [ 6.805052703076227, 50.670115892897677 ], [ 6.807969642315196, 50.660185017204725 ], [ 6.80567105719074, 50.652106571073539 ], [ 6.787281380102736, 50.636711255632747 ], [ 6.775876352690458, 50.635461885678595 ], [ 6.764347010023791, 50.673308934883806 ] ] ] }, { "type": "Polygon", "coordinates": [ [ [ 6.746818403733651, 51.193922886246405 ], [ 6.758566661717174, 51.20436810773267 ], [ 6.782749596839663, 51.184980064245515 ], [ 6.760741833248952, 51.158139907799395 ], [ 6.75744522402406, 51.161192947299376 ], [ 6.746818403733651, 51.193922886246405 ] ] ] }, { "type": "Polygon", "coordinates": [ [ [ 6.746574999359843, 50.794155930047388 ], [ 6.747772922024483, 50.813101844738661 ], [ 6.77981492558674, 50.811637930220897 ], [ 6.786453030712885, 50.790034367740333 ], [ 6.746574999359843, 50.794155930047388 ] ] ] }, { "type": "Polygon", "coordinates": [ [ [ 6.744042259475234, 50.859989277833613 ], [ 6.761816021431628, 50.882692484853479 ], [ 6.778957489990816, 50.885907243519149 ], [ 6.783729761643324, 50.875791195355596 ], [ 6.76323008454526, 50.838661872717935 ], [ 6.760135756030493, 50.83856002855412 ], [ 6.744042259475234, 50.859989277833613 ] ] ] }, { "type": "Polygon", "coordinates": [ [ [ 6.75101196806773, 50.484654077032694 ], [ 6.754968926922316, 50.511731343407497 ], [ 6.771224095545024, 50.531510307532926 ], [ 6.792113622350059, 50.538430669582389 ], [ 6.791624942955651, 50.476266415839227 ], [ 6.786038428690936, 50.458873881218963 ], [ 6.75101196806773, 50.484654077032694 ] ] ] }, { "type": "Polygon", "coordinates": [ [ [ 6.765595744120146, 51.400024138448536 ], [ 6.783189134199985, 51.4106626252129 ], [ 6.807432093118658, 51.409553055973284 ], [ 6.821229418096284, 51.388913104498819 ], [ 6.817965432887429, 51.372357795167908 ], [ 6.816436932530181, 51.370605321298221 ], [ 6.77134218709825, 51.364686254868232 ], [ 6.763308921061145, 51.378440774382128 ], [ 6.765595744120146, 51.400024138448536 ] ] ] }, { "type": "Polygon", "coordinates": [ [ [ 6.750724126306612, 51.378274726889707 ], [ 6.743020285411735, 51.403700966663813 ], [ 6.765595744120146, 51.400024138448536 ], [ 6.763308921061145, 51.378440774382128 ], [ 6.750724126306612, 51.378274726889707 ] ] ] }, { "type": "Polygon", "coordinates": [ [ [ 6.7565598922376, 51.338465600422325 ], [ 6.754605936159535, 51.342899506464455 ], [ 6.77134218709825, 51.364686254868232 ], [ 6.816436932530181, 51.370605321298221 ], [ 6.809568437224391, 51.34479947311489 ], [ 6.807294592179032, 51.339614427645635 ], [ 6.7565598922376, 51.338465600422325 ] ] ] }, { "type": "Polygon", "coordinates": [ [ [ 6.758239443462568, 50.571119416687793 ], [ 6.752055826149908, 50.586256028718303 ], [ 6.767417144750959, 50.60987931228982 ], [ 6.826285241415912, 50.565169654951653 ], [ 6.809910291328144, 50.557576230739237 ], [ 6.758239443462568, 50.571119416687793 ] ] ] }, { "type": "Polygon", "coordinates": [ [ [ 6.744724164779599, 50.940285060947019 ], [ 6.762410412417682, 50.974222158007592 ], [ 6.772260267098702, 50.965095085015875 ], [ 6.775379702073663, 50.94924611284361 ], [ 6.744724164779599, 50.940285060947019 ] ] ] }, { "type": "Polygon", "coordinates": [ [ [ 6.747772922024483, 50.813101844738661 ], [ 6.745703511401794, 50.816514589839286 ], [ 6.760135756030493, 50.83856002855412 ], [ 6.76323008454526, 50.838661872717935 ], [ 6.776053557771388, 50.833827516927634 ], [ 6.784741414676382, 50.823429375267501 ], [ 6.77981492558674, 50.811637930220897 ], [ 6.747772922024483, 50.813101844738661 ] ] ] }, { "type": "Polygon", "coordinates": [ [ [ 6.757950254558329, 51.258895923767 ], [ 6.758688565635149, 51.283053456038992 ], [ 6.790446949042504, 51.300047803734664 ], [ 6.802898608467284, 51.298576417466464 ], [ 6.803520576878401, 51.297928263959605 ], [ 6.799636839423392, 51.267417523750268 ], [ 6.76415701332628, 51.25497366030315 ], [ 6.757950254558329, 51.258895923767 ] ] ] }, { "type": "Polygon", "coordinates": [ [ [ 6.762410412417682, 50.974222158007592 ], [ 6.760490710161027, 50.983552260516738 ], [ 6.765737839437507, 50.993675135069999 ], [ 6.791086995895885, 50.969360636337925 ], [ 6.772260267098702, 50.965095085015875 ], [ 6.762410412417682, 50.974222158007592 ] ] ] }, { "type": "Polygon", "coordinates": [ [ [ 6.752138079758774, 51.468453722937525 ], [ 6.755130869914829, 51.477825749880431 ], [ 6.771935746871116, 51.47843081152466 ], [ 6.781502282800467, 51.452825301278622 ], [ 6.765255895707191, 51.44928292498188 ], [ 6.757668765674172, 51.451259426064532 ], [ 6.752138079758774, 51.468453722937525 ] ] ] }, { "type": "Polygon", "coordinates": [ [ [ 6.75677738803376, 51.218850442111005 ], [ 6.771351108170281, 51.233697053747527 ], [ 6.800830573291244, 51.227284930436767 ], [ 6.807229832337644, 51.214600592277613 ], [ 6.758772263486587, 51.209174211382589 ], [ 6.75677738803376, 51.218850442111005 ] ] ] }, { "type": "Polygon", "coordinates": [ [ [ 6.784067295003489, 50.712237920631438 ], [ 6.754029323423333, 50.761968134430425 ], [ 6.790943433622451, 50.783409009378353 ], [ 6.805429774901885, 50.758846786748741 ], [ 6.788332318773217, 50.714645659236957 ], [ 6.784067295003489, 50.712237920631438 ] ] ] }, { "type": "Polygon", "coordinates": [ [ [ 6.751143117844508, 51.062026022557404 ], [ 6.778925525467339, 51.097449994992147 ], [ 6.786424565911655, 51.099097747522421 ], [ 6.799960556952703, 51.081289537307775 ], [ 6.784476311723003, 51.045565955910106 ], [ 6.752134271388521, 51.057093408471907 ], [ 6.751143117844508, 51.062026022557404 ] ] ] }, { "type": "Polygon", "coordinates": [ [ [ 6.741760936623985, 50.937955043413645 ], [ 6.744724164779599, 50.940285060947019 ], [ 6.775379702073663, 50.94924611284361 ], [ 6.790237080013624, 50.942380852977109 ], [ 6.779863210080662, 50.912210263204507 ], [ 6.741760936623985, 50.937955043413645 ] ] ] }, { "type": "Polygon", "coordinates": [ [ [ 6.767417144750959, 50.60987931228982 ], [ 6.765174998175085, 50.624928825128556 ], [ 6.775876352690458, 50.635461885678595 ], [ 6.787281380102736, 50.636711255632747 ], [ 6.816283699312739, 50.606626538451536 ], [ 6.828587706723503, 50.565518858022124 ], [ 6.826285241415912, 50.565169654951653 ], [ 6.767417144750959, 50.60987931228982 ] ] ] }, { "type": "Polygon", "coordinates": [ [ [ 6.787857083708096, 50.455070817162834 ], [ 6.786038428690936, 50.458873881218963 ], [ 6.791624942955651, 50.476266415839227 ], [ 6.830417282605474, 50.519706565406949 ], [ 6.834905944425115, 50.487454693406129 ], [ 6.801545649848512, 50.442926835834164 ], [ 6.787857083708096, 50.455070817162834 ] ] ] }, { "type": "Polygon", "coordinates": [ [ [ 6.790959180866341, 50.783855048054598 ], [ 6.786453030712885, 50.790034367740333 ], [ 6.77981492558674, 50.811637930220897 ], [ 6.784741414676382, 50.823429375267501 ], [ 6.804717639450984, 50.830812305271536 ], [ 6.810081764924174, 50.797528649517602 ], [ 6.790959180866341, 50.783855048054598 ] ] ] }, { "type": "Polygon", "coordinates": [ [ [ 6.781316668996081, 50.8898520349154 ], [ 6.781529103154792, 50.906673787882461 ], [ 6.822855524616187, 50.926669565713389 ], [ 6.83536494567916, 50.919520823999989 ], [ 6.799756727231012, 50.891983802782057 ], [ 6.781316668996081, 50.8898520349154 ] ] ] }, { "type": "Polygon", "coordinates": [ [ [ 6.784741414676382, 50.823429375267501 ], [ 6.776053557771388, 50.833827516927634 ], [ 6.790190243454408, 50.866909463254082 ], [ 6.818412263886405, 50.844892760662937 ], [ 6.804717639450984, 50.830812305271536 ], [ 6.784741414676382, 50.823429375267501 ] ] ] }, { "type": "Polygon", "coordinates": [ [ [ 6.778957489990816, 50.885907243519149 ], [ 6.781316668996081, 50.8898520349154 ], [ 6.799756727231012, 50.891983802782057 ], [ 6.842416737785785, 50.87751541401515 ], [ 6.846845962485101, 50.864509310514762 ], [ 6.843814435095435, 50.846654391307212 ], [ 6.843594181387137, 50.846241503621606 ], [ 6.818412263886405, 50.844892760662937 ], [ 6.790190243454408, 50.866909463254082 ], [ 6.783729761643324, 50.875791195355596 ], [ 6.778957489990816, 50.885907243519149 ] ] ] }, { "type": "Polygon", "coordinates": [ [ [ 6.762363177733184, 51.144844398386681 ], [ 6.760741833248952, 51.158139907799395 ], [ 6.782749596839663, 51.184980064245515 ], [ 6.790792364000025, 51.186996295137853 ], [ 6.801689309501368, 51.152610781943551 ], [ 6.785517170712454, 51.136997209265068 ], [ 6.762363177733184, 51.144844398386681 ] ] ] }, { "type": "Polygon", "coordinates": [ [ [ 6.76323008454526, 50.838661872717935 ], [ 6.783729761643324, 50.875791195355596 ], [ 6.790190243454408, 50.866909463254082 ], [ 6.776053557771388, 50.833827516927634 ], [ 6.76323008454526, 50.838661872717935 ] ] ] }, { "type": "Polygon", "coordinates": [ [ [ 6.758566661717174, 51.20436810773267 ], [ 6.758772263486587, 51.209174211382589 ], [ 6.807229832337644, 51.214600592277613 ], [ 6.808437653683661, 51.212878934474944 ], [ 6.801456099469993, 51.195449532906217 ], [ 6.790792364000025, 51.186996295137853 ], [ 6.782749596839663, 51.184980064245515 ], [ 6.758566661717174, 51.20436810773267 ] ] ] }, { "type": "Polygon", "coordinates": [ [ [ 6.765737839437507, 50.993675135069999 ], [ 6.766841345966354, 50.997896925809194 ], [ 6.777868428602447, 51.00500297699395 ], [ 6.809239972200836, 50.975963476799478 ], [ 6.806236689298517, 50.965789798601939 ], [ 6.791086995895885, 50.969360636337925 ], [ 6.765737839437507, 50.993675135069999 ] ] ] }, { "type": "Polygon", "coordinates": [ [ [ 6.765255895707191, 51.44928292498188 ], [ 6.781502282800467, 51.452825301278622 ], [ 6.806482443601469, 51.452143501759615 ], [ 6.811867765350581, 51.440304159657522 ], [ 6.807432093118658, 51.409553055973284 ], [ 6.783189134199985, 51.4106626252129 ], [ 6.779973273303131, 51.414135194975735 ], [ 6.765255895707191, 51.44928292498188 ] ] ] }, { "type": "Polygon", "coordinates": [ [ [ 6.775379702073663, 50.94924611284361 ], [ 6.772260267098702, 50.965095085015875 ], [ 6.791086995895885, 50.969360636337925 ], [ 6.806236689298517, 50.965789798601939 ], [ 6.807320752550342, 50.958383806549065 ], [ 6.805016902249993, 50.950787801672867 ], [ 6.790237080013624, 50.942380852977109 ], [ 6.775379702073663, 50.94924611284361 ] ] ] }, { "type": "Polygon", "coordinates": [ [ [ 6.757715513020212, 51.326751585172659 ], [ 6.7565598922376, 51.338465600422325 ], [ 6.807294592179032, 51.339614427645635 ], [ 6.802898608467284, 51.298576417466464 ], [ 6.790446949042504, 51.300047803734664 ], [ 6.757715513020212, 51.326751585172659 ] ] ] }, { "type": "Polygon", "coordinates": [ [ [ 6.771351108170281, 51.233697053747527 ], [ 6.76415701332628, 51.25497366030315 ], [ 6.799636839423392, 51.267417523750268 ], [ 6.805687277589887, 51.253015000292066 ], [ 6.800830573291244, 51.227284930436767 ], [ 6.771351108170281, 51.233697053747527 ] ] ] }, { "type": "Polygon", "coordinates": [ [ [ 6.791624942955651, 50.476266415839227 ], [ 6.792113622350059, 50.538430669582389 ], [ 6.809910291328144, 50.557576230739237 ], [ 6.826285241415912, 50.565169654951653 ], [ 6.828587706723503, 50.565518858022124 ], [ 6.833276877273653, 50.564415572230395 ], [ 6.835916014402985, 50.56279865619949 ], [ 6.837608933289418, 50.540934859919396 ], [ 6.830417282605474, 50.519706565406949 ], [ 6.791624942955651, 50.476266415839227 ] ] ] }, { "type": "Polygon", "coordinates": [ [ [ 6.781403442408196, 50.708664971681145 ], [ 6.784067295003489, 50.712237920631438 ], [ 6.788332318773217, 50.714645659236957 ], [ 6.828734350490011, 50.711284131181635 ], [ 6.84403572920634, 50.707202497907893 ], [ 6.845227578850704, 50.704940112564806 ], [ 6.841815298501236, 50.687074485471399 ], [ 6.805052703076227, 50.670115892897677 ], [ 6.781403442408196, 50.708664971681145 ] ] ] }, { "type": "Polygon", "coordinates": [ [ [ 6.808143586932547, 51.472027316401771 ], [ 6.819330829803524, 51.480495041743985 ], [ 6.839878292523363, 51.484023555206328 ], [ 6.844121432983319, 51.47023687228485 ], [ 6.843133438517649, 51.446779087485936 ], [ 6.811867765350581, 51.440304159657522 ], [ 6.806482443601469, 51.452143501759615 ], [ 6.808143586932547, 51.472027316401771 ] ] ] }, { "type": "Polygon", "coordinates": [ [ [ 6.819330829803524, 51.480495041743985 ], [ 6.808143586932547, 51.472027316401771 ], [ 6.792422735622412, 51.485318450742753 ], [ 6.787181561118427, 51.505225916426497 ], [ 6.810731496835628, 51.521297731670458 ], [ 6.810796707234367, 51.521285198549933 ], [ 6.818652279158142, 51.491940277638825 ], [ 6.819330829803524, 51.480495041743985 ] ] ] }, { "type": "Polygon", "coordinates": [ [ [ 6.781502282800467, 51.452825301278622 ], [ 6.771935746871116, 51.47843081152466 ], [ 6.792422735622412, 51.485318450742753 ], [ 6.808143586932547, 51.472027316401771 ], [ 6.806482443601469, 51.452143501759615 ], [ 6.781502282800467, 51.452825301278622 ] ] ] }, { "type": "Polygon", "coordinates": [ [ [ 6.781529103154792, 50.906673787882461 ], [ 6.779863210080662, 50.912210263204507 ], [ 6.790237080013624, 50.942380852977109 ], [ 6.805016902249993, 50.950787801672867 ], [ 6.822855524616187, 50.926669565713389 ], [ 6.781529103154792, 50.906673787882461 ] ] ] }, { "type": "Polygon", "coordinates": [ [ [ 6.801456099469993, 51.195449532906217 ], [ 6.808437653683661, 51.212878934474944 ], [ 6.812751562018682, 51.213036023573572 ], [ 6.841907799903132, 51.185960901982959 ], [ 6.821667456276871, 51.177537273440464 ], [ 6.813678157631942, 51.181548849262455 ], [ 6.801456099469993, 51.195449532906217 ] ] ] }, { "type": "Polygon", "coordinates": [ [ [ 6.807229832337644, 51.214600592277613 ], [ 6.800830573291244, 51.227284930436767 ], [ 6.805687277589887, 51.253015000292066 ], [ 6.833154448573914, 51.253015000292059 ], [ 6.843661796475673, 51.242479849852572 ], [ 6.84230727073352, 51.224355709746099 ], [ 6.812751562018682, 51.213036023573572 ], [ 6.808437653683661, 51.212878934474944 ], [ 6.807229832337644, 51.214600592277613 ] ] ] }, { "type": "Polygon", "coordinates": [ [ [ 6.816436932530181, 51.370605321298221 ], [ 6.817965432887429, 51.372357795167908 ], [ 6.844046347724871, 51.353135528924838 ], [ 6.861421188050959, 51.325862508769937 ], [ 6.86010329201217, 51.321595665391676 ], [ 6.849837693934147, 51.317912939493816 ], [ 6.809568437224391, 51.34479947311489 ], [ 6.816436932530181, 51.370605321298221 ] ] ] }, { "type": "Polygon", "coordinates": [ [ [ 6.819330829803524, 51.480495041743985 ], [ 6.818652279158142, 51.491940277638825 ], [ 6.831570063994914, 51.51111636794883 ], [ 6.84752908473062, 51.490180878779981 ], [ 6.839878292523363, 51.484023555206328 ], [ 6.819330829803524, 51.480495041743985 ] ] ] }, { "type": "Polygon", "coordinates": [ [ [ 6.805687277589887, 51.253015000292066 ], [ 6.799636839423392, 51.267417523750268 ], [ 6.803520576878401, 51.297928263959605 ], [ 6.815684862878982, 51.296800306609363 ], [ 6.838917533538833, 51.279669817923967 ], [ 6.833154448573914, 51.253015000292059 ], [ 6.805687277589887, 51.253015000292066 ] ] ] }, { "type": "Polygon", "coordinates": [ [ [ 6.777868428602447, 51.00500297699395 ], [ 6.789005671413378, 51.023965073354034 ], [ 6.82761136378371, 51.000023793123795 ], [ 6.827965914114496, 50.993657083337304 ], [ 6.809239972200836, 50.975963476799478 ], [ 6.777868428602447, 51.00500297699395 ] ] ] }, { "type": "Polygon", "coordinates": [ [ [ 6.795067241176285, 51.120868915449009 ], [ 6.785517170712454, 51.136997209265068 ], [ 6.801689309501368, 51.152610781943551 ], [ 6.810391300707296, 51.154001849069083 ], [ 6.835153362081403, 51.149214911380362 ], [ 6.837441773680648, 51.147942448379673 ], [ 6.823520285430386, 51.118070498862515 ], [ 6.795067241176285, 51.120868915449009 ] ] ] }, { "type": "Polygon", "coordinates": [ [ [ 6.790943433622451, 50.783409009378353 ], [ 6.790959180866341, 50.783855048054598 ], [ 6.810081764924174, 50.797528649517602 ], [ 6.855963276657458, 50.800763503503674 ], [ 6.859187672452978, 50.791067604947841 ], [ 6.818631190142547, 50.760906095341106 ], [ 6.805429774901885, 50.758846786748741 ], [ 6.790943433622451, 50.783409009378353 ] ] ] }, { "type": "Polygon", "coordinates": [ [ [ 6.805016902249993, 50.950787801672867 ], [ 6.807320752550342, 50.958383806549065 ], [ 6.851649456445648, 50.956123187612533 ], [ 6.83621703771704, 50.919360918077416 ], [ 6.83536494567916, 50.919520823999989 ], [ 6.822855524616187, 50.926669565713389 ], [ 6.805016902249993, 50.950787801672867 ] ] ] }, { "type": "Polygon", "coordinates": [ [ [ 6.790792364000025, 51.186996295137853 ], [ 6.801456099469993, 51.195449532906217 ], [ 6.813678157631942, 51.181548849262455 ], [ 6.810391300707296, 51.154001849069083 ], [ 6.801689309501368, 51.152610781943551 ], [ 6.790792364000025, 51.186996295137853 ] ] ] }, { "type": "Polygon", "coordinates": [ [ [ 6.816283699312739, 50.606626538451536 ], [ 6.787281380102736, 50.636711255632747 ], [ 6.80567105719074, 50.652106571073539 ], [ 6.825664588761096, 50.636105475814844 ], [ 6.816283699312739, 50.606626538451536 ] ] ] }, { "type": "Polygon", "coordinates": [ [ [ 6.788907385551874, 51.039974769706895 ], [ 6.784476311723003, 51.045565955910106 ], [ 6.799960556952703, 51.081289537307775 ], [ 6.820865759115152, 51.083664330956914 ], [ 6.837155322365737, 51.067713894240292 ], [ 6.827363026142551, 51.045866562862912 ], [ 6.788907385551874, 51.039974769706895 ] ] ] }, { "type": "Polygon", "coordinates": [ [ [ 6.806236689298517, 50.965789798601939 ], [ 6.809239972200836, 50.975963476799478 ], [ 6.827965914114496, 50.993657083337304 ], [ 6.845570541525708, 50.981823847731363 ], [ 6.853371526430171, 50.957593516465927 ], [ 6.851649456445648, 50.956123187612533 ], [ 6.807320752550342, 50.958383806549065 ], [ 6.806236689298517, 50.965789798601939 ] ] ] }, { "type": "Polygon", "coordinates": [ [ [ 6.786424565911655, 51.099097747522421 ], [ 6.795067241176285, 51.120868915449009 ], [ 6.823520285430386, 51.118070498862515 ], [ 6.827308425292123, 51.111359091159109 ], [ 6.820865759115152, 51.083664330956914 ], [ 6.799960556952703, 51.081289537307775 ], [ 6.786424565911655, 51.099097747522421 ] ] ] }, { "type": "Polygon", "coordinates": [ [ [ 6.826361302041909, 50.406932823638549 ], [ 6.801545649848512, 50.442926835834164 ], [ 6.834905944425115, 50.487454693406129 ], [ 6.866534702592295, 50.491578024789895 ], [ 6.842789123893626, 50.393195112734993 ], [ 6.826361302041909, 50.406932823638549 ] ] ] }, { "type": "Polygon", "coordinates": [ [ [ 6.810391300707296, 51.154001849069083 ], [ 6.813678157631942, 51.181548849262455 ], [ 6.821667456276871, 51.177537273440464 ], [ 6.835153362081403, 51.149214911380362 ], [ 6.810391300707296, 51.154001849069083 ] ] ] }, { "type": "Polygon", "coordinates": [ [ [ 6.82761136378371, 51.000023793123795 ], [ 6.789005671413378, 51.023965073354034 ], [ 6.788907385551874, 51.039974769706895 ], [ 6.827363026142551, 51.045866562862912 ], [ 6.840312356188337, 51.027515227918663 ], [ 6.837450437055975, 51.014953536484214 ], [ 6.82761136378371, 51.000023793123795 ] ] ] }, { "type": "Polygon", "coordinates": [ [ [ 6.803520576878401, 51.297928263959605 ], [ 6.802898608467284, 51.298576417466464 ], [ 6.807294592179032, 51.339614427645635 ], [ 6.809568437224391, 51.34479947311489 ], [ 6.849837693934147, 51.317912939493816 ], [ 6.815684862878982, 51.296800306609363 ], [ 6.803520576878401, 51.297928263959605 ] ] ] }, { "type": "Polygon", "coordinates": [ [ [ 6.835153362081403, 51.149214911380362 ], [ 6.821667456276871, 51.177537273440464 ], [ 6.841907799903132, 51.185960901982959 ], [ 6.851395941284591, 51.183002663633431 ], [ 6.85205553684104, 51.166554263604468 ], [ 6.851462075326504, 51.164583648714888 ], [ 6.840636011244237, 51.148848140864857 ], [ 6.837441773680648, 51.147942448379673 ], [ 6.835153362081403, 51.149214911380362 ] ] ] }, { "type": "Polygon", "coordinates": [ [ [ 6.827308425292123, 51.111359091159109 ], [ 6.823520285430386, 51.118070498862515 ], [ 6.837441773680648, 51.147942448379673 ], [ 6.840636011244237, 51.148848140864857 ], [ 6.878000603924624, 51.12028552564604 ], [ 6.864999934408845, 51.102367157101241 ], [ 6.827308425292123, 51.111359091159109 ] ] ] }, { "type": "Polygon", "coordinates": [ [ [ 6.804717639450984, 50.830812305271536 ], [ 6.818412263886405, 50.844892760662937 ], [ 6.843594181387137, 50.846241503621606 ], [ 6.856520778370495, 50.809533420145058 ], [ 6.855963276657458, 50.800763503503674 ], [ 6.810081764924174, 50.797528649517602 ], [ 6.804717639450984, 50.830812305271536 ] ] ] }, { "type": "Polygon", "coordinates": [ [ [ 6.807969642315196, 50.660185017204725 ], [ 6.805052703076227, 50.670115892897677 ], [ 6.841815298501236, 50.687074485471399 ], [ 6.843283316254114, 50.663606411091266 ], [ 6.807969642315196, 50.660185017204725 ] ] ] }, { "type": "Polygon", "coordinates": [ [ [ 6.828587706723503, 50.565518858022124 ], [ 6.816283699312739, 50.606626538451536 ], [ 6.825664588761096, 50.636105475814844 ], [ 6.841450942933143, 50.640058117822917 ], [ 6.851632289026712, 50.618061717750081 ], [ 6.833276877273653, 50.564415572230395 ], [ 6.828587706723503, 50.565518858022124 ] ] ] }, { "type": "Polygon", "coordinates": [ [ [ 6.826548965459187, 51.52513910720559 ], [ 6.840571312225777, 51.537082532621938 ], [ 6.856050793623218, 51.52406664276937 ], [ 6.86461827830501, 51.507943805230234 ], [ 6.861895250646775, 51.494982193577037 ], [ 6.84752908473062, 51.490180878779981 ], [ 6.831570063994914, 51.51111636794883 ], [ 6.826548965459187, 51.52513910720559 ] ] ] }, { "type": "Polygon", "coordinates": [ [ [ 6.844233749030103, 50.910776823839122 ], [ 6.842416737785785, 50.87751541401515 ], [ 6.799756727231012, 50.891983802782057 ], [ 6.83536494567916, 50.919520823999989 ], [ 6.83621703771704, 50.919360918077416 ], [ 6.844233749030103, 50.910776823839122 ] ] ] }, { "type": "Polygon", "coordinates": [ [ [ 6.842416737785785, 50.87751541401515 ], [ 6.844233749030103, 50.910776823839122 ], [ 6.880279983792552, 50.91653622739792 ], [ 6.880304208428968, 50.916498623257269 ], [ 6.882404129368298, 50.897098586284038 ], [ 6.879262593919399, 50.892938694169992 ], [ 6.85254727671558, 50.867531255748169 ], [ 6.846845962485101, 50.864509310514762 ], [ 6.842416737785785, 50.87751541401515 ] ] ] }, { "type": "Polygon", "coordinates": [ [ [ 6.818652279158142, 51.491940277638825 ], [ 6.810796707234367, 51.521285198549933 ], [ 6.826548965459187, 51.52513910720559 ], [ 6.831570063994914, 51.51111636794883 ], [ 6.818652279158142, 51.491940277638825 ] ] ] }, { "type": "Polygon", "coordinates": [ [ [ 6.828734350490011, 50.711284131181635 ], [ 6.788332318773217, 50.714645659236957 ], [ 6.805429774901885, 50.758846786748741 ], [ 6.818631190142547, 50.760906095341106 ], [ 6.831176386081423, 50.748825854945181 ], [ 6.828734350490011, 50.711284131181635 ] ] ] }, { "type": "Polygon", "coordinates": [ [ [ 6.820865759115152, 51.083664330956914 ], [ 6.827308425292123, 51.111359091159109 ], [ 6.864999934408845, 51.102367157101241 ], [ 6.864550938140408, 51.089309510081748 ], [ 6.840453807389671, 51.06855499357907 ], [ 6.837155322365737, 51.067713894240292 ], [ 6.820865759115152, 51.083664330956914 ] ] ] }, { "type": "Polygon", "coordinates": [ [ [ 6.831176386081423, 50.748825854945181 ], [ 6.818631190142547, 50.760906095341106 ], [ 6.859187672452978, 50.791067604947841 ], [ 6.875577732585532, 50.773608387795321 ], [ 6.862985288664523, 50.741040604883921 ], [ 6.831176386081423, 50.748825854945181 ] ] ] }, { "type": "Polygon", "coordinates": [ [ [ 6.80567105719074, 50.652106571073539 ], [ 6.807969642315196, 50.660185017204725 ], [ 6.843283316254114, 50.663606411091266 ], [ 6.849123983783834, 50.656078183154143 ], [ 6.841450942933143, 50.640058117822917 ], [ 6.825664588761096, 50.636105475814844 ], [ 6.80567105719074, 50.652106571073539 ] ] ] }, { "type": "Polygon", "coordinates": [ [ [ 6.843661796475673, 51.242479849852572 ], [ 6.833154448573914, 51.253015000292059 ], [ 6.838917533538833, 51.279669817923967 ], [ 6.868110138634735, 51.277892101589408 ], [ 6.872047500750914, 51.261613466048466 ], [ 6.843661796475673, 51.242479849852572 ] ] ] }, { "type": "Polygon", "coordinates": [ [ [ 6.841450942933143, 50.640058117822917 ], [ 6.849123983783834, 50.656078183154143 ], [ 6.924802221279345, 50.652851006994943 ], [ 6.851632289026712, 50.618061717750081 ], [ 6.841450942933143, 50.640058117822917 ] ] ] }, { "type": "Polygon", "coordinates": [ [ [ 6.855963276657458, 50.800763503503674 ], [ 6.856520778370495, 50.809533420145058 ], [ 6.891560476218534, 50.823328210637882 ], [ 6.90952193090865, 50.815952301738839 ], [ 6.899348623389632, 50.771368831553282 ], [ 6.875577732585532, 50.773608387795321 ], [ 6.859187672452978, 50.791067604947841 ], [ 6.855963276657458, 50.800763503503674 ] ] ] }, { "type": "Polygon", "coordinates": [ [ [ 6.84403572920634, 50.707202497907893 ], [ 6.828734350490011, 50.711284131181635 ], [ 6.831176386081423, 50.748825854945181 ], [ 6.862985288664523, 50.741040604883921 ], [ 6.862581194282337, 50.735814511209121 ], [ 6.84403572920634, 50.707202497907893 ] ] ] }, { "type": "Polygon", "coordinates": [ [ [ 6.827965914114496, 50.993657083337304 ], [ 6.82761136378371, 51.000023793123795 ], [ 6.837450437055975, 51.014953536484214 ], [ 6.87515741900831, 50.999498946464328 ], [ 6.845570541525708, 50.981823847731363 ], [ 6.827965914114496, 50.993657083337304 ] ] ] }, { "type": "Polygon", "coordinates": [ [ [ 6.844121432983319, 51.47023687228485 ], [ 6.839878292523363, 51.484023555206328 ], [ 6.84752908473062, 51.490180878779981 ], [ 6.861895250646775, 51.494982193577037 ], [ 6.871587415518732, 51.485184285025333 ], [ 6.872530599283269, 51.458382136604875 ], [ 6.872174159362636, 51.457963806371055 ], [ 6.844121432983319, 51.47023687228485 ] ] ] }, { "type": "Polygon", "coordinates": [ [ [ 6.841907799903132, 51.185960901982959 ], [ 6.812751562018682, 51.213036023573572 ], [ 6.84230727073352, 51.224355709746099 ], [ 6.865726302662564, 51.210396330443331 ], [ 6.866219000448779, 51.202022067675706 ], [ 6.851395941284591, 51.183002663633431 ], [ 6.841907799903132, 51.185960901982959 ] ] ] }, { "type": "Polygon", "coordinates": [ [ [ 6.841815298501236, 50.687074485471399 ], [ 6.845227578850704, 50.704940112564806 ], [ 6.950731876917851, 50.656699844758833 ], [ 6.924802221279345, 50.652851006994943 ], [ 6.849123983783834, 50.656078183154143 ], [ 6.843283316254114, 50.663606411091266 ], [ 6.841815298501236, 50.687074485471399 ] ] ] }, { "type": "Polygon", "coordinates": [ [ [ 6.807432093118658, 51.409553055973284 ], [ 6.811867765350581, 51.440304159657522 ], [ 6.843133438517649, 51.446779087485936 ], [ 6.856436960271939, 51.443136733877822 ], [ 6.849630969421075, 51.406130241992429 ], [ 6.840132526630277, 51.394525740115235 ], [ 6.821229418096284, 51.388913104498819 ], [ 6.807432093118658, 51.409553055973284 ] ] ] }, { "type": "Polygon", "coordinates": [ [ [ 6.83621703771704, 50.919360918077416 ], [ 6.851649456445648, 50.956123187612533 ], [ 6.853371526430171, 50.957593516465927 ], [ 6.855298661332984, 50.957359603928282 ], [ 6.881025152815524, 50.919032892898684 ], [ 6.880279983792552, 50.91653622739792 ], [ 6.844233749030103, 50.910776823839122 ], [ 6.83621703771704, 50.919360918077416 ] ] ] }, { "type": "Polygon", "coordinates": [ [ [ 6.838917533538833, 51.279669817923967 ], [ 6.815684862878982, 51.296800306609363 ], [ 6.849837693934147, 51.317912939493816 ], [ 6.86010329201217, 51.321595665391676 ], [ 6.875188054133563, 51.291900168002407 ], [ 6.868110138634735, 51.277892101589408 ], [ 6.838917533538833, 51.279669817923967 ] ] ] }, { "type": "Polygon", "coordinates": [ [ [ 6.827363026142551, 51.045866562862912 ], [ 6.837155322365737, 51.067713894240292 ], [ 6.840453807389671, 51.06855499357907 ], [ 6.873562527666992, 51.044018049092763 ], [ 6.86468770753862, 51.03263899557313 ], [ 6.840312356188337, 51.027515227918663 ], [ 6.827363026142551, 51.045866562862912 ] ] ] }, { "type": "Polygon", "coordinates": [ [ [ 6.830417282605474, 50.519706565406949 ], [ 6.837608933289418, 50.540934859919396 ], [ 6.866764082837991, 50.491882037953147 ], [ 6.866534702592295, 50.491578024789895 ], [ 6.834905944425115, 50.487454693406129 ], [ 6.830417282605474, 50.519706565406949 ] ] ] }, { "type": "Polygon", "coordinates": [ [ [ 6.817965432887429, 51.372357795167908 ], [ 6.821229418096284, 51.388913104498819 ], [ 6.840132526630277, 51.394525740115235 ], [ 6.880996630885264, 51.380968181719354 ], [ 6.882495095607574, 51.366702662983137 ], [ 6.844046347724871, 51.353135528924838 ], [ 6.817965432887429, 51.372357795167908 ] ] ] }, { "type": "Polygon", "coordinates": [ [ [ 6.833276877273653, 50.564415572230395 ], [ 6.851632289026712, 50.618061717750081 ], [ 6.924802221279345, 50.652851006994943 ], [ 6.950731876917851, 50.656699844758833 ], [ 7.011886419634658, 50.652103082797716 ], [ 7.021470194501915, 50.650530532226661 ], [ 7.02850792421778, 50.644869898683318 ], [ 6.857568883728552, 50.563455279178086 ], [ 6.835916014402985, 50.56279865619949 ], [ 6.833276877273653, 50.564415572230395 ] ] ] }, { "type": "Polygon", "coordinates": [ [ [ 6.84230727073352, 51.224355709746099 ], [ 6.843661796475673, 51.242479849852572 ], [ 6.872047500750914, 51.261613466048466 ], [ 6.883333986959422, 51.250972464504322 ], [ 6.888583614162705, 51.239164667225253 ], [ 6.884587243118378, 51.227543150657496 ], [ 6.865726302662564, 51.210396330443331 ], [ 6.84230727073352, 51.224355709746099 ] ] ] }, { "type": "Polygon", "coordinates": [ [ [ 6.840571312225777, 51.537082532621938 ], [ 6.841385282583134, 51.596269813816711 ], [ 6.897101978194549, 51.555460787887554 ], [ 6.856050793623218, 51.52406664276937 ], [ 6.840571312225777, 51.537082532621938 ] ] ] }, { "type": "Polygon", "coordinates": [ [ [ 6.856436960271939, 51.443136733877822 ], [ 6.843133438517649, 51.446779087485936 ], [ 6.844121432983319, 51.47023687228485 ], [ 6.872174159362636, 51.457963806371055 ], [ 6.865554286189857, 51.446580161676138 ], [ 6.864265985702134, 51.445573433510305 ], [ 6.856436960271939, 51.443136733877822 ] ] ] }, { "type": "Polygon", "coordinates": [ [ [ 6.840636011244237, 51.148848140864857 ], [ 6.851462075326504, 51.164583648714888 ], [ 6.898104087736793, 51.143950613659946 ], [ 6.901072016904234, 51.139574184003216 ], [ 6.892163215618182, 51.125482261214131 ], [ 6.878000603924624, 51.12028552564604 ], [ 6.840636011244237, 51.148848140864857 ] ] ] }, { "type": "Polygon", "coordinates": [ [ [ 10.005509999487007, 48.298109999876601 ], [ 8.510451156551138, 48.298109999876601 ], [ 6.842789123893626, 50.393195112734993 ], [ 6.866534702592295, 50.491578024789895 ], [ 6.866764082837991, 50.491882037953147 ], [ 6.913284686716611, 50.499159704760388 ], [ 7.908919976052301, 50.16868515745989 ], [ 8.000346551097337, 50.121079891328634 ], [ 8.450888193619441, 49.880527786658867 ], [ 9.137264192667594, 49.352631208947777 ], [ 10.005509999487007, 48.564724340942092 ], [ 10.005509999487007, 48.298109999876601 ] ] ] }, { "type": "Polygon", "coordinates": [ [ [ 6.873562527666992, 51.044018049092763 ], [ 6.840453807389671, 51.06855499357907 ], [ 6.864550938140408, 51.089309510081748 ], [ 6.891627746599525, 51.064074045202517 ], [ 6.880223915635984, 51.046825467002925 ], [ 6.873562527666992, 51.044018049092763 ] ] ] }, { "type": "Polygon", "coordinates": [ [ [ 6.868110138634735, 51.277892101589408 ], [ 6.875188054133563, 51.291900168002407 ], [ 6.899031709681775, 51.296572825762091 ], [ 6.915780431937359, 51.276882935091649 ], [ 6.883333986959422, 51.250972464504322 ], [ 6.872047500750914, 51.261613466048466 ], [ 6.868110138634735, 51.277892101589408 ] ] ] }, { "type": "Polygon", "coordinates": [ [ [ 6.840312356188337, 51.027515227918663 ], [ 6.86468770753862, 51.03263899557313 ], [ 6.87426878495216, 51.007836986004847 ], [ 6.875891960238959, 50.999651295762881 ], [ 6.87515741900831, 50.999498946464328 ], [ 6.837450437055975, 51.014953536484214 ], [ 6.840312356188337, 51.027515227918663 ] ] ] }, { "type": "Polygon", "coordinates": [ [ [ 6.849630969421075, 51.406130241992429 ], [ 6.856436960271939, 51.443136733877822 ], [ 6.864265985702134, 51.445573433510305 ], [ 6.874726118740258, 51.41686458236456 ], [ 6.849630969421075, 51.406130241992429 ] ] ] }, { "type": "Polygon", "coordinates": [ [ [ 6.845227578850704, 50.704940112564806 ], [ 6.84403572920634, 50.707202497907893 ], [ 6.862581194282337, 50.735814511209121 ], [ 7.011886419634658, 50.652103082797716 ], [ 6.950731876917851, 50.656699844758833 ], [ 6.845227578850704, 50.704940112564806 ] ] ] }, { "type": "Polygon", "coordinates": [ [ [ 6.865554286189857, 51.446580161676138 ], [ 6.872174159362636, 51.457963806371055 ], [ 6.872530599283269, 51.458382136604875 ], [ 6.90520647865505, 51.454920258849256 ], [ 6.885109304915001, 51.434404394774155 ], [ 6.865554286189857, 51.446580161676138 ] ] ] }, { "type": "Polygon", "coordinates": [ [ [ 6.853371526430171, 50.957593516465927 ], [ 6.845570541525708, 50.981823847731363 ], [ 6.87515741900831, 50.999498946464328 ], [ 6.875891960238959, 50.999651295762881 ], [ 6.887499986212799, 50.993698901015719 ], [ 6.890274767763819, 50.985421089788403 ], [ 6.875614923353064, 50.96298413996238 ], [ 6.855298661332984, 50.957359603928282 ], [ 6.853371526430171, 50.957593516465927 ] ] ] }, { "type": "Polygon", "coordinates": [ [ [ 6.837608933289418, 50.540934859919396 ], [ 6.835916014402985, 50.56279865619949 ], [ 6.857568883728552, 50.563455279178086 ], [ 6.913284686716611, 50.499159704760388 ], [ 6.866764082837991, 50.491882037953147 ], [ 6.837608933289418, 50.540934859919396 ] ] ] }, { "type": "Polygon", "coordinates": [ [ [ 6.85205553684104, 51.166554263604468 ], [ 6.851395941284591, 51.183002663633431 ], [ 6.866219000448779, 51.202022067675706 ], [ 6.888298263437969, 51.185360735095081 ], [ 6.887346921989267, 51.171284810779021 ], [ 6.85205553684104, 51.166554263604468 ] ] ] }, { "type": "Polygon", "coordinates": [ [ [ 6.861421188050959, 51.325862508769937 ], [ 6.844046347724871, 51.353135528924838 ], [ 6.882495095607574, 51.366702662983137 ], [ 6.890753990033841, 51.35088370351243 ], [ 6.885046130478004, 51.339648700685132 ], [ 6.861421188050959, 51.325862508769937 ] ] ] }, { "type": "Polygon", "coordinates": [ [ [ 6.846845962485101, 50.864509310514762 ], [ 6.85254727671558, 50.867531255748169 ], [ 6.883286873749101, 50.872519190787607 ], [ 6.896613925565343, 50.871298940463845 ], [ 6.876513691635142, 50.850142190827619 ], [ 6.843814435095435, 50.846654391307212 ], [ 6.846845962485101, 50.864509310514762 ] ] ] }, { "type": "Polygon", "coordinates": [ [ [ 6.864550938140408, 51.089309510081748 ], [ 6.864999934408845, 51.102367157101241 ], [ 6.878000603924624, 51.12028552564604 ], [ 6.892163215618182, 51.125482261214131 ], [ 6.924490879139502, 51.07593951626189 ], [ 6.918380757519288, 51.070734034404637 ], [ 6.891627746599525, 51.064074045202517 ], [ 6.864550938140408, 51.089309510081748 ] ] ] }, { "type": "Polygon", "coordinates": [ [ [ 6.86010329201217, 51.321595665391676 ], [ 6.861421188050959, 51.325862508769937 ], [ 6.885046130478004, 51.339648700685132 ], [ 6.907212660594631, 51.310793993070455 ], [ 6.899031709681775, 51.296572825762091 ], [ 6.875188054133563, 51.291900168002407 ], [ 6.86010329201217, 51.321595665391676 ] ] ] }, { "type": "Polygon", "coordinates": [ [ [ 6.86468770753862, 51.03263899557313 ], [ 6.873562527666992, 51.044018049092763 ], [ 6.880223915635984, 51.046825467002925 ], [ 6.891496247448238, 51.031997079273467 ], [ 6.87426878495216, 51.007836986004847 ], [ 6.86468770753862, 51.03263899557313 ] ] ] }, { "type": "Polygon", "coordinates": [ [ [ 6.864265985702134, 51.445573433510305 ], [ 6.865554286189857, 51.446580161676138 ], [ 6.885109304915001, 51.434404394774155 ], [ 6.888868085105705, 51.424712332384644 ], [ 6.88387720249058, 51.415062686215201 ], [ 6.874726118740258, 51.41686458236456 ], [ 6.864265985702134, 51.445573433510305 ] ] ] }, { "type": "Polygon", "coordinates": [ [ [ 6.840132526630277, 51.394525740115235 ], [ 6.849630969421075, 51.406130241992429 ], [ 6.874726118740258, 51.41686458236456 ], [ 6.88387720249058, 51.415062686215201 ], [ 6.885537277045684, 51.412128549006326 ], [ 6.885984449428889, 51.389224405678149 ], [ 6.88174428734197, 51.381687633604209 ], [ 6.880996630885264, 51.380968181719354 ], [ 6.840132526630277, 51.394525740115235 ] ] ] }, { "type": "Polygon", "coordinates": [ [ [ 6.898104087736793, 51.143950613659946 ], [ 6.851462075326504, 51.164583648714888 ], [ 6.85205553684104, 51.166554263604468 ], [ 6.887346921989267, 51.171284810779021 ], [ 6.898104087736793, 51.143950613659946 ] ] ] }, { "type": "Polygon", "coordinates": [ [ [ 6.841385282583134, 51.596269813816711 ], [ 6.788448065983528, 51.692100603122363 ], [ 6.834188088426136, 51.684267285309318 ], [ 6.865656917349807, 51.657830665626733 ], [ 6.928125275462521, 51.572205131353563 ], [ 6.899239490663941, 51.554517778134795 ], [ 6.897101978194549, 51.555460787887554 ], [ 6.841385282583134, 51.596269813816711 ] ] ] }, { "type": "Polygon", "coordinates": [ [ [ 6.86461827830501, 51.507943805230234 ], [ 6.856050793623218, 51.52406664276937 ], [ 6.897101978194549, 51.555460787887554 ], [ 6.899239490663941, 51.554517778134795 ], [ 6.901593186066076, 51.542877421466848 ], [ 6.899826595616699, 51.523760932858828 ], [ 6.86461827830501, 51.507943805230234 ] ] ] }, { "type": "Polygon", "coordinates": [ [ [ 6.875891960238959, 50.999651295762881 ], [ 6.87426878495216, 51.007836986004847 ], [ 6.891496247448238, 51.031997079273467 ], [ 6.908998091302356, 51.017462265977812 ], [ 6.887499986212799, 50.993698901015719 ], [ 6.875891960238959, 50.999651295762881 ] ] ] }, { "type": "Polygon", "coordinates": [ [ [ 6.881025152815524, 50.919032892898684 ], [ 6.855298661332984, 50.957359603928282 ], [ 6.875614923353064, 50.96298413996238 ], [ 6.895814205755001, 50.939541176763306 ], [ 6.895492578981321, 50.937697499265326 ], [ 6.881025152815524, 50.919032892898684 ] ] ] }, { "type": "Polygon", "coordinates": [ [ [ 6.862581194282337, 50.735814511209121 ], [ 6.862985288664523, 50.741040604883921 ], [ 6.875577732585532, 50.773608387795321 ], [ 6.899348623389632, 50.771368831553282 ], [ 6.967292183841934, 50.7431679142341 ], [ 6.979223332151858, 50.730969075420624 ], [ 7.021470194501915, 50.650530532226661 ], [ 7.011886419634658, 50.652103082797716 ], [ 6.862581194282337, 50.735814511209121 ] ] ] }, { "type": "Polygon", "coordinates": [ [ [ 6.880304208428968, 50.916498623257269 ], [ 6.880279983792552, 50.91653622739792 ], [ 6.881025152815524, 50.919032892898684 ], [ 6.895492578981321, 50.937697499265326 ], [ 6.900272912370777, 50.934889036163987 ], [ 6.929620749899487, 50.909170395739338 ], [ 6.925838397144185, 50.900435561952143 ], [ 6.880304208428968, 50.916498623257269 ] ] ] }, { "type": "Polygon", "coordinates": [ [ [ 6.866219000448779, 51.202022067675706 ], [ 6.865726302662564, 51.210396330443331 ], [ 6.884587243118378, 51.227543150657496 ], [ 6.911849018193038, 51.202138358331645 ], [ 6.912866238767643, 51.197968428247009 ], [ 6.910844529954519, 51.193938900892917 ], [ 6.888298263437969, 51.185360735095081 ], [ 6.866219000448779, 51.202022067675706 ] ] ] }, { "type": "Polygon", "coordinates": [ [ [ 6.880996630885264, 51.380968181719354 ], [ 6.88174428734197, 51.381687633604209 ], [ 6.926723013956117, 51.375937230317071 ], [ 6.921449914744805, 51.353230181850449 ], [ 6.890753990033841, 51.35088370351243 ], [ 6.882495095607574, 51.366702662983137 ], [ 6.880996630885264, 51.380968181719354 ] ] ] }, { "type": "Polygon", "coordinates": [ [ [ 6.861895250646775, 51.494982193577037 ], [ 6.86461827830501, 51.507943805230234 ], [ 6.899826595616699, 51.523760932858828 ], [ 6.907031185363911, 51.512013777549697 ], [ 6.898852261986261, 51.491877498422703 ], [ 6.89201342105257, 51.486288930117013 ], [ 6.871587415518732, 51.485184285025333 ], [ 6.861895250646775, 51.494982193577037 ] ] ] }, { "type": "Polygon", "coordinates": [ [ [ 6.888868085105705, 51.424712332384644 ], [ 6.885109304915001, 51.434404394774155 ], [ 6.90520647865505, 51.454920258849256 ], [ 6.906935670372449, 51.455138448666062 ], [ 6.909616605019027, 51.450064999791543 ], [ 6.908687298015997, 51.431244987955807 ], [ 6.888868085105705, 51.424712332384644 ] ] ] }, { "type": "Polygon", "coordinates": [ [ [ 6.843594181387137, 50.846241503621606 ], [ 6.843814435095435, 50.846654391307212 ], [ 6.876513691635142, 50.850142190827619 ], [ 6.88888501160418, 50.846765326918707 ], [ 6.895086554968389, 50.833340284319043 ], [ 6.891560476218534, 50.823328210637882 ], [ 6.856520778370495, 50.809533420145058 ], [ 6.843594181387137, 50.846241503621606 ] ] ] }, { "type": "Polygon", "coordinates": [ [ [ 6.85254727671558, 50.867531255748169 ], [ 6.879262593919399, 50.892938694169992 ], [ 6.883286873749101, 50.872519190787607 ], [ 6.85254727671558, 50.867531255748169 ] ] ] }, { "type": "Polygon", "coordinates": [ [ [ 6.913284686716611, 50.499159704760388 ], [ 6.857568883728552, 50.563455279178086 ], [ 7.02850792421778, 50.644869898683318 ], [ 7.247288334812592, 50.54303465377054 ], [ 7.908919976052301, 50.16868515745989 ], [ 6.913284686716611, 50.499159704760388 ] ] ] }, { "type": "Polygon", "coordinates": [ [ [ 6.879262593919399, 50.892938694169992 ], [ 6.882404129368298, 50.897098586284038 ], [ 6.907119601757723, 50.87488961769462 ], [ 6.906678946183247, 50.873980738817316 ], [ 6.896613925565343, 50.871298940463845 ], [ 6.883286873749101, 50.872519190787607 ], [ 6.879262593919399, 50.892938694169992 ] ] ] }, { "type": "Polygon", "coordinates": [ [ [ 6.880223915635984, 51.046825467002925 ], [ 6.891627746599525, 51.064074045202517 ], [ 6.918380757519288, 51.070734034404637 ], [ 6.918138362487253, 51.01979897062516 ], [ 6.908998091302356, 51.017462265977812 ], [ 6.891496247448238, 51.031997079273467 ], [ 6.880223915635984, 51.046825467002925 ] ] ] }, { "type": "Polygon", "coordinates": [ [ [ 6.895814205755001, 50.939541176763306 ], [ 6.875614923353064, 50.96298413996238 ], [ 6.890274767763819, 50.985421089788403 ], [ 6.913917358029094, 50.972446415425779 ], [ 6.900864252914186, 50.94424923423076 ], [ 6.895814205755001, 50.939541176763306 ] ] ] }, { "type": "Polygon", "coordinates": [ [ [ 6.882404129368298, 50.897098586284038 ], [ 6.880304208428968, 50.916498623257269 ], [ 6.925838397144185, 50.900435561952143 ], [ 6.926282806116574, 50.889135451597141 ], [ 6.907119601757723, 50.87488961769462 ], [ 6.882404129368298, 50.897098586284038 ] ] ] }, { "type": "Polygon", "coordinates": [ [ [ 6.876513691635142, 50.850142190827619 ], [ 6.896613925565343, 50.871298940463845 ], [ 6.906678946183247, 50.873980738817316 ], [ 6.908224929183833, 50.858917852845444 ], [ 6.88888501160418, 50.846765326918707 ], [ 6.876513691635142, 50.850142190827619 ] ] ] }, { "type": "Polygon", "coordinates": [ [ [ 6.90520647865505, 51.454920258849256 ], [ 6.872530599283269, 51.458382136604875 ], [ 6.871587415518732, 51.485184285025333 ], [ 6.89201342105257, 51.486288930117013 ], [ 6.907011013236797, 51.455340355829904 ], [ 6.906935670372449, 51.455138448666062 ], [ 6.90520647865505, 51.454920258849256 ] ] ] }, { "type": "Polygon", "coordinates": [ [ [ 6.887346921989267, 51.171284810779021 ], [ 6.888298263437969, 51.185360735095081 ], [ 6.910844529954519, 51.193938900892917 ], [ 6.920303690902506, 51.171311501922609 ], [ 6.916882422020721, 51.145339012861378 ], [ 6.916428575855836, 51.144920175940932 ], [ 6.901072016904234, 51.139574184003216 ], [ 6.898104087736793, 51.143950613659946 ], [ 6.887346921989267, 51.171284810779021 ] ] ] }, { "type": "Polygon", "coordinates": [ [ [ 6.885537277045684, 51.412128549006326 ], [ 6.88387720249058, 51.415062686215201 ], [ 6.888868085105705, 51.424712332384644 ], [ 6.908687298015997, 51.431244987955807 ], [ 6.921637334926467, 51.410396347803044 ], [ 6.885537277045684, 51.412128549006326 ] ] ] }, { "type": "Polygon", "coordinates": [ [ [ 6.907011013236797, 51.455340355829904 ], [ 6.89201342105257, 51.486288930117013 ], [ 6.898852261986261, 51.491877498422703 ], [ 6.922920535165385, 51.476557692347527 ], [ 6.924256534768114, 51.473214049755853 ], [ 6.907011013236797, 51.455340355829904 ] ] ] }, { "type": "Polygon", "coordinates": [ [ [ 6.906935670372449, 51.455138448666062 ], [ 6.907011013236797, 51.455340355829904 ], [ 6.924256534768114, 51.473214049755853 ], [ 6.951591930332091, 51.470797224884045 ], [ 6.952049820744633, 51.469783526262418 ], [ 6.947174946357422, 51.441787168595937 ], [ 6.94508293836249, 51.439339090113911 ], [ 6.909616605019027, 51.450064999791543 ], [ 6.906935670372449, 51.455138448666062 ] ] ] }, { "type": "Polygon", "coordinates": [ [ [ 7.02850792421778, 50.644869898683318 ], [ 7.021470194501915, 50.650530532226661 ], [ 6.979223332151858, 50.730969075420624 ], [ 7.003350362324706, 50.820663797614365 ], [ 7.038720073028055, 50.836920295090678 ], [ 7.247288334812592, 50.54303465377054 ], [ 7.02850792421778, 50.644869898683318 ] ] ] }, { "type": "Polygon", "coordinates": [ [ [ 6.895086554968389, 50.833340284319043 ], [ 6.88888501160418, 50.846765326918707 ], [ 6.908224929183833, 50.858917852845444 ], [ 6.916473746117758, 50.844966231744081 ], [ 6.895086554968389, 50.833340284319043 ] ] ] }, { "type": "Polygon", "coordinates": [ [ [ 6.890274767763819, 50.985421089788403 ], [ 6.887499986212799, 50.993698901015719 ], [ 6.908998091302356, 51.017462265977812 ], [ 6.918138362487253, 51.01979897062516 ], [ 6.934954772708435, 51.011972368319825 ], [ 6.935021612955131, 51.011935623984861 ], [ 6.944299675772143, 50.998451829318768 ], [ 6.938785479383106, 50.985464170344436 ], [ 6.929395193860315, 50.97367443715693 ], [ 6.913917358029094, 50.972446415425779 ], [ 6.890274767763819, 50.985421089788403 ] ] ] }, { "type": "Polygon", "coordinates": [ [ [ 6.888583614162705, 51.239164667225253 ], [ 6.883333986959422, 51.250972464504322 ], [ 6.915780431937359, 51.276882935091649 ], [ 6.925976467897245, 51.272909108952362 ], [ 6.930103792129207, 51.269421224776352 ], [ 6.933758200345335, 51.249014218016079 ], [ 6.924547372317337, 51.240101480859749 ], [ 6.888583614162705, 51.239164667225253 ] ] ] }, { "type": "Polygon", "coordinates": [ [ [ 6.885984449428889, 51.389224405678149 ], [ 6.885537277045684, 51.412128549006326 ], [ 6.921637334926467, 51.410396347803044 ], [ 6.928464464831132, 51.404535385820104 ], [ 6.885984449428889, 51.389224405678149 ] ] ] }, { "type": "Polygon", "coordinates": [ [ [ 6.906678946183247, 50.873980738817316 ], [ 6.907119601757723, 50.87488961769462 ], [ 6.926282806116574, 50.889135451597141 ], [ 6.936036727226957, 50.882471636182757 ], [ 6.942384333706812, 50.869799228680009 ], [ 6.941738842852115, 50.849234798884495 ], [ 6.925349294455088, 50.838808597341711 ], [ 6.916473746117758, 50.844966231744081 ], [ 6.908224929183833, 50.858917852845444 ], [ 6.906678946183247, 50.873980738817316 ] ] ] }, { "type": "Polygon", "coordinates": [ [ [ 6.892163215618182, 51.125482261214131 ], [ 6.901072016904234, 51.139574184003216 ], [ 6.916428575855836, 51.144920175940932 ], [ 6.950607672196952, 51.101785292542409 ], [ 6.93660108276427, 51.077450067409927 ], [ 6.924490879139502, 51.07593951626189 ], [ 6.892163215618182, 51.125482261214131 ] ] ] }, { "type": "Polygon", "coordinates": [ [ [ 6.90952193090865, 50.815952301738839 ], [ 6.891560476218534, 50.823328210637882 ], [ 6.895086554968389, 50.833340284319043 ], [ 6.916473746117758, 50.844966231744081 ], [ 6.925349294455088, 50.838808597341711 ], [ 6.925415880689739, 50.823286148072548 ], [ 6.90952193090865, 50.815952301738839 ] ] ] }, { "type": "Polygon", "coordinates": [ [ [ 6.885046130478004, 51.339648700685132 ], [ 6.890753990033841, 51.35088370351243 ], [ 6.921449914744805, 51.353230181850449 ], [ 6.924493085417191, 51.349273052284644 ], [ 6.933883623874748, 51.322849807477525 ], [ 6.907212660594631, 51.310793993070455 ], [ 6.885046130478004, 51.339648700685132 ] ] ] }, { "type": "Polygon", "coordinates": [ [ [ 6.88174428734197, 51.381687633604209 ], [ 6.885984449428889, 51.389224405678149 ], [ 6.928464464831132, 51.404535385820104 ], [ 6.930860059051695, 51.403602588099936 ], [ 6.936114672790627, 51.395792081974484 ], [ 6.936479425735269, 51.392831971532665 ], [ 6.926723013956117, 51.375937230317071 ], [ 6.88174428734197, 51.381687633604209 ] ] ] }, { "type": "Polygon", "coordinates": [ [ [ 6.907031185363911, 51.512013777549697 ], [ 6.899826595616699, 51.523760932858828 ], [ 6.901593186066076, 51.542877421466848 ], [ 6.951048123577699, 51.523996307659424 ], [ 6.953830580580751, 51.513104007030229 ], [ 6.924480845040541, 51.506069842297613 ], [ 6.907031185363911, 51.512013777549697 ] ] ] }, { "type": "Polygon", "coordinates": [ [ [ 6.901593186066076, 51.542877421466848 ], [ 6.899239490663941, 51.554517778134795 ], [ 6.928125275462521, 51.572205131353563 ], [ 6.929874720958026, 51.572528643519256 ], [ 6.953769841190966, 51.554664889316435 ], [ 6.951048123577699, 51.523996307659424 ], [ 6.901593186066076, 51.542877421466848 ] ] ] }, { "type": "Polygon", "coordinates": [ [ [ 6.900272912370777, 50.934889036163987 ], [ 6.895492578981321, 50.937697499265326 ], [ 6.895814205755001, 50.939541176763306 ], [ 6.900864252914186, 50.94424923423076 ], [ 6.935402110348019, 50.942184097484578 ], [ 6.936666447075689, 50.932209817622024 ], [ 6.900272912370777, 50.934889036163987 ] ] ] }, { "type": "Polygon", "coordinates": [ [ [ 6.899348623389632, 50.771368831553282 ], [ 6.90952193090865, 50.815952301738839 ], [ 6.925415880689739, 50.823286148072548 ], [ 6.951801898441407, 50.79665581549623 ], [ 6.967292183841934, 50.7431679142341 ], [ 6.899348623389632, 50.771368831553282 ] ] ] }, { "type": "Polygon", "coordinates": [ [ [ 6.928464464831132, 51.404535385820104 ], [ 6.921637334926467, 51.410396347803044 ], [ 6.908687298015997, 51.431244987955807 ], [ 6.909616605019027, 51.450064999791543 ], [ 6.94508293836249, 51.439339090113911 ], [ 6.944694032219874, 51.437102304345942 ], [ 6.930860059051695, 51.403602588099936 ], [ 6.928464464831132, 51.404535385820104 ] ] ] }, { "type": "Polygon", "coordinates": [ [ [ 6.884587243118378, 51.227543150657496 ], [ 6.888583614162705, 51.239164667225253 ], [ 6.924547372317337, 51.240101480859749 ], [ 6.924867905253263, 51.231517528918161 ], [ 6.911849018193038, 51.202138358331645 ], [ 6.884587243118378, 51.227543150657496 ] ] ] }, { "type": "Polygon", "coordinates": [ [ [ 6.912866238767643, 51.197968428247009 ], [ 6.911849018193038, 51.202138358331645 ], [ 6.924867905253263, 51.231517528918161 ], [ 6.943107708000632, 51.206761970717409 ], [ 6.941949963683225, 51.199689100840089 ], [ 6.912866238767643, 51.197968428247009 ] ] ] }, { "type": "Polygon", "coordinates": [ [ [ 6.899031709681775, 51.296572825762091 ], [ 6.907212660594631, 51.310793993070455 ], [ 6.933883623874748, 51.322849807477525 ], [ 6.935410981939258, 51.322048875807241 ], [ 6.925976467897245, 51.272909108952362 ], [ 6.915780431937359, 51.276882935091649 ], [ 6.899031709681775, 51.296572825762091 ] ] ] }, { "type": "Polygon", "coordinates": [ [ [ 6.913917358029094, 50.972446415425779 ], [ 6.929395193860315, 50.97367443715693 ], [ 6.937435388492822, 50.951586453583104 ], [ 6.935402110348019, 50.942184097484578 ], [ 6.900864252914186, 50.94424923423076 ], [ 6.913917358029094, 50.972446415425779 ] ] ] }, { "type": "Polygon", "coordinates": [ [ [ 6.898852261986261, 51.491877498422703 ], [ 6.907031185363911, 51.512013777549697 ], [ 6.924480845040541, 51.506069842297613 ], [ 6.922920535165385, 51.476557692347527 ], [ 6.898852261986261, 51.491877498422703 ] ] ] }, { "type": "Polygon", "coordinates": [ [ [ 6.929620749899487, 50.909170395739338 ], [ 6.900272912370777, 50.934889036163987 ], [ 6.936666447075689, 50.932209817622024 ], [ 6.939746763439837, 50.921275955309028 ], [ 6.929620749899487, 50.909170395739338 ] ] ] }, { "type": "Polygon", "coordinates": [ [ [ 6.935410981939258, 51.322048875807241 ], [ 6.933883623874748, 51.322849807477525 ], [ 6.924493085417191, 51.349273052284644 ], [ 6.949600862005407, 51.355131534492166 ], [ 6.953042093335705, 51.328917411287897 ], [ 6.94487805197779, 51.320002791929276 ], [ 6.935410981939258, 51.322048875807241 ] ] ] }, { "type": "Polygon", "coordinates": [ [ [ 6.926282806116574, 50.889135451597141 ], [ 6.925838397144185, 50.900435561952143 ], [ 6.929620749899487, 50.909170395739338 ], [ 6.939746763439837, 50.921275955309028 ], [ 6.952781200686351, 50.92068996374033 ], [ 6.967453197806966, 50.891453719908505 ], [ 6.936036727226957, 50.882471636182757 ], [ 6.926282806116574, 50.889135451597141 ] ] ] }, { "type": "Polygon", "coordinates": [ [ [ 6.924493085417191, 51.349273052284644 ], [ 6.921449914744805, 51.353230181850449 ], [ 6.926723013956117, 51.375937230317071 ], [ 6.936479425735269, 51.392831971532665 ], [ 6.974252949813231, 51.365372409216619 ], [ 6.949600862005407, 51.355131534492166 ], [ 6.924493085417191, 51.349273052284644 ] ] ] }, { "type": "Polygon", "coordinates": [ [ [ 6.918380757519288, 51.070734034404637 ], [ 6.924490879139502, 51.07593951626189 ], [ 6.93660108276427, 51.077450067409927 ], [ 6.936996331882725, 51.077107495516017 ], [ 6.934954772708435, 51.011972368319825 ], [ 6.918138362487253, 51.01979897062516 ], [ 6.918380757519288, 51.070734034404637 ] ] ] }, { "type": "Polygon", "coordinates": [ [ [ 6.924867905253263, 51.231517528918161 ], [ 6.924547372317337, 51.240101480859749 ], [ 6.933758200345335, 51.249014218016079 ], [ 6.954488816427123, 51.242699702080607 ], [ 6.958638091989608, 51.229555116259746 ], [ 6.954269797956369, 51.219623412376315 ], [ 6.943107708000632, 51.206761970717409 ], [ 6.924867905253263, 51.231517528918161 ] ] ] }, { "type": "Polygon", "coordinates": [ [ [ 6.910844529954519, 51.193938900892917 ], [ 6.912866238767643, 51.197968428247009 ], [ 6.941949963683225, 51.199689100840089 ], [ 6.952384685995585, 51.186228894059894 ], [ 6.920303690902506, 51.171311501922609 ], [ 6.910844529954519, 51.193938900892917 ] ] ] }, { "type": "Polygon", "coordinates": [ [ [ 6.951801898441407, 50.79665581549623 ], [ 6.925415880689739, 50.823286148072548 ], [ 6.925349294455088, 50.838808597341711 ], [ 6.941738842852115, 50.849234798884495 ], [ 6.960513478903998, 50.840971867231936 ], [ 6.964195149466524, 50.835797627530795 ], [ 6.951801898441407, 50.79665581549623 ] ] ] }, { "type": "Polygon", "coordinates": [ [ [ 6.967292183841934, 50.7431679142341 ], [ 6.951801898441407, 50.79665581549623 ], [ 6.964195149466524, 50.835797627530795 ], [ 6.989772058195364, 50.83690400760927 ], [ 7.003350362324706, 50.820663797614365 ], [ 6.979223332151858, 50.730969075420624 ], [ 6.967292183841934, 50.7431679142341 ] ] ] }, { "type": "Polygon", "coordinates": [ [ [ 6.928125275462521, 51.572205131353563 ], [ 6.865656917349807, 51.657830665626733 ], [ 6.944884538493737, 51.609117742400777 ], [ 6.946215034024146, 51.602058027164105 ], [ 6.929874720958026, 51.572528643519256 ], [ 6.928125275462521, 51.572205131353563 ] ] ] }, { "type": "Polygon", "coordinates": [ [ [ 6.930103792129207, 51.269421224776352 ], [ 6.925976467897245, 51.272909108952362 ], [ 6.935410981939258, 51.322048875807241 ], [ 6.94487805197779, 51.320002791929276 ], [ 6.962025574406978, 51.302632790051248 ], [ 6.960216237966645, 51.288796203425555 ], [ 6.930103792129207, 51.269421224776352 ] ] ] }, { "type": "Polygon", "coordinates": [ [ [ 6.924256534768114, 51.473214049755853 ], [ 6.922920535165385, 51.476557692347527 ], [ 6.924480845040541, 51.506069842297613 ], [ 6.953830580580751, 51.513104007030229 ], [ 6.960216929852636, 51.507712053295513 ], [ 6.960258781825689, 51.498765769682784 ], [ 6.951591930332091, 51.470797224884045 ], [ 6.924256534768114, 51.473214049755853 ] ] ] }, { "type": "Polygon", "coordinates": [ [ [ 6.937435388492822, 50.951586453583104 ], [ 6.929395193860315, 50.97367443715693 ], [ 6.938785479383106, 50.985464170344436 ], [ 6.973566586842883, 50.95615990775714 ], [ 6.969740527179476, 50.953161216363071 ], [ 6.937435388492822, 50.951586453583104 ] ] ] }, { "type": "Polygon", "coordinates": [ [ [ 6.935021612955131, 51.011935623984861 ], [ 6.934954772708435, 51.011972368319825 ], [ 6.936996331882725, 51.077107495516017 ], [ 6.963085937608929, 51.056574710647759 ], [ 6.935021612955131, 51.011935623984861 ] ] ] }, { "type": "Polygon", "coordinates": [ [ [ 6.916882422020721, 51.145339012861378 ], [ 6.920303690902506, 51.171311501922609 ], [ 6.952384685995585, 51.186228894059894 ], [ 6.976199367531243, 51.172428559169134 ], [ 6.965777059706368, 51.154524386217091 ], [ 6.916882422020721, 51.145339012861378 ] ] ] }, { "type": "Polygon", "coordinates": [ [ [ 6.865656917349807, 51.657830665626733 ], [ 6.834188088426136, 51.684267285309318 ], [ 6.862027224078616, 51.68664391300387 ], [ 6.941078879197888, 51.658369963315309 ], [ 6.96318828391522, 51.635132710717976 ], [ 6.944884538493737, 51.609117742400777 ], [ 6.865656917349807, 51.657830665626733 ] ] ] }, { "type": "Polygon", "coordinates": [ [ [ 6.92636347424386, 51.709211712527249 ], [ 6.977720078618851, 51.684861288929376 ], [ 6.976306725572642, 51.6772906647561 ], [ 6.941078879197888, 51.658369963315309 ], [ 6.862027224078616, 51.68664391300387 ], [ 6.92636347424386, 51.709211712527249 ] ] ] }, { "type": "Polygon", "coordinates": [ [ [ 6.977720078618851, 51.684861288929376 ], [ 6.92636347424386, 51.709211712527249 ], [ 6.966212995802963, 51.744303616319002 ], [ 6.985486106712392, 51.732941378314734 ], [ 6.995159675249639, 51.698304011523192 ], [ 6.977720078618851, 51.684861288929376 ] ] ] }, { "type": "Polygon", "coordinates": [ [ [ 6.929874720958026, 51.572528643519256 ], [ 6.946215034024146, 51.602058027164105 ], [ 6.979396451159699, 51.59209329740905 ], [ 6.973711724992694, 51.560469525362585 ], [ 6.953769841190966, 51.554664889316435 ], [ 6.929874720958026, 51.572528643519256 ] ] ] }, { "type": "Polygon", "coordinates": [ [ [ 6.946215034024146, 51.602058027164105 ], [ 6.944884538493737, 51.609117742400777 ], [ 6.96318828391522, 51.635132710717976 ], [ 6.98513399588908, 51.637615002379206 ], [ 7.001424028256268, 51.604960144021319 ], [ 6.979396451159699, 51.59209329740905 ], [ 6.946215034024146, 51.602058027164105 ] ] ] }, { "type": "Polygon", "coordinates": [ [ [ 6.953830580580751, 51.513104007030229 ], [ 6.951048123577699, 51.523996307659424 ], [ 6.953769841190966, 51.554664889316435 ], [ 6.973711724992694, 51.560469525362585 ], [ 6.998065437257291, 51.547938066127777 ], [ 6.985146254397868, 51.514963833924796 ], [ 6.960216929852636, 51.507712053295513 ], [ 6.953830580580751, 51.513104007030229 ] ] ] }, { "type": "Polygon", "coordinates": [ [ [ 6.941949963683225, 51.199689100840089 ], [ 6.943107708000632, 51.206761970717409 ], [ 6.954269797956369, 51.219623412376315 ], [ 6.981145621488699, 51.186503859209083 ], [ 6.976335890621621, 51.172494606879987 ], [ 6.976199367531243, 51.172428559169134 ], [ 6.952384685995585, 51.186228894059894 ], [ 6.941949963683225, 51.199689100840089 ] ] ] }, { "type": "Polygon", "coordinates": [ [ [ 6.939746763439837, 50.921275955309028 ], [ 6.936666447075689, 50.932209817622024 ], [ 6.935402110348019, 50.942184097484578 ], [ 6.937435388492822, 50.951586453583104 ], [ 6.969740527179476, 50.953161216363071 ], [ 6.961114510118882, 50.924230451564206 ], [ 6.952781200686351, 50.92068996374033 ], [ 6.939746763439837, 50.921275955309028 ] ] ] }, { "type": "Polygon", "coordinates": [ [ [ 6.916428575855836, 51.144920175940932 ], [ 6.916882422020721, 51.145339012861378 ], [ 6.965777059706368, 51.154524386217091 ], [ 6.971502275759396, 51.115785618420723 ], [ 6.950607672196952, 51.101785292542409 ], [ 6.916428575855836, 51.144920175940932 ] ] ] }, { "type": "Polygon", "coordinates": [ [ [ 6.936114672790627, 51.395792081974484 ], [ 6.930860059051695, 51.403602588099936 ], [ 6.944694032219874, 51.437102304345942 ], [ 6.974428739033579, 51.411819162455757 ], [ 6.974426195988026, 51.41180813354093 ], [ 6.936114672790627, 51.395792081974484 ] ] ] }, { "type": "Polygon", "coordinates": [ [ [ 6.936996331882725, 51.077107495516017 ], [ 6.93660108276427, 51.077450067409927 ], [ 6.950607672196952, 51.101785292542409 ], [ 6.971502275759396, 51.115785618420723 ], [ 7.017955122347884, 51.098767614924874 ], [ 7.042240907439496, 51.069611733914662 ], [ 7.010474610987795, 51.045723894822238 ], [ 7.00591522972579, 51.044968518611398 ], [ 6.963085937608929, 51.056574710647759 ], [ 6.936996331882725, 51.077107495516017 ] ] ] }, { "type": "Polygon", "coordinates": [ [ [ 6.94508293836249, 51.439339090113911 ], [ 6.947174946357422, 51.441787168595937 ], [ 6.979244118722882, 51.435259283588437 ], [ 6.982430711663547, 51.427870147216836 ], [ 6.974428739033579, 51.411819162455757 ], [ 6.944694032219874, 51.437102304345942 ], [ 6.94508293836249, 51.439339090113911 ] ] ] }, { "type": "Polygon", "coordinates": [ [ [ 6.936479425735269, 51.392831971532665 ], [ 6.936114672790627, 51.395792081974484 ], [ 6.974426195988026, 51.41180813354093 ], [ 6.987018910803921, 51.394849675288945 ], [ 6.982501473054177, 51.362385689036365 ], [ 6.974252949813231, 51.365372409216619 ], [ 6.936479425735269, 51.392831971532665 ] ] ] }, { "type": "Polygon", "coordinates": [ [ [ 6.933758200345335, 51.249014218016079 ], [ 6.930103792129207, 51.269421224776352 ], [ 6.960216237966645, 51.288796203425555 ], [ 6.974052052413767, 51.270400933435305 ], [ 6.958072202619831, 51.245023076700257 ], [ 6.954488816427123, 51.242699702080607 ], [ 6.933758200345335, 51.249014218016079 ] ] ] }, { "type": "Polygon", "coordinates": [ [ [ 6.964195149466524, 50.835797627530795 ], [ 6.960513478903998, 50.840971867231936 ], [ 6.971242281911332, 50.866862862545474 ], [ 6.982370376133271, 50.873874231120297 ], [ 6.985949470465559, 50.872141140654726 ], [ 6.9923632215751, 50.853333085704804 ], [ 6.989772058195364, 50.83690400760927 ], [ 6.964195149466524, 50.835797627530795 ] ] ] }, { "type": "Polygon", "coordinates": [ [ [ 6.949600862005407, 51.355131534492166 ], [ 6.974252949813231, 51.365372409216619 ], [ 6.982501473054177, 51.362385689036365 ], [ 6.984663169746946, 51.359612630050478 ], [ 6.984329700891334, 51.358601302853508 ], [ 6.953042093335705, 51.328917411287897 ], [ 6.949600862005407, 51.355131534492166 ] ] ] }, { "type": "Polygon", "coordinates": [ [ [ 6.94487805197779, 51.320002791929276 ], [ 6.953042093335705, 51.328917411287897 ], [ 6.984329700891334, 51.358601302853508 ], [ 6.988078892742121, 51.324837627196864 ], [ 6.974469633470611, 51.30630620769152 ], [ 6.962025574406978, 51.302632790051248 ], [ 6.94487805197779, 51.320002791929276 ] ] ] }, { "type": "Polygon", "coordinates": [ [ [ 6.944299675772143, 50.998451829318768 ], [ 6.935021612955131, 51.011935623984861 ], [ 6.963085937608929, 51.056574710647759 ], [ 7.00591522972579, 51.044968518611398 ], [ 6.963266510237086, 51.000341175523111 ], [ 6.944299675772143, 50.998451829318768 ] ] ] }, { "type": "Polygon", "coordinates": [ [ [ 6.936036727226957, 50.882471636182757 ], [ 6.967453197806966, 50.891453719908505 ], [ 6.975653475923584, 50.888841878098532 ], [ 6.982370376133271, 50.873874231120297 ], [ 6.971242281911332, 50.866862862545474 ], [ 6.942384333706812, 50.869799228680009 ], [ 6.936036727226957, 50.882471636182757 ] ] ] }, { "type": "Polygon", "coordinates": [ [ [ 6.941738842852115, 50.849234798884495 ], [ 6.942384333706812, 50.869799228680009 ], [ 6.971242281911332, 50.866862862545474 ], [ 6.960513478903998, 50.840971867231936 ], [ 6.941738842852115, 50.849234798884495 ] ] ] }, { "type": "Polygon", "coordinates": [ [ [ 6.965777059706368, 51.154524386217091 ], [ 6.976199367531243, 51.172428559169134 ], [ 6.976335890621621, 51.172494606879987 ], [ 6.997227024152609, 51.165185685910672 ], [ 7.016862136076384, 51.12140618794956 ], [ 7.017955122347884, 51.098767614924874 ], [ 6.971502275759396, 51.115785618420723 ], [ 6.965777059706368, 51.154524386217091 ] ] ] }, { "type": "Polygon", "coordinates": [ [ [ 6.938785479383106, 50.985464170344436 ], [ 6.944299675772143, 50.998451829318768 ], [ 6.963266510237086, 51.000341175523111 ], [ 6.978207881455259, 50.982987079133437 ], [ 6.984914182601803, 50.967963814435386 ], [ 6.982115870240188, 50.958895678412532 ], [ 6.973566586842883, 50.95615990775714 ], [ 6.938785479383106, 50.985464170344436 ] ] ] }, { "type": "Polygon", "coordinates": [ [ [ 6.969740527179476, 50.953161216363071 ], [ 6.973566586842883, 50.95615990775714 ], [ 6.982115870240188, 50.958895678412532 ], [ 6.991772164950389, 50.947314943479881 ], [ 6.993297556488025, 50.933118023825507 ], [ 6.978050575795312, 50.920398292608141 ], [ 6.961114510118882, 50.924230451564206 ], [ 6.969740527179476, 50.953161216363071 ] ] ] }, { "type": "Polygon", "coordinates": [ [ [ 6.954269797956369, 51.219623412376315 ], [ 6.958638091989608, 51.229555116259746 ], [ 6.987919201218707, 51.213702507681525 ], [ 6.989268382698299, 51.20333742553747 ], [ 6.988867250971853, 51.202279385314576 ], [ 6.981145621488699, 51.186503859209083 ], [ 6.954269797956369, 51.219623412376315 ] ] ] }, { "type": "Polygon", "coordinates": [ [ [ 6.967453197806966, 50.891453719908505 ], [ 6.952781200686351, 50.92068996374033 ], [ 6.961114510118882, 50.924230451564206 ], [ 6.978050575795312, 50.920398292608141 ], [ 6.98381792346127, 50.902967581256767 ], [ 6.975653475923584, 50.888841878098532 ], [ 6.967453197806966, 50.891453719908505 ] ] ] }, { "type": "Polygon", "coordinates": [ [ [ 6.958638091989608, 51.229555116259746 ], [ 6.954488816427123, 51.242699702080607 ], [ 6.958072202619831, 51.245023076700257 ], [ 6.997741032658448, 51.24006196153924 ], [ 6.998882946156061, 51.238286432928831 ], [ 6.987919201218707, 51.213702507681525 ], [ 6.958638091989608, 51.229555116259746 ] ] ] }, { "type": "Polygon", "coordinates": [ [ [ 6.96318828391522, 51.635132710717976 ], [ 6.941078879197888, 51.658369963315309 ], [ 6.976306725572642, 51.6772906647561 ], [ 6.988383658747037, 51.644002090848431 ], [ 6.98513399588908, 51.637615002379206 ], [ 6.96318828391522, 51.635132710717976 ] ] ] }, { "type": "Polygon", "coordinates": [ [ [ 6.947174946357422, 51.441787168595937 ], [ 6.952049820744633, 51.469783526262418 ], [ 6.959816831472856, 51.467011005613173 ], [ 6.982077453360501, 51.44665222827259 ], [ 6.979244118722882, 51.435259283588437 ], [ 6.947174946357422, 51.441787168595937 ] ] ] }, { "type": "Polygon", "coordinates": [ [ [ 6.952049820744633, 51.469783526262418 ], [ 6.951591930332091, 51.470797224884045 ], [ 6.960258781825689, 51.498765769682784 ], [ 6.999069730195824, 51.471116139880962 ], [ 6.998721810872892, 51.47064077342263 ], [ 6.959816831472856, 51.467011005613173 ], [ 6.952049820744633, 51.469783526262418 ] ] ] }, { "type": "Polygon", "coordinates": [ [ [ 6.963266510237086, 51.000341175523111 ], [ 7.00591522972579, 51.044968518611398 ], [ 7.010474610987795, 51.045723894822238 ], [ 7.0132370115493, 51.006925078860277 ], [ 6.978207881455259, 50.982987079133437 ], [ 6.963266510237086, 51.000341175523111 ] ] ] }, { "type": "Polygon", "coordinates": [ [ [ 6.974426195988026, 51.41180813354093 ], [ 6.974428739033579, 51.411819162455757 ], [ 6.982430711663547, 51.427870147216836 ], [ 6.9983214135131, 51.426627930152044 ], [ 7.019429250494893, 51.41524735468834 ], [ 7.012849919154242, 51.406452384404972 ], [ 6.987018910803921, 51.394849675288945 ], [ 6.974426195988026, 51.41180813354093 ] ] ] }, { "type": "Polygon", "coordinates": [ [ [ 6.799183879383344, 53.845139999311584 ], [ 7.071278910400208, 51.842376714908319 ], [ 7.067383607754796, 51.77650569716036 ], [ 7.057664299769732, 51.756474312066409 ], [ 6.985486106712392, 51.732941378314734 ], [ 6.966212995802963, 51.744303616319002 ], [ 6.694831516693204, 53.845139999311584 ], [ 6.799183879383344, 53.845139999311584 ] ] ] }, { "type": "Polygon", "coordinates": [ [ [ 6.976306725572642, 51.6772906647561 ], [ 6.977720078618851, 51.684861288929376 ], [ 6.995159675249639, 51.698304011523192 ], [ 7.037236762923317, 51.683674105332102 ], [ 7.042177836953232, 51.67035942823513 ], [ 7.041824904630327, 51.669934430375818 ], [ 6.988383658747037, 51.644002090848431 ], [ 6.976306725572642, 51.6772906647561 ] ] ] }, { "type": "Polygon", "coordinates": [ [ [ 6.984329700891334, 51.358601302853508 ], [ 6.984663169746946, 51.359612630050478 ], [ 6.992275914016008, 51.35953126649158 ], [ 6.997024661749863, 51.358190047446477 ], [ 7.018822692622144, 51.321759776549307 ], [ 7.013878248431224, 51.313821612800808 ], [ 6.988078892742121, 51.324837627196864 ], [ 6.984329700891334, 51.358601302853508 ] ] ] }, { "type": "Polygon", "coordinates": [ [ [ 6.982430711663547, 51.427870147216836 ], [ 6.979244118722882, 51.435259283588437 ], [ 6.982077453360501, 51.44665222827259 ], [ 6.995194566006701, 51.458425207783712 ], [ 7.003696011427155, 51.446257618335054 ], [ 6.9983214135131, 51.426627930152044 ], [ 6.982430711663547, 51.427870147216836 ] ] ] }, { "type": "Polygon", "coordinates": [ [ [ 6.960216237966645, 51.288796203425555 ], [ 6.962025574406978, 51.302632790051248 ], [ 6.974469633470611, 51.30630620769152 ], [ 6.981704778272337, 51.302463353145669 ], [ 6.998773614369585, 51.273067527798553 ], [ 6.99343389112923, 51.267960657464236 ], [ 6.974052052413767, 51.270400933435305 ], [ 6.960216237966645, 51.288796203425555 ] ] ] }, { "type": "Polygon", "coordinates": [ [ [ 6.999069730195824, 51.471116139880962 ], [ 6.960258781825689, 51.498765769682784 ], [ 6.960216929852636, 51.507712053295513 ], [ 6.985146254397868, 51.514963833924796 ], [ 6.990470973435118, 51.511465055148605 ], [ 7.005420988351019, 51.475038535955164 ], [ 6.999069730195824, 51.471116139880962 ] ] ] }, { "type": "Polygon", "coordinates": [ [ [ 6.98513399588908, 51.637615002379206 ], [ 6.988383658747037, 51.644002090848431 ], [ 7.041824904630327, 51.669934430375818 ], [ 7.025203954883369, 51.599464703637146 ], [ 7.022303115235325, 51.597437377543578 ], [ 7.001424028256268, 51.604960144021319 ], [ 6.98513399588908, 51.637615002379206 ] ] ] }, { "type": "Polygon", "coordinates": [ [ [ 6.958072202619831, 51.245023076700257 ], [ 6.974052052413767, 51.270400933435305 ], [ 6.99343389112923, 51.267960657464236 ], [ 6.997741032658448, 51.24006196153924 ], [ 6.958072202619831, 51.245023076700257 ] ] ] }, { "type": "Polygon", "coordinates": [ [ [ 6.973711724992694, 51.560469525362585 ], [ 6.979396451159699, 51.59209329740905 ], [ 7.001424028256268, 51.604960144021319 ], [ 7.022303115235325, 51.597437377543578 ], [ 7.022395447473439, 51.595401750979654 ], [ 6.99959300753092, 51.548417368116645 ], [ 6.998065437257291, 51.547938066127777 ], [ 6.973711724992694, 51.560469525362585 ] ] ] }, { "type": "Polygon", "coordinates": [ [ [ 6.982077453360501, 51.44665222827259 ], [ 6.959816831472856, 51.467011005613173 ], [ 6.998721810872892, 51.47064077342263 ], [ 6.995194566006701, 51.458425207783712 ], [ 6.982077453360501, 51.44665222827259 ] ] ] }, { "type": "Polygon", "coordinates": [ [ [ 6.976335890621621, 51.172494606879987 ], [ 6.981145621488699, 51.186503859209083 ], [ 6.988867250971853, 51.202279385314576 ], [ 7.023678722240022, 51.186982916984249 ], [ 7.023341063665092, 51.184526393855158 ], [ 7.003105171596266, 51.166543873343223 ], [ 6.997227024152609, 51.165185685910672 ], [ 6.976335890621621, 51.172494606879987 ] ] ] }, { "type": "Polygon", "coordinates": [ [ [ 6.978050575795312, 50.920398292608141 ], [ 6.993297556488025, 50.933118023825507 ], [ 7.008788550155436, 50.921719728561136 ], [ 7.014329025314373, 50.912575616859755 ], [ 7.011748859734002, 50.906297426483526 ], [ 6.98381792346127, 50.902967581256767 ], [ 6.978050575795312, 50.920398292608141 ] ] ] }, { "type": "Polygon", "coordinates": [ [ [ 6.975653475923584, 50.888841878098532 ], [ 6.98381792346127, 50.902967581256767 ], [ 7.011748859734002, 50.906297426483526 ], [ 7.015678616880083, 50.883411269900002 ], [ 6.985949470465559, 50.872141140654726 ], [ 6.982370376133271, 50.873874231120297 ], [ 6.975653475923584, 50.888841878098532 ] ] ] }, { "type": "Polygon", "coordinates": [ [ [ 6.989268382698299, 51.20333742553747 ], [ 6.987919201218707, 51.213702507681525 ], [ 6.998882946156061, 51.238286432928831 ], [ 7.012373685778154, 51.23756438046113 ], [ 7.026889608845762, 51.226748181537765 ], [ 7.022352401757516, 51.207564676286751 ], [ 6.989268382698299, 51.20333742553747 ] ] ] }, { "type": "Polygon", "coordinates": [ [ [ 7.003350362324706, 50.820663797614365 ], [ 6.989772058195364, 50.83690400760927 ], [ 6.9923632215751, 50.853333085704804 ], [ 7.029334055960973, 50.856883033096949 ], [ 7.039103796666615, 50.839904388998143 ], [ 7.038720073028055, 50.836920295090678 ], [ 7.003350362324706, 50.820663797614365 ] ] ] }, { "type": "Polygon", "coordinates": [ [ [ 6.984914182601803, 50.967963814435386 ], [ 6.978207881455259, 50.982987079133437 ], [ 7.0132370115493, 51.006925078860277 ], [ 7.018827580893259, 50.98592344272415 ], [ 7.014720864869028, 50.980684978500648 ], [ 6.984914182601803, 50.967963814435386 ] ] ] }, { "type": "Polygon", "coordinates": [ [ [ 6.984663169746946, 51.359612630050478 ], [ 6.982501473054177, 51.362385689036365 ], [ 6.987018910803921, 51.394849675288945 ], [ 7.012849919154242, 51.406452384404972 ], [ 7.014141642169811, 51.387585408900165 ], [ 6.992275914016008, 51.35953126649158 ], [ 6.984663169746946, 51.359612630050478 ] ] ] }, { "type": "Polygon", "coordinates": [ [ [ 6.998882946156061, 51.238286432928831 ], [ 6.997741032658448, 51.24006196153924 ], [ 6.99343389112923, 51.267960657464236 ], [ 6.998773614369585, 51.273067527798553 ], [ 7.011245882979458, 51.279306541722228 ], [ 7.029394920436671, 51.262837251559098 ], [ 7.012373685778154, 51.23756438046113 ], [ 6.998882946156061, 51.238286432928831 ] ] ] }, { "type": "Polygon", "coordinates": [ [ [ 7.0132370115493, 51.006925078860277 ], [ 7.010474610987795, 51.045723894822238 ], [ 7.042240907439496, 51.069611733914662 ], [ 7.058096431424936, 51.069584044709714 ], [ 7.101459396925981, 51.058707374124616 ], [ 7.119915108607657, 51.049255383315902 ], [ 7.142803809889573, 51.029665607818629 ], [ 7.062394448299543, 50.976413009221552 ], [ 7.052922705277394, 50.975018210091129 ], [ 7.018827580893259, 50.98592344272415 ], [ 7.0132370115493, 51.006925078860277 ] ] ] }, { "type": "Polygon", "coordinates": [ [ [ 6.998721810872892, 51.47064077342263 ], [ 6.999069730195824, 51.471116139880962 ], [ 7.005420988351019, 51.475038535955164 ], [ 7.014629398600927, 51.47556562981061 ], [ 7.027142076426354, 51.462567566791016 ], [ 7.027918998455047, 51.460070514582618 ], [ 7.025413714268414, 51.441891439015485 ], [ 7.003696011427155, 51.446257618335054 ], [ 6.995194566006701, 51.458425207783712 ], [ 6.998721810872892, 51.47064077342263 ] ] ] }, { "type": "Polygon", "coordinates": [ [ [ 6.981704778272337, 51.302463353145669 ], [ 6.974469633470611, 51.30630620769152 ], [ 6.988078892742121, 51.324837627196864 ], [ 7.013878248431224, 51.313821612800808 ], [ 7.014717548285164, 51.300533424485337 ], [ 6.981704778272337, 51.302463353145669 ] ] ] }, { "type": "Polygon", "coordinates": [ [ [ 6.993297556488025, 50.933118023825507 ], [ 6.991772164950389, 50.947314943479881 ], [ 7.007561497305837, 50.949979076352733 ], [ 7.020268660618963, 50.944932047686969 ], [ 7.008788550155436, 50.921719728561136 ], [ 6.993297556488025, 50.933118023825507 ] ] ] }, { "type": "Polygon", "coordinates": [ [ [ 6.982115870240188, 50.958895678412532 ], [ 6.984914182601803, 50.967963814435386 ], [ 7.014720864869028, 50.980684978500648 ], [ 7.015946123245894, 50.968253711762671 ], [ 7.007561497305837, 50.949979076352733 ], [ 6.991772164950389, 50.947314943479881 ], [ 6.982115870240188, 50.958895678412532 ] ] ] }, { "type": "Polygon", "coordinates": [ [ [ 6.9983214135131, 51.426627930152044 ], [ 7.003696011427155, 51.446257618335054 ], [ 7.025413714268414, 51.441891439015485 ], [ 7.026957399027063, 51.436028503691077 ], [ 7.019504243682643, 51.415271613112814 ], [ 7.019429250494893, 51.41524735468834 ], [ 6.9983214135131, 51.426627930152044 ] ] ] }, { "type": "Polygon", "coordinates": [ [ [ 6.990470973435118, 51.511465055148605 ], [ 6.985146254397868, 51.514963833924796 ], [ 6.998065437257291, 51.547938066127777 ], [ 6.99959300753092, 51.548417368116645 ], [ 7.002203952542049, 51.547284832970554 ], [ 7.026061832377613, 51.510329641237263 ], [ 6.990470973435118, 51.511465055148605 ] ] ] }, { "type": "Polygon", "coordinates": [ [ [ 7.014717548285164, 51.300533424485337 ], [ 7.013878248431224, 51.313821612800808 ], [ 7.018822692622144, 51.321759776549307 ], [ 7.031053158335109, 51.328497111894848 ], [ 7.048426839629244, 51.322759756069061 ], [ 7.050867185893537, 51.296453934643978 ], [ 7.016887802729788, 51.295878020611191 ], [ 7.014717548285164, 51.300533424485337 ] ] ] }, { "type": "Polygon", "coordinates": [ [ [ 6.998773614369585, 51.273067527798553 ], [ 6.981704778272337, 51.302463353145669 ], [ 7.014717548285164, 51.300533424485337 ], [ 7.016887802729788, 51.295878020611191 ], [ 7.011245882979458, 51.279306541722228 ], [ 6.998773614369585, 51.273067527798553 ] ] ] }, { "type": "Polygon", "coordinates": [ [ [ 7.017955122347884, 51.098767614924874 ], [ 7.016862136076384, 51.12140618794956 ], [ 7.035928781296968, 51.155063620415625 ], [ 7.056575341247475, 51.130939944625382 ], [ 7.058096431424936, 51.069584044709714 ], [ 7.042240907439496, 51.069611733914662 ], [ 7.017955122347884, 51.098767614924874 ] ] ] }, { "type": "Polygon", "coordinates": [ [ [ 7.015946123245894, 50.968253711762671 ], [ 7.014720864869028, 50.980684978500648 ], [ 7.018827580893259, 50.98592344272415 ], [ 7.052922705277394, 50.975018210091129 ], [ 7.030238864800176, 50.947164783004347 ], [ 7.030158084788315, 50.947178076100059 ], [ 7.015946123245894, 50.968253711762671 ] ] ] }, { "type": "Polygon", "coordinates": [ [ [ 7.014329025314373, 50.912575616859755 ], [ 7.008788550155436, 50.921719728561136 ], [ 7.020268660618963, 50.944932047686969 ], [ 7.030158084788315, 50.947178076100059 ], [ 7.030238864800176, 50.947164783004347 ], [ 7.034432350085888, 50.939714428410838 ], [ 7.030987443452007, 50.917426775433285 ], [ 7.014329025314373, 50.912575616859755 ] ] ] }, { "type": "Polygon", "coordinates": [ [ [ 6.9923632215751, 50.853333085704804 ], [ 6.985949470465559, 50.872141140654726 ], [ 7.015678616880083, 50.883411269900002 ], [ 7.025864941577066, 50.876375929944167 ], [ 7.029334055960973, 50.856883033096949 ], [ 6.9923632215751, 50.853333085704804 ] ] ] }, { "type": "Polygon", "coordinates": [ [ [ 7.521215552291134, 53.845139999311584 ], [ 7.191167380815528, 51.773743796707073 ], [ 7.161008163700547, 51.753642774784659 ], [ 7.071278910400208, 51.842376714908319 ], [ 6.799183879383344, 53.845139999311584 ], [ 7.521215552291134, 53.845139999311584 ] ] ] }, { "type": "Polygon", "coordinates": [ [ [ 6.995159675249639, 51.698304011523192 ], [ 6.985486106712392, 51.732941378314734 ], [ 7.057664299769732, 51.756474312066409 ], [ 7.057178018681905, 51.749228393924554 ], [ 7.037236762923317, 51.683674105332102 ], [ 6.995159675249639, 51.698304011523192 ] ] ] }, { "type": "Polygon", "coordinates": [ [ [ 7.042177836953232, 51.67035942823513 ], [ 7.06061154723925, 51.663891675803278 ], [ 7.081247251957564, 51.630724002248094 ], [ 7.063114782904567, 51.602100341831189 ], [ 7.025203954883369, 51.599464703637146 ], [ 7.041824904630327, 51.669934430375818 ], [ 7.042177836953232, 51.67035942823513 ] ] ] }, { "type": "Polygon", "coordinates": [ [ [ 7.06061154723925, 51.663891675803278 ], [ 7.042177836953232, 51.67035942823513 ], [ 7.037236762923317, 51.683674105332102 ], [ 7.057178018681905, 51.749228393924554 ], [ 7.101797070871794, 51.685072202726289 ], [ 7.06061154723925, 51.663891675803278 ] ] ] }, { "type": "Polygon", "coordinates": [ [ [ 7.014141642169811, 51.387585408900165 ], [ 7.012849919154242, 51.406452384404972 ], [ 7.019429250494893, 51.41524735468834 ], [ 7.019504243682643, 51.415271613112814 ], [ 7.043052549767762, 51.40254350546445 ], [ 7.050695409289315, 51.378892853566491 ], [ 7.045790188137076, 51.369920880377123 ], [ 7.045782188561597, 51.369917816468259 ], [ 7.014141642169811, 51.387585408900165 ] ] ] }, { "type": "Polygon", "coordinates": [ [ [ 7.005420988351019, 51.475038535955164 ], [ 6.990470973435118, 51.511465055148605 ], [ 7.026061832377613, 51.510329641237263 ], [ 7.027972426358612, 51.509536090745016 ], [ 7.028311270507199, 51.496440569440438 ], [ 7.014629398600927, 51.47556562981061 ], [ 7.005420988351019, 51.475038535955164 ] ] ] }, { "type": "Polygon", "coordinates": [ [ [ 7.011748859734002, 50.906297426483526 ], [ 7.014329025314373, 50.912575616859755 ], [ 7.030987443452007, 50.917426775433285 ], [ 7.054670353742559, 50.907708722582726 ], [ 7.038781930150193, 50.883845995899648 ], [ 7.025864941577066, 50.876375929944167 ], [ 7.015678616880083, 50.883411269900002 ], [ 7.011748859734002, 50.906297426483526 ] ] ] }, { "type": "Polygon", "coordinates": [ [ [ 7.002203952542049, 51.547284832970554 ], [ 6.99959300753092, 51.548417368116645 ], [ 7.022395447473439, 51.595401750979654 ], [ 7.051003496485723, 51.548706576844971 ], [ 7.044639516989122, 51.543036773649646 ], [ 7.002203952542049, 51.547284832970554 ] ] ] }, { "type": "Polygon", "coordinates": [ [ [ 6.997024661749863, 51.358190047446477 ], [ 6.992275914016008, 51.35953126649158 ], [ 7.014141642169811, 51.387585408900165 ], [ 7.045782188561597, 51.369917816468259 ], [ 7.029404550917348, 51.359015223214882 ], [ 6.997024661749863, 51.358190047446477 ] ] ] }, { "type": "Polygon", "coordinates": [ [ [ 7.027972426358612, 51.509536090745016 ], [ 7.026061832377613, 51.510329641237263 ], [ 7.002203952542049, 51.547284832970554 ], [ 7.044639516989122, 51.543036773649646 ], [ 7.037426402005378, 51.517593015368774 ], [ 7.027972426358612, 51.509536090745016 ] ] ] }, { "type": "Polygon", "coordinates": [ [ [ 7.023678722240022, 51.186982916984249 ], [ 6.988867250971853, 51.202279385314576 ], [ 6.989268382698299, 51.20333742553747 ], [ 7.022352401757516, 51.207564676286751 ], [ 7.028088350036398, 51.199746433736436 ], [ 7.023678722240022, 51.186982916984249 ] ] ] }, { "type": "Polygon", "coordinates": [ [ [ 7.016862136076384, 51.12140618794956 ], [ 6.997227024152609, 51.165185685910672 ], [ 7.003105171596266, 51.166543873343223 ], [ 7.03591169115635, 51.157641665169393 ], [ 7.035928781296968, 51.155063620415625 ], [ 7.016862136076384, 51.12140618794956 ] ] ] }, { "type": "Polygon", "coordinates": [ [ [ 7.014629398600927, 51.47556562981061 ], [ 7.028311270507199, 51.496440569440438 ], [ 7.050073225601842, 51.486055590512187 ], [ 7.051553482618331, 51.475660244457103 ], [ 7.027142076426354, 51.462567566791016 ], [ 7.014629398600927, 51.47556562981061 ] ] ] }, { "type": "Polygon", "coordinates": [ [ [ 7.028088350036398, 51.199746433736436 ], [ 7.022352401757516, 51.207564676286751 ], [ 7.026889608845762, 51.226748181537765 ], [ 7.046866137854744, 51.231410217956423 ], [ 7.057604417187214, 51.212375033926634 ], [ 7.035368673647831, 51.199223568870416 ], [ 7.028088350036398, 51.199746433736436 ] ] ] }, { "type": "Polygon", "coordinates": [ [ [ 7.007561497305837, 50.949979076352733 ], [ 7.015946123245894, 50.968253711762671 ], [ 7.030158084788315, 50.947178076100059 ], [ 7.020268660618963, 50.944932047686969 ], [ 7.007561497305837, 50.949979076352733 ] ] ] }, { "type": "Polygon", "coordinates": [ [ [ 7.025413714268414, 51.441891439015485 ], [ 7.027918998455047, 51.460070514582618 ], [ 7.059615045480919, 51.450985530099445 ], [ 7.060115290300679, 51.439535847300846 ], [ 7.058891577802522, 51.437234677288096 ], [ 7.026957399027063, 51.436028503691077 ], [ 7.025413714268414, 51.441891439015485 ] ] ] }, { "type": "Polygon", "coordinates": [ [ [ 7.018822692622144, 51.321759776549307 ], [ 6.997024661749863, 51.358190047446477 ], [ 7.029404550917348, 51.359015223214882 ], [ 7.031053158335109, 51.328497111894848 ], [ 7.018822692622144, 51.321759776549307 ] ] ] }, { "type": "Polygon", "coordinates": [ [ [ 7.023341063665092, 51.184526393855158 ], [ 7.023678722240022, 51.186982916984249 ], [ 7.028088350036398, 51.199746433736436 ], [ 7.035368673647831, 51.199223568870416 ], [ 7.038369288937699, 51.195332771415352 ], [ 7.036739085927239, 51.17596103801192 ], [ 7.023341063665092, 51.184526393855158 ] ] ] }, { "type": "Polygon", "coordinates": [ [ [ 7.029404550917348, 51.359015223214882 ], [ 7.045782188561597, 51.369917816468259 ], [ 7.045790188137076, 51.369920880377123 ], [ 7.06666618962148, 51.339143524690073 ], [ 7.048426839629244, 51.322759756069061 ], [ 7.031053158335109, 51.328497111894848 ], [ 7.029404550917348, 51.359015223214882 ] ] ] }, { "type": "Polygon", "coordinates": [ [ [ 7.003105171596266, 51.166543873343223 ], [ 7.023341063665092, 51.184526393855158 ], [ 7.036739085927239, 51.17596103801192 ], [ 7.043067345380675, 51.170396725807478 ], [ 7.044567191492269, 51.166844811290645 ], [ 7.03591169115635, 51.157641665169393 ], [ 7.003105171596266, 51.166543873343223 ] ] ] }, { "type": "Polygon", "coordinates": [ [ [ 7.012373685778154, 51.23756438046113 ], [ 7.029394920436671, 51.262837251559098 ], [ 7.034585998322796, 51.262311771263668 ], [ 7.050387117582638, 51.239844588882825 ], [ 7.046866137854744, 51.231410217956423 ], [ 7.026889608845762, 51.226748181537765 ], [ 7.012373685778154, 51.23756438046113 ] ] ] }, { "type": "Polygon", "coordinates": [ [ [ 7.028311270507199, 51.496440569440438 ], [ 7.027972426358612, 51.509536090745016 ], [ 7.037426402005378, 51.517593015368774 ], [ 7.069590657627279, 51.502992135206171 ], [ 7.069352939191107, 51.502266827072511 ], [ 7.050073225601842, 51.486055590512187 ], [ 7.028311270507199, 51.496440569440438 ] ] ] }, { "type": "Polygon", "coordinates": [ [ [ 7.022395447473439, 51.595401750979654 ], [ 7.022303115235325, 51.597437377543578 ], [ 7.025203954883369, 51.599464703637146 ], [ 7.063114782904567, 51.602100341831189 ], [ 7.069143734480131, 51.592969983035687 ], [ 7.057465135600816, 51.549196548095601 ], [ 7.051003496485723, 51.548706576844971 ], [ 7.022395447473439, 51.595401750979654 ] ] ] }, { "type": "Polygon", "coordinates": [ [ [ 7.029334055960973, 50.856883033096949 ], [ 7.025864941577066, 50.876375929944167 ], [ 7.038781930150193, 50.883845995899648 ], [ 7.067601518190209, 50.868596267347144 ], [ 7.068152800297346, 50.866728826637001 ], [ 7.065441594946226, 50.858517999900847 ], [ 7.039103796666615, 50.839904388998143 ], [ 7.029334055960973, 50.856883033096949 ] ] ] }, { "type": "Polygon", "coordinates": [ [ [ 8.000346551097337, 50.121079891328634 ], [ 7.908919976052301, 50.16868515745989 ], [ 7.247288334812592, 50.54303465377054 ], [ 7.038720073028055, 50.836920295090678 ], [ 7.039103796666615, 50.839904388998143 ], [ 7.065441594946226, 50.858517999900847 ], [ 8.000346551097337, 50.121079891328634 ] ] ] }, { "type": "Polygon", "coordinates": [ [ [ 7.030987443452007, 50.917426775433285 ], [ 7.034432350085888, 50.939714428410838 ], [ 7.060053406918596, 50.936671371104325 ], [ 7.063692612471684, 50.929575037196628 ], [ 7.059361748563337, 50.90994249767315 ], [ 7.057735014534996, 50.908451770715857 ], [ 7.054670353742559, 50.907708722582726 ], [ 7.030987443452007, 50.917426775433285 ] ] ] }, { "type": "Polygon", "coordinates": [ [ [ 7.011245882979458, 51.279306541722228 ], [ 7.016887802729788, 51.295878020611191 ], [ 7.050867185893537, 51.296453934643978 ], [ 7.057178608324061, 51.290722872919211 ], [ 7.056097192758616, 51.28277310450023 ], [ 7.034585998322796, 51.262311771263668 ], [ 7.029394920436671, 51.262837251559098 ], [ 7.011245882979458, 51.279306541722228 ] ] ] }, { "type": "Polygon", "coordinates": [ [ [ 7.035928781296968, 51.155063620415625 ], [ 7.03591169115635, 51.157641665169393 ], [ 7.044567191492269, 51.166844811290645 ], [ 7.053782243343738, 51.166337478976843 ], [ 7.059867013530285, 51.138798255572389 ], [ 7.056575341247475, 51.130939944625382 ], [ 7.035928781296968, 51.155063620415625 ] ] ] }, { "type": "Polygon", "coordinates": [ [ [ 7.019504243682643, 51.415271613112814 ], [ 7.026957399027063, 51.436028503691077 ], [ 7.058891577802522, 51.437234677288096 ], [ 7.060130475012568, 51.425281282425779 ], [ 7.059934549638103, 51.420046835691906 ], [ 7.043052549767762, 51.40254350546445 ], [ 7.019504243682643, 51.415271613112814 ] ] ] }, { "type": "Polygon", "coordinates": [ [ [ 7.046866137854744, 51.231410217956423 ], [ 7.050387117582638, 51.239844588882825 ], [ 7.062977289564556, 51.246125708037106 ], [ 7.079713132811804, 51.243756493059564 ], [ 7.087591021129553, 51.225949642049777 ], [ 7.060670589310809, 51.211765164998582 ], [ 7.057982705335423, 51.212145122655144 ], [ 7.057604417187214, 51.212375033926634 ], [ 7.046866137854744, 51.231410217956423 ] ] ] }, { "type": "Polygon", "coordinates": [ [ [ 7.036739085927239, 51.17596103801192 ], [ 7.038369288937699, 51.195332771415352 ], [ 7.046671521365922, 51.187684758478028 ], [ 7.043067345380675, 51.170396725807478 ], [ 7.036739085927239, 51.17596103801192 ] ] ] }, { "type": "Polygon", "coordinates": [ [ [ 7.027142076426354, 51.462567566791016 ], [ 7.051553482618331, 51.475660244457103 ], [ 7.063078337713963, 51.465723983558441 ], [ 7.063172014515576, 51.458626332745617 ], [ 7.059615045480919, 51.450985530099445 ], [ 7.027918998455047, 51.460070514582618 ], [ 7.027142076426354, 51.462567566791016 ] ] ] }, { "type": "Polygon", "coordinates": [ [ [ 7.044567191492269, 51.166844811290645 ], [ 7.043067345380675, 51.170396725807478 ], [ 7.046671521365922, 51.187684758478028 ], [ 7.054987062646252, 51.191245963744471 ], [ 7.067009536128659, 51.178846237617961 ], [ 7.06774685522123, 51.176073554425884 ], [ 7.062284075429665, 51.169204288466638 ], [ 7.053782243343738, 51.166337478976843 ], [ 7.044567191492269, 51.166844811290645 ] ] ] }, { "type": "Polygon", "coordinates": [ [ [ 7.034432350085888, 50.939714428410838 ], [ 7.030238864800176, 50.947164783004347 ], [ 7.052922705277394, 50.975018210091129 ], [ 7.062394448299543, 50.976413009221552 ], [ 7.060053406918596, 50.936671371104325 ], [ 7.034432350085888, 50.939714428410838 ] ] ] }, { "type": "Polygon", "coordinates": [ [ [ 7.038369288937699, 51.195332771415352 ], [ 7.035368673647831, 51.199223568870416 ], [ 7.057604417187214, 51.212375033926634 ], [ 7.057982705335423, 51.212145122655144 ], [ 7.054987062646252, 51.191245963744471 ], [ 7.046671521365922, 51.187684758478028 ], [ 7.038369288937699, 51.195332771415352 ] ] ] }, { "type": "Polygon", "coordinates": [ [ [ 7.057178608324061, 51.290722872919211 ], [ 7.050867185893537, 51.296453934643978 ], [ 7.048426839629244, 51.322759756069061 ], [ 7.06666618962148, 51.339143524690073 ], [ 7.07429987731912, 51.337672068386524 ], [ 7.080660300950009, 51.332539742988004 ], [ 7.076292778026242, 51.30421980340266 ], [ 7.067109074413074, 51.293556780332054 ], [ 7.057178608324061, 51.290722872919211 ] ] ] }, { "type": "Polygon", "coordinates": [ [ [ 7.058891577802522, 51.437234677288096 ], [ 7.060115290300679, 51.439535847300846 ], [ 7.087749051020683, 51.438850598237167 ], [ 7.089438695464459, 51.433306924264677 ], [ 7.081802308832899, 51.427338731178246 ], [ 7.060130475012568, 51.425281282425779 ], [ 7.058891577802522, 51.437234677288096 ] ] ] }, { "type": "Polygon", "coordinates": [ [ [ 7.050387117582638, 51.239844588882825 ], [ 7.034585998322796, 51.262311771263668 ], [ 7.056097192758616, 51.28277310450023 ], [ 7.062321075556153, 51.271718024858309 ], [ 7.062977289564556, 51.246125708037106 ], [ 7.050387117582638, 51.239844588882825 ] ] ] }, { "type": "Polygon", "coordinates": [ [ [ 7.050695409289315, 51.378892853566491 ], [ 7.043052549767762, 51.40254350546445 ], [ 7.059934549638103, 51.420046835691906 ], [ 7.074477713659651, 51.412550288554058 ], [ 7.080572742850178, 51.407198070559851 ], [ 7.062908124218284, 51.381288888610825 ], [ 7.050695409289315, 51.378892853566491 ] ] ] }, { "type": "Polygon", "coordinates": [ [ [ 7.054670353742559, 50.907708722582726 ], [ 7.057735014534996, 50.908451770715857 ], [ 7.069255408946071, 50.882693470723559 ], [ 7.067601518190209, 50.868596267347144 ], [ 7.038781930150193, 50.883845995899648 ], [ 7.054670353742559, 50.907708722582726 ] ] ] }, { "type": "Polygon", "coordinates": [ [ [ 7.058096431424936, 51.069584044709714 ], [ 7.056575341247475, 51.130939944625382 ], [ 7.059867013530285, 51.138798255572389 ], [ 7.071013234321984, 51.148408093048864 ], [ 7.081094260796353, 51.147541377058957 ], [ 7.093266272162881, 51.140730019527481 ], [ 7.101459396925981, 51.058707374124616 ], [ 7.058096431424936, 51.069584044709714 ] ] ] }, { "type": "Polygon", "coordinates": [ [ [ 7.044639516989122, 51.543036773649646 ], [ 7.051003496485723, 51.548706576844971 ], [ 7.057465135600816, 51.549196548095601 ], [ 7.077787008847774, 51.542671102568008 ], [ 7.075611706278523, 51.517111296400934 ], [ 7.072225232726391, 51.50509579411343 ], [ 7.069590657627279, 51.502992135206171 ], [ 7.037426402005378, 51.517593015368774 ], [ 7.044639516989122, 51.543036773649646 ] ] ] }, { "type": "Polygon", "coordinates": [ [ [ 7.063078337713963, 51.465723983558441 ], [ 7.051553482618331, 51.475660244457103 ], [ 7.050073225601842, 51.486055590512187 ], [ 7.069352939191107, 51.502266827072511 ], [ 7.076098407073212, 51.476984772658241 ], [ 7.063078337713963, 51.465723983558441 ] ] ] }, { "type": "Polygon", "coordinates": [ [ [ 7.057178018681905, 51.749228393924554 ], [ 7.057664299769732, 51.756474312066409 ], [ 7.067383607754796, 51.77650569716036 ], [ 7.117857404091859, 51.729966142231206 ], [ 7.124921299520108, 51.690359271603398 ], [ 7.12170673328187, 51.686134678740977 ], [ 7.101797070871794, 51.685072202726289 ], [ 7.057178018681905, 51.749228393924554 ] ] ] }, { "type": "Polygon", "coordinates": [ [ [ 7.063692612471684, 50.929575037196628 ], [ 7.060053406918596, 50.936671371104325 ], [ 7.062394448299543, 50.976413009221552 ], [ 7.142803809889573, 51.029665607818629 ], [ 7.255182014640098, 50.982026833570337 ], [ 7.063692612471684, 50.929575037196628 ] ] ] }, { "type": "Polygon", "coordinates": [ [ [ 7.045790188137076, 51.369920880377123 ], [ 7.050695409289315, 51.378892853566491 ], [ 7.062908124218284, 51.381288888610825 ], [ 7.068797658561031, 51.379754753567759 ], [ 7.089099137828261, 51.365242541631332 ], [ 7.07429987731912, 51.337672068386524 ], [ 7.06666618962148, 51.339143524690073 ], [ 7.045790188137076, 51.369920880377123 ] ] ] }, { "type": "Polygon", "coordinates": [ [ [ 7.054987062646252, 51.191245963744471 ], [ 7.057982705335423, 51.212145122655144 ], [ 7.060670589310809, 51.211765164998582 ], [ 7.071437813223573, 51.200339882480748 ], [ 7.071848386406906, 51.198329086861555 ], [ 7.067009536128659, 51.178846237617961 ], [ 7.054987062646252, 51.191245963744471 ] ] ] }, { "type": "Polygon", "coordinates": [ [ [ 7.059867013530285, 51.138798255572389 ], [ 7.053782243343738, 51.166337478976843 ], [ 7.062284075429665, 51.169204288466638 ], [ 7.066329635515718, 51.163682848550579 ], [ 7.071013234321984, 51.148408093048864 ], [ 7.059867013530285, 51.138798255572389 ] ] ] }, { "type": "Polygon", "coordinates": [ [ [ 7.077787008847774, 51.542671102568008 ], [ 7.057465135600816, 51.549196548095601 ], [ 7.069143734480131, 51.592969983035687 ], [ 7.09521367197103, 51.579360865781851 ], [ 7.084401031714851, 51.545007564596744 ], [ 7.077787008847774, 51.542671102568008 ] ] ] }, { "type": "Polygon", "coordinates": [ [ [ 7.06774685522123, 51.176073554425884 ], [ 7.067009536128659, 51.178846237617961 ], [ 7.071848386406906, 51.198329086861555 ], [ 7.08043480468899, 51.192671474759251 ], [ 7.079340727453348, 51.179457088493116 ], [ 7.073572066331091, 51.176271667937236 ], [ 7.06774685522123, 51.176073554425884 ] ] ] }, { "type": "Polygon", "coordinates": [ [ [ 7.076098407073212, 51.476984772658241 ], [ 7.069352939191107, 51.502266827072511 ], [ 7.069590657627279, 51.502992135206171 ], [ 7.072225232726391, 51.50509579411343 ], [ 7.101212781301965, 51.495362200453172 ], [ 7.10508077470845, 51.48586345551481 ], [ 7.086126193575883, 51.474831358372242 ], [ 7.076098407073212, 51.476984772658241 ] ] ] }, { "type": "Polygon", "coordinates": [ [ [ 7.056097192758616, 51.28277310450023 ], [ 7.057178608324061, 51.290722872919211 ], [ 7.067109074413074, 51.293556780332054 ], [ 7.106751739621976, 51.271138419083663 ], [ 7.093023421347782, 51.261959766668909 ], [ 7.062321075556153, 51.271718024858309 ], [ 7.056097192758616, 51.28277310450023 ] ] ] }, { "type": "Polygon", "coordinates": [ [ [ 7.066329635515718, 51.163682848550579 ], [ 7.062284075429665, 51.169204288466638 ], [ 7.06774685522123, 51.176073554425884 ], [ 7.073572066331091, 51.176271667937236 ], [ 7.085275041497581, 51.164856041778883 ], [ 7.079046274510111, 51.158660642723326 ], [ 7.066329635515718, 51.163682848550579 ] ] ] }, { "type": "Polygon", "coordinates": [ [ [ 7.057735014534996, 50.908451770715857 ], [ 7.059361748563337, 50.90994249767315 ], [ 7.122157024598047, 50.902253732339588 ], [ 7.069255408946071, 50.882693470723559 ], [ 7.057735014534996, 50.908451770715857 ] ] ] }, { "type": "Polygon", "coordinates": [ [ [ 7.060115290300679, 51.439535847300846 ], [ 7.059615045480919, 51.450985530099445 ], [ 7.063172014515576, 51.458626332745617 ], [ 7.09029909234417, 51.454391224476161 ], [ 7.09347528565434, 51.450946249250094 ], [ 7.087749051020683, 51.438850598237167 ], [ 7.060115290300679, 51.439535847300846 ] ] ] }, { "type": "Polygon", "coordinates": [ [ [ 7.062977289564556, 51.246125708037106 ], [ 7.062321075556153, 51.271718024858309 ], [ 7.093023421347782, 51.261959766668909 ], [ 7.079713132811804, 51.243756493059564 ], [ 7.062977289564556, 51.246125708037106 ] ] ] }, { "type": "Polygon", "coordinates": [ [ [ 7.071013234321984, 51.148408093048864 ], [ 7.066329635515718, 51.163682848550579 ], [ 7.079046274510111, 51.158660642723326 ], [ 7.081094260796353, 51.147541377058957 ], [ 7.071013234321984, 51.148408093048864 ] ] ] }, { "type": "Polygon", "coordinates": [ [ [ 8.450888193619441, 49.880527786658867 ], [ 8.000346551097337, 50.121079891328634 ], [ 7.065441594946226, 50.858517999900847 ], [ 7.068152800297346, 50.866728826637001 ], [ 7.358215242809659, 50.908426109903104 ], [ 7.563103717206113, 50.770429343286956 ], [ 8.450888193619441, 49.880527786658867 ] ] ] }, { "type": "Polygon", "coordinates": [ [ [ 7.068152800297346, 50.866728826637001 ], [ 7.067601518190209, 50.868596267347144 ], [ 7.069255408946071, 50.882693470723559 ], [ 7.122157024598047, 50.902253732339588 ], [ 7.356086845019528, 50.909989284128088 ], [ 7.358215242809659, 50.908426109903104 ], [ 7.068152800297346, 50.866728826637001 ] ] ] }, { "type": "Polygon", "coordinates": [ [ [ 7.060670589310809, 51.211765164998582 ], [ 7.087591021129553, 51.225949642049777 ], [ 7.103638509191414, 51.21693543529463 ], [ 7.09940742126281, 51.207192790017267 ], [ 7.071437813223573, 51.200339882480748 ], [ 7.060670589310809, 51.211765164998582 ] ] ] }, { "type": "Polygon", "coordinates": [ [ [ 7.074477713659651, 51.412550288554058 ], [ 7.059934549638103, 51.420046835691906 ], [ 7.060130475012568, 51.425281282425779 ], [ 7.081802308832899, 51.427338731178246 ], [ 7.074477713659651, 51.412550288554058 ] ] ] }, { "type": "Polygon", "coordinates": [ [ [ 7.069143734480131, 51.592969983035687 ], [ 7.063114782904567, 51.602100341831189 ], [ 7.081247251957564, 51.630724002248094 ], [ 7.118265577523522, 51.624122691768079 ], [ 7.111865158130621, 51.587017350251294 ], [ 7.09521367197103, 51.579360865781851 ], [ 7.069143734480131, 51.592969983035687 ] ] ] }, { "type": "Polygon", "coordinates": [ [ [ 7.119915108607657, 51.049255383315902 ], [ 7.101459396925981, 51.058707374124616 ], [ 7.093266272162881, 51.140730019527481 ], [ 7.096350127887034, 51.147283109840906 ], [ 7.104377046723336, 51.153849194724209 ], [ 7.135687675850937, 51.149638090200497 ], [ 7.119915108607657, 51.049255383315902 ] ] ] }, { "type": "Polygon", "coordinates": [ [ [ 7.081094260796353, 51.147541377058957 ], [ 7.079046274510111, 51.158660642723326 ], [ 7.085275041497581, 51.164856041778883 ], [ 7.088259951030169, 51.164206167998458 ], [ 7.096350127887034, 51.147283109840906 ], [ 7.093266272162881, 51.140730019527481 ], [ 7.081094260796353, 51.147541377058957 ] ] ] }, { "type": "Polygon", "coordinates": [ [ [ 7.063078337713963, 51.465723983558441 ], [ 7.076098407073212, 51.476984772658241 ], [ 7.086126193575883, 51.474831358372242 ], [ 7.09029909234417, 51.454391224476161 ], [ 7.063172014515576, 51.458626332745617 ], [ 7.063078337713963, 51.465723983558441 ] ] ] }, { "type": "Polygon", "coordinates": [ [ [ 7.076292778026242, 51.30421980340266 ], [ 7.080660300950009, 51.332539742988004 ], [ 7.105079663136348, 51.32977078884123 ], [ 7.110121928268694, 51.313336900305011 ], [ 7.105941724803542, 51.30172979790585 ], [ 7.076292778026242, 51.30421980340266 ] ] ] }, { "type": "Polygon", "coordinates": [ [ [ 7.06061154723925, 51.663891675803278 ], [ 7.101797070871794, 51.685072202726289 ], [ 7.12170673328187, 51.686134678740977 ], [ 7.130595734268833, 51.648589706928568 ], [ 7.12072721176887, 51.625594936908449 ], [ 7.118265577523522, 51.624122691768079 ], [ 7.081247251957564, 51.630724002248094 ], [ 7.06061154723925, 51.663891675803278 ] ] ] }, { "type": "Polygon", "coordinates": [ [ [ 7.071848386406906, 51.198329086861555 ], [ 7.071437813223573, 51.200339882480748 ], [ 7.09940742126281, 51.207192790017267 ], [ 7.098014291757266, 51.195542809960791 ], [ 7.08043480468899, 51.192671474759251 ], [ 7.071848386406906, 51.198329086861555 ] ] ] }, { "type": "Polygon", "coordinates": [ [ [ 7.062908124218284, 51.381288888610825 ], [ 7.080572742850178, 51.407198070559851 ], [ 7.085670431781983, 51.407189386319736 ], [ 7.096918643076346, 51.391304441913668 ], [ 7.068797658561031, 51.379754753567759 ], [ 7.062908124218284, 51.381288888610825 ] ] ] }, { "type": "Polygon", "coordinates": [ [ [ 7.080572742850178, 51.407198070559851 ], [ 7.074477713659651, 51.412550288554058 ], [ 7.081802308832899, 51.427338731178246 ], [ 7.089438695464459, 51.433306924264677 ], [ 7.098503444025812, 51.42142136869051 ], [ 7.085670431781983, 51.407189386319736 ], [ 7.080572742850178, 51.407198070559851 ] ] ] }, { "type": "Polygon", "coordinates": [ [ [ 7.079713132811804, 51.243756493059564 ], [ 7.093023421347782, 51.261959766668909 ], [ 7.106751739621976, 51.271138419083663 ], [ 7.109227349623451, 51.27159602344048 ], [ 7.11619778553113, 51.268396335699904 ], [ 7.127600451283179, 51.235328468781525 ], [ 7.107190325131016, 51.218061123649846 ], [ 7.103638509191414, 51.21693543529463 ], [ 7.087591021129553, 51.225949642049777 ], [ 7.079713132811804, 51.243756493059564 ] ] ] }, { "type": "Polygon", "coordinates": [ [ [ 7.356086845019528, 50.909989284128088 ], [ 7.122157024598047, 50.902253732339588 ], [ 7.059361748563337, 50.90994249767315 ], [ 7.063692612471684, 50.929575037196628 ], [ 7.255182014640098, 50.982026833570337 ], [ 7.271695580904623, 50.976295311315653 ], [ 7.291601381240918, 50.965292513447885 ], [ 7.356086845019528, 50.909989284128088 ] ] ] }, { "type": "Polygon", "coordinates": [ [ [ 7.089438695464459, 51.433306924264677 ], [ 7.087749051020683, 51.438850598237167 ], [ 7.09347528565434, 51.450946249250094 ], [ 7.122982282453404, 51.456442553928149 ], [ 7.126001897261855, 51.454399776255443 ], [ 7.128083856713139, 51.449646965492967 ], [ 7.125681016434296, 51.440156417315194 ], [ 7.106483460758739, 51.420987288031647 ], [ 7.098503444025812, 51.42142136869051 ], [ 7.089438695464459, 51.433306924264677 ] ] ] }, { "type": "Polygon", "coordinates": [ [ [ 7.09347528565434, 51.450946249250094 ], [ 7.09029909234417, 51.454391224476161 ], [ 7.086126193575883, 51.474831358372242 ], [ 7.10508077470845, 51.48586345551481 ], [ 7.112233182760125, 51.481396308520161 ], [ 7.122982282453404, 51.456442553928149 ], [ 7.09347528565434, 51.450946249250094 ] ] ] }, { "type": "Polygon", "coordinates": [ [ [ 7.072225232726391, 51.50509579411343 ], [ 7.075611706278523, 51.517111296400934 ], [ 7.101484945925164, 51.513464992072109 ], [ 7.103058196322199, 51.500255490048495 ], [ 7.101212781301965, 51.495362200453172 ], [ 7.072225232726391, 51.50509579411343 ] ] ] }, { "type": "Polygon", "coordinates": [ [ [ 7.079340727453348, 51.179457088493116 ], [ 7.08043480468899, 51.192671474759251 ], [ 7.098014291757266, 51.195542809960791 ], [ 7.098127752467551, 51.194668166775642 ], [ 7.089182447191106, 51.181512568478638 ], [ 7.079340727453348, 51.179457088493116 ] ] ] }, { "type": "Polygon", "coordinates": [ [ [ 7.089099137828261, 51.365242541631332 ], [ 7.068797658561031, 51.379754753567759 ], [ 7.096918643076346, 51.391304441913668 ], [ 7.108543764650729, 51.385227150855719 ], [ 7.090830047802614, 51.365666913038474 ], [ 7.089099137828261, 51.365242541631332 ] ] ] }, { "type": "Polygon", "coordinates": [ [ [ 7.073572066331091, 51.176271667937236 ], [ 7.079340727453348, 51.179457088493116 ], [ 7.089182447191106, 51.181512568478638 ], [ 7.09477503513994, 51.171591470177226 ], [ 7.088259951030169, 51.164206167998458 ], [ 7.085275041497581, 51.164856041778883 ], [ 7.073572066331091, 51.176271667937236 ] ] ] }, { "type": "Polygon", "coordinates": [ [ [ 7.067109074413074, 51.293556780332054 ], [ 7.076292778026242, 51.30421980340266 ], [ 7.105941724803542, 51.30172979790585 ], [ 7.109227349623451, 51.27159602344048 ], [ 7.106751739621976, 51.271138419083663 ], [ 7.067109074413074, 51.293556780332054 ] ] ] }, { "type": "Polygon", "coordinates": [ [ [ 7.098127752467551, 51.194668166775642 ], [ 7.098014291757266, 51.195542809960791 ], [ 7.09940742126281, 51.207192790017267 ], [ 7.103638509191414, 51.21693543529463 ], [ 7.107190325131016, 51.218061123649846 ], [ 7.124984947299999, 51.195155280470374 ], [ 7.11966742835509, 51.17803124374629 ], [ 7.10975169560831, 51.182089686199078 ], [ 7.098127752467551, 51.194668166775642 ] ] ] }, { "type": "Polygon", "coordinates": [ [ [ 7.096350127887034, 51.147283109840906 ], [ 7.088259951030169, 51.164206167998458 ], [ 7.09477503513994, 51.171591470177226 ], [ 7.09744094854203, 51.171218927033706 ], [ 7.105482658313172, 51.161990917911659 ], [ 7.104377046723336, 51.153849194724209 ], [ 7.096350127887034, 51.147283109840906 ] ] ] }, { "type": "Polygon", "coordinates": [ [ [ 7.096918643076346, 51.391304441913668 ], [ 7.085670431781983, 51.407189386319736 ], [ 7.098503444025812, 51.42142136869051 ], [ 7.106483460758739, 51.420987288031647 ], [ 7.118964407187318, 51.396871373352376 ], [ 7.118767474478605, 51.38645644489668 ], [ 7.108543764650729, 51.385227150855719 ], [ 7.096918643076346, 51.391304441913668 ] ] ] }, { "type": "Polygon", "coordinates": [ [ [ 7.358215242809659, 50.908426109903104 ], [ 7.356086845019528, 50.909989284128088 ], [ 7.291601381240918, 50.965292513447885 ], [ 7.265622476873377, 51.134549012940887 ], [ 7.281009535777343, 51.190005773966071 ], [ 7.314752556586873, 51.203925006528564 ], [ 7.351201655534457, 51.210771850283031 ], [ 7.357901623603929, 51.209671515006789 ], [ 7.373523340060331, 51.195445645250786 ], [ 7.536707649244375, 50.837941542699944 ], [ 7.563103717206113, 50.770429343286956 ], [ 7.358215242809659, 50.908426109903104 ] ] ] }, { "type": "Polygon", "coordinates": [ [ [ 7.07429987731912, 51.337672068386524 ], [ 7.089099137828261, 51.365242541631332 ], [ 7.090830047802614, 51.365666913038474 ], [ 7.108299880156838, 51.35013972639296 ], [ 7.109265239007716, 51.334716571874772 ], [ 7.105079663136348, 51.32977078884123 ], [ 7.080660300950009, 51.332539742988004 ], [ 7.07429987731912, 51.337672068386524 ] ] ] }, { "type": "Polygon", "coordinates": [ [ [ 7.09477503513994, 51.171591470177226 ], [ 7.089182447191106, 51.181512568478638 ], [ 7.098127752467551, 51.194668166775642 ], [ 7.10975169560831, 51.182089686199078 ], [ 7.09744094854203, 51.171218927033706 ], [ 7.09477503513994, 51.171591470177226 ] ] ] }, { "type": "Polygon", "coordinates": [ [ [ 7.075611706278523, 51.517111296400934 ], [ 7.077787008847774, 51.542671102568008 ], [ 7.084401031714851, 51.545007564596744 ], [ 7.090120347836166, 51.543102449826776 ], [ 7.104613864376272, 51.525480039574624 ], [ 7.101484945925164, 51.513464992072109 ], [ 7.075611706278523, 51.517111296400934 ] ] ] }, { "type": "Polygon", "coordinates": [ [ [ 7.084401031714851, 51.545007564596744 ], [ 7.09521367197103, 51.579360865781851 ], [ 7.111865158130621, 51.587017350251294 ], [ 7.133195570270217, 51.566871961144429 ], [ 7.127193526813916, 51.551988692917199 ], [ 7.090120347836166, 51.543102449826776 ], [ 7.084401031714851, 51.545007564596744 ] ] ] }, { "type": "Polygon", "coordinates": [ [ [ 7.103058196322199, 51.500255490048495 ], [ 7.101484945925164, 51.513464992072109 ], [ 7.104613864376272, 51.525480039574624 ], [ 7.122969555713789, 51.522585816801325 ], [ 7.127303735568174, 51.515699286500016 ], [ 7.103058196322199, 51.500255490048495 ] ] ] }, { "type": "Polygon", "coordinates": [ [ [ 7.101212781301965, 51.495362200453172 ], [ 7.103058196322199, 51.500255490048495 ], [ 7.127303735568174, 51.515699286500016 ], [ 7.137045460878563, 51.50940356643018 ], [ 7.138995104206034, 51.502743144873769 ], [ 7.112233182760125, 51.481396308520161 ], [ 7.10508077470845, 51.48586345551481 ], [ 7.101212781301965, 51.495362200453172 ] ] ] }, { "type": "Polygon", "coordinates": [ [ [ 7.105482658313172, 51.161990917911659 ], [ 7.09744094854203, 51.171218927033706 ], [ 7.10975169560831, 51.182089686199078 ], [ 7.11966742835509, 51.17803124374629 ], [ 7.120544600394434, 51.176498284879195 ], [ 7.105482658313172, 51.161990917911659 ] ] ] }, { "type": "Polygon", "coordinates": [ [ [ 7.105941724803542, 51.30172979790585 ], [ 7.110121928268694, 51.313336900305011 ], [ 7.127766588123367, 51.310647236696283 ], [ 7.130535988983063, 51.276279881083404 ], [ 7.11619778553113, 51.268396335699904 ], [ 7.109227349623451, 51.27159602344048 ], [ 7.105941724803542, 51.30172979790585 ] ] ] }, { "type": "Polygon", "coordinates": [ [ [ 7.142803809889573, 51.029665607818629 ], [ 7.119915108607657, 51.049255383315902 ], [ 7.135687675850937, 51.149638090200497 ], [ 7.137852455641189, 51.153360946090977 ], [ 7.139013004282083, 51.153663134863983 ], [ 7.160812801620056, 51.15093061748474 ], [ 7.206065669311142, 51.108510719215289 ], [ 7.211905149125043, 51.099363957306913 ], [ 7.271695580904623, 50.976295311315653 ], [ 7.255182014640098, 50.982026833570337 ], [ 7.142803809889573, 51.029665607818629 ] ] ] }, { "type": "Polygon", "coordinates": [ [ [ 7.067383607754796, 51.77650569716036 ], [ 7.071278910400208, 51.842376714908319 ], [ 7.161008163700547, 51.753642774784659 ], [ 7.159893452010223, 51.747121124789643 ], [ 7.158143999740228, 51.744977726662405 ], [ 7.117857404091859, 51.729966142231206 ], [ 7.067383607754796, 51.77650569716036 ] ] ] }, { "type": "Polygon", "coordinates": [ [ [ 7.137045460878563, 51.50940356643018 ], [ 7.127303735568174, 51.515699286500016 ], [ 7.122969555713789, 51.522585816801325 ], [ 7.128739610225219, 51.546918024675819 ], [ 7.153301508099256, 51.529364751789963 ], [ 7.137045460878563, 51.50940356643018 ] ] ] }, { "type": "Polygon", "coordinates": [ [ [ 7.109265239007716, 51.334716571874772 ], [ 7.108299880156838, 51.35013972639296 ], [ 7.121351090763347, 51.369746782833936 ], [ 7.142221271876761, 51.341437362169799 ], [ 7.109265239007716, 51.334716571874772 ] ] ] }, { "type": "Polygon", "coordinates": [ [ [ 7.108299880156838, 51.35013972639296 ], [ 7.090830047802614, 51.365666913038474 ], [ 7.108543764650729, 51.385227150855719 ], [ 7.118767474478605, 51.38645644489668 ], [ 7.121068412063511, 51.384662778612871 ], [ 7.121351090763347, 51.369746782833936 ], [ 7.108299880156838, 51.35013972639296 ] ] ] }, { "type": "Polygon", "coordinates": [ [ [ 7.133195570270217, 51.566871961144429 ], [ 7.111865158130621, 51.587017350251294 ], [ 7.118265577523522, 51.624122691768079 ], [ 7.12072721176887, 51.625594936908449 ], [ 7.147883970923865, 51.611551978349787 ], [ 7.155899357990141, 51.596141099313733 ], [ 7.154745889547459, 51.571479804580839 ], [ 7.133195570270217, 51.566871961144429 ] ] ] }, { "type": "Polygon", "coordinates": [ [ [ 7.105079663136348, 51.32977078884123 ], [ 7.109265239007716, 51.334716571874772 ], [ 7.142221271876761, 51.341437362169799 ], [ 7.14443159746185, 51.340939238049224 ], [ 7.14113039493749, 51.313578097260148 ], [ 7.127766588123367, 51.310647236696283 ], [ 7.110121928268694, 51.313336900305011 ], [ 7.105079663136348, 51.32977078884123 ] ] ] }, { "type": "Polygon", "coordinates": [ [ [ 7.122982282453404, 51.456442553928149 ], [ 7.112233182760125, 51.481396308520161 ], [ 7.138995104206034, 51.502743144873769 ], [ 7.153617605718389, 51.491208263213117 ], [ 7.1566964084834, 51.483395777420213 ], [ 7.126001897261855, 51.454399776255443 ], [ 7.122982282453404, 51.456442553928149 ] ] ] }, { "type": "Polygon", "coordinates": [ [ [ 7.121068412063511, 51.384662778612871 ], [ 7.118767474478605, 51.38645644489668 ], [ 7.118964407187318, 51.396871373352376 ], [ 7.13542613056345, 51.417441703251434 ], [ 7.148322523308487, 51.413186730169549 ], [ 7.141654845480747, 51.384489740865952 ], [ 7.121068412063511, 51.384662778612871 ] ] ] }, { "type": "Polygon", "coordinates": [ [ [ 7.124921299520108, 51.690359271603398 ], [ 7.117857404091859, 51.729966142231206 ], [ 7.158143999740228, 51.744977726662405 ], [ 7.156268519706933, 51.697161743050827 ], [ 7.124921299520108, 51.690359271603398 ] ] ] }, { "type": "Polygon", "coordinates": [ [ [ 7.118964407187318, 51.396871373352376 ], [ 7.106483460758739, 51.420987288031647 ], [ 7.125681016434296, 51.440156417315194 ], [ 7.13542613056345, 51.417441703251434 ], [ 7.118964407187318, 51.396871373352376 ] ] ] }, { "type": "Polygon", "coordinates": [ [ [ 7.104613864376272, 51.525480039574624 ], [ 7.090120347836166, 51.543102449826776 ], [ 7.127193526813916, 51.551988692917199 ], [ 7.128739610225219, 51.546918024675819 ], [ 7.122969555713789, 51.522585816801325 ], [ 7.104613864376272, 51.525480039574624 ] ] ] }, { "type": "Polygon", "coordinates": [ [ [ 7.12965642347209, 51.17014358707749 ], [ 7.120544600394434, 51.176498284879195 ], [ 7.11966742835509, 51.17803124374629 ], [ 7.124984947299999, 51.195155280470374 ], [ 7.138723488698159, 51.197583143181859 ], [ 7.145506488334758, 51.189149750831582 ], [ 7.12965642347209, 51.17014358707749 ] ] ] }, { "type": "Polygon", "coordinates": [ [ [ 7.120544600394434, 51.176498284879195 ], [ 7.12965642347209, 51.17014358707749 ], [ 7.137852455641189, 51.153360946090977 ], [ 7.135687675850937, 51.149638090200497 ], [ 7.104377046723336, 51.153849194724209 ], [ 7.105482658313172, 51.161990917911659 ], [ 7.120544600394434, 51.176498284879195 ] ] ] }, { "type": "Polygon", "coordinates": [ [ [ 7.128739610225219, 51.546918024675819 ], [ 7.127193526813916, 51.551988692917199 ], [ 7.133195570270217, 51.566871961144429 ], [ 7.154745889547459, 51.571479804580839 ], [ 7.174838223899883, 51.559834882805475 ], [ 7.167822313364907, 51.533994927432431 ], [ 7.167342179975353, 51.533505117645959 ], [ 7.153301508099256, 51.529364751789963 ], [ 7.128739610225219, 51.546918024675819 ] ] ] }, { "type": "Polygon", "coordinates": [ [ [ 7.137852455641189, 51.153360946090977 ], [ 7.12965642347209, 51.17014358707749 ], [ 7.145506488334758, 51.189149750831582 ], [ 7.154547974113419, 51.187602907875529 ], [ 7.160559991061381, 51.180719399677258 ], [ 7.139013004282083, 51.153663134863983 ], [ 7.137852455641189, 51.153360946090977 ] ] ] }, { "type": "Polygon", "coordinates": [ [ [ 7.107190325131016, 51.218061123649846 ], [ 7.127600451283179, 51.235328468781525 ], [ 7.138449549892908, 51.231969257422563 ], [ 7.141976169637672, 51.213122774341549 ], [ 7.138723488698159, 51.197583143181859 ], [ 7.124984947299999, 51.195155280470374 ], [ 7.107190325131016, 51.218061123649846 ] ] ] }, { "type": "Polygon", "coordinates": [ [ [ 7.121351090763347, 51.369746782833936 ], [ 7.121068412063511, 51.384662778612871 ], [ 7.141654845480747, 51.384489740865952 ], [ 7.164357356495799, 51.374000684985113 ], [ 7.165931416865144, 51.371860637871194 ], [ 7.166943944574647, 51.365995238283112 ], [ 7.165178454984356, 51.349668663376399 ], [ 7.14443159746185, 51.340939238049224 ], [ 7.142221271876761, 51.341437362169799 ], [ 7.121351090763347, 51.369746782833936 ] ] ] }, { "type": "Polygon", "coordinates": [ [ [ 7.11619778553113, 51.268396335699904 ], [ 7.130535988983063, 51.276279881083404 ], [ 7.147828987657949, 51.281896918940348 ], [ 7.15318031023229, 51.27973430249466 ], [ 7.168300043030122, 51.238524988634133 ], [ 7.167983631771732, 51.238016085378831 ], [ 7.138449549892908, 51.231969257422563 ], [ 7.127600451283179, 51.235328468781525 ], [ 7.11619778553113, 51.268396335699904 ] ] ] }, { "type": "Polygon", "coordinates": [ [ [ 7.127766588123367, 51.310647236696283 ], [ 7.14113039493749, 51.313578097260148 ], [ 7.147904579839166, 51.305724808690861 ], [ 7.147828987657949, 51.281896918940348 ], [ 7.130535988983063, 51.276279881083404 ], [ 7.127766588123367, 51.310647236696283 ] ] ] }, { "type": "Polygon", "coordinates": [ [ [ 7.125681016434296, 51.440156417315194 ], [ 7.128083856713139, 51.449646965492967 ], [ 7.152806202110444, 51.442285982592281 ], [ 7.154009011385408, 51.415299876459962 ], [ 7.148322523308487, 51.413186730169549 ], [ 7.13542613056345, 51.417441703251434 ], [ 7.125681016434296, 51.440156417315194 ] ] ] }, { "type": "Polygon", "coordinates": [ [ [ 7.145506488334758, 51.189149750831582 ], [ 7.138723488698159, 51.197583143181859 ], [ 7.141976169637672, 51.213122774341549 ], [ 7.159752444067124, 51.201283801935254 ], [ 7.154547974113419, 51.187602907875529 ], [ 7.145506488334758, 51.189149750831582 ] ] ] }, { "type": "Polygon", "coordinates": [ [ [ 7.14113039493749, 51.313578097260148 ], [ 7.14443159746185, 51.340939238049224 ], [ 7.165178454984356, 51.349668663376399 ], [ 7.166042141108951, 51.348784562859393 ], [ 7.170964636680173, 51.313290777777681 ], [ 7.147904579839166, 51.305724808690861 ], [ 7.14113039493749, 51.313578097260148 ] ] ] }, { "type": "Polygon", "coordinates": [ [ [ 7.128083856713139, 51.449646965492967 ], [ 7.126001897261855, 51.454399776255443 ], [ 7.1566964084834, 51.483395777420213 ], [ 7.168063002111928, 51.477721246626608 ], [ 7.161577677984649, 51.444272479679675 ], [ 7.152806202110444, 51.442285982592281 ], [ 7.128083856713139, 51.449646965492967 ] ] ] }, { "type": "Polygon", "coordinates": [ [ [ 7.138995104206034, 51.502743144873769 ], [ 7.137045460878563, 51.50940356643018 ], [ 7.153301508099256, 51.529364751789963 ], [ 7.167342179975353, 51.533505117645959 ], [ 7.168410120157658, 51.509363192400038 ], [ 7.153617605718389, 51.491208263213117 ], [ 7.138995104206034, 51.502743144873769 ] ] ] }, { "type": "Polygon", "coordinates": [ [ [ 7.12170673328187, 51.686134678740977 ], [ 7.124921299520108, 51.690359271603398 ], [ 7.156268519706933, 51.697161743050827 ], [ 7.173535878905613, 51.691932153566491 ], [ 7.168071135746699, 51.651099137864058 ], [ 7.167830743924219, 51.65079119014618 ], [ 7.130595734268833, 51.648589706928568 ], [ 7.12170673328187, 51.686134678740977 ] ] ] }, { "type": "Polygon", "coordinates": [ [ [ 7.156268519706933, 51.697161743050827 ], [ 7.158143999740228, 51.744977726662405 ], [ 7.159893452010223, 51.747121124789643 ], [ 7.20064265127386, 51.715768473561511 ], [ 7.200316512517324, 51.698829109786104 ], [ 7.173535878905613, 51.691932153566491 ], [ 7.156268519706933, 51.697161743050827 ] ] ] }, { "type": "Polygon", "coordinates": [ [ [ 7.141654845480747, 51.384489740865952 ], [ 7.148322523308487, 51.413186730169549 ], [ 7.154009011385408, 51.415299876459962 ], [ 7.158875417367652, 51.413805234277206 ], [ 7.167921251638722, 51.398794570804498 ], [ 7.164357356495799, 51.374000684985113 ], [ 7.141654845480747, 51.384489740865952 ] ] ] }, { "type": "Polygon", "coordinates": [ [ [ 7.160559991061381, 51.180719399677258 ], [ 7.154547974113419, 51.187602907875529 ], [ 7.159752444067124, 51.201283801935254 ], [ 7.178488093980506, 51.213983801627791 ], [ 7.183337348872711, 51.209664121151356 ], [ 7.184341420602585, 51.19450725311674 ], [ 7.17916980767541, 51.185712883054556 ], [ 7.172072281752152, 51.177894129569147 ], [ 7.160559991061381, 51.180719399677258 ] ] ] }, { "type": "Polygon", "coordinates": [ [ [ 7.12072721176887, 51.625594936908449 ], [ 7.130595734268833, 51.648589706928568 ], [ 7.167830743924219, 51.65079119014618 ], [ 7.176619926510723, 51.627455165314544 ], [ 7.147883970923865, 51.611551978349787 ], [ 7.12072721176887, 51.625594936908449 ] ] ] }, { "type": "Polygon", "coordinates": [ [ [ 7.138449549892908, 51.231969257422563 ], [ 7.167983631771732, 51.238016085378831 ], [ 7.178488093980506, 51.213983801627791 ], [ 7.159752444067124, 51.201283801935254 ], [ 7.141976169637672, 51.213122774341549 ], [ 7.138449549892908, 51.231969257422563 ] ] ] }, { "type": "Polygon", "coordinates": [ [ [ 7.164357356495799, 51.374000684985113 ], [ 7.167921251638722, 51.398794570804498 ], [ 7.189371124323003, 51.412000006888185 ], [ 7.200739882719309, 51.393059778531949 ], [ 7.165931416865144, 51.371860637871194 ], [ 7.164357356495799, 51.374000684985113 ] ] ] }, { "type": "Polygon", "coordinates": [ [ [ 7.147828987657949, 51.281896918940348 ], [ 7.147904579839166, 51.305724808690861 ], [ 7.170964636680173, 51.313290777777681 ], [ 7.183829190167462, 51.302023344833842 ], [ 7.182430833541528, 51.288931606550513 ], [ 7.181814724187829, 51.288185335141058 ], [ 7.15318031023229, 51.27973430249466 ], [ 7.147828987657949, 51.281896918940348 ] ] ] }, { "type": "Polygon", "coordinates": [ [ [ 7.152806202110444, 51.442285982592281 ], [ 7.161577677984649, 51.444272479679675 ], [ 7.179140742460674, 51.437357698547416 ], [ 7.184322921308003, 51.430915331982582 ], [ 7.158875417367652, 51.413805234277206 ], [ 7.154009011385408, 51.415299876459962 ], [ 7.152806202110444, 51.442285982592281 ] ] ] }, { "type": "Polygon", "coordinates": [ [ [ 7.167830743924219, 51.65079119014618 ], [ 7.168071135746699, 51.651099137864058 ], [ 7.227107110860118, 51.660099661734257 ], [ 7.22549308723352, 51.633628251122055 ], [ 7.178810447273443, 51.626206503478521 ], [ 7.176619926510723, 51.627455165314544 ], [ 7.167830743924219, 51.65079119014618 ] ] ] }, { "type": "Polygon", "coordinates": [ [ [ 7.271695580904623, 50.976295311315653 ], [ 7.211905149125043, 51.099363957306913 ], [ 7.208309676706034, 51.179388911002668 ], [ 7.209749071819721, 51.182075857494951 ], [ 7.221344948321895, 51.187797507168341 ], [ 7.227249815000483, 51.188212060940877 ], [ 7.233275883378189, 51.185241621289634 ], [ 7.265622476873377, 51.134549012940887 ], [ 7.291601381240918, 50.965292513447885 ], [ 7.271695580904623, 50.976295311315653 ] ] ] }, { "type": "Polygon", "coordinates": [ [ [ 7.211905149125043, 51.099363957306913 ], [ 7.206065669311142, 51.108510719215289 ], [ 7.188083764631358, 51.160057569730981 ], [ 7.196909869098098, 51.172496202386817 ], [ 7.208309676706034, 51.179388911002668 ], [ 7.211905149125043, 51.099363957306913 ] ] ] }, { "type": "Polygon", "coordinates": [ [ [ 7.168300043030122, 51.238524988634133 ], [ 7.15318031023229, 51.27973430249466 ], [ 7.181814724187829, 51.288185335141058 ], [ 7.185502967975562, 51.260308548519461 ], [ 7.176993625523502, 51.243762603829353 ], [ 7.168300043030122, 51.238524988634133 ] ] ] }, { "type": "Polygon", "coordinates": [ [ [ 7.1566964084834, 51.483395777420213 ], [ 7.153617605718389, 51.491208263213117 ], [ 7.168410120157658, 51.509363192400038 ], [ 7.179699557458306, 51.505436759193465 ], [ 7.186561673484831, 51.486906376795474 ], [ 7.183807801884447, 51.477558548040719 ], [ 7.168063002111928, 51.477721246626608 ], [ 7.1566964084834, 51.483395777420213 ] ] ] }, { "type": "Polygon", "coordinates": [ [ [ 7.167921251638722, 51.398794570804498 ], [ 7.158875417367652, 51.413805234277206 ], [ 7.184322921308003, 51.430915331982582 ], [ 7.189467502874495, 51.428288036263638 ], [ 7.189371124323003, 51.412000006888185 ], [ 7.167921251638722, 51.398794570804498 ] ] ] }, { "type": "Polygon", "coordinates": [ [ [ 7.139013004282083, 51.153663134863983 ], [ 7.160559991061381, 51.180719399677258 ], [ 7.172072281752152, 51.177894129569147 ], [ 7.173773879801193, 51.172186435320299 ], [ 7.160812801620056, 51.15093061748474 ], [ 7.139013004282083, 51.153663134863983 ] ] ] }, { "type": "Polygon", "coordinates": [ [ [ 7.174838223899883, 51.559834882805475 ], [ 7.154745889547459, 51.571479804580839 ], [ 7.155899357990141, 51.596141099313733 ], [ 7.182933965424569, 51.602741718843767 ], [ 7.204713820244891, 51.584027819814501 ], [ 7.182757051610329, 51.562182121486337 ], [ 7.174838223899883, 51.559834882805475 ] ] ] }, { "type": "Polygon", "coordinates": [ [ [ 7.155899357990141, 51.596141099313733 ], [ 7.147883970923865, 51.611551978349787 ], [ 7.176619926510723, 51.627455165314544 ], [ 7.178810447273443, 51.626206503478521 ], [ 7.182933965424569, 51.602741718843767 ], [ 7.155899357990141, 51.596141099313733 ] ] ] }, { "type": "Polygon", "coordinates": [ [ [ 7.179140742460674, 51.437357698547416 ], [ 7.161577677984649, 51.444272479679675 ], [ 7.168063002111928, 51.477721246626608 ], [ 7.183807801884447, 51.477558548040719 ], [ 7.188162278632715, 51.473750304186019 ], [ 7.179140742460674, 51.437357698547416 ] ] ] }, { "type": "Polygon", "coordinates": [ [ [ 7.160812801620056, 51.15093061748474 ], [ 7.173773879801193, 51.172186435320299 ], [ 7.188083764631358, 51.160057569730981 ], [ 7.206065669311142, 51.108510719215289 ], [ 7.160812801620056, 51.15093061748474 ] ] ] }, { "type": "Polygon", "coordinates": [ [ [ 7.684442641836831, 53.845139999311584 ], [ 7.590893367121236, 52.609748844484599 ], [ 7.570223522388488, 52.473329022876307 ], [ 7.484571645515959, 52.193386654441525 ], [ 7.257535166756176, 51.751550271237889 ], [ 7.216360977435587, 51.744777533635641 ], [ 7.191167380815528, 51.773743796707073 ], [ 7.521215552291134, 53.845139999311584 ], [ 7.684442641836831, 53.845139999311584 ] ] ] }, { "type": "Polygon", "coordinates": [ [ [ 7.172072281752152, 51.177894129569147 ], [ 7.17916980767541, 51.185712883054556 ], [ 7.196909869098098, 51.172496202386817 ], [ 7.188083764631358, 51.160057569730981 ], [ 7.173773879801193, 51.172186435320299 ], [ 7.172072281752152, 51.177894129569147 ] ] ] }, { "type": "Polygon", "coordinates": [ [ [ 7.167983631771732, 51.238016085378831 ], [ 7.168300043030122, 51.238524988634133 ], [ 7.176993625523502, 51.243762603829353 ], [ 7.216300528486532, 51.238340961294135 ], [ 7.221155676777405, 51.232279686234008 ], [ 7.198716585769356, 51.212350494265245 ], [ 7.183337348872711, 51.209664121151356 ], [ 7.178488093980506, 51.213983801627791 ], [ 7.167983631771732, 51.238016085378831 ] ] ] }, { "type": "Polygon", "coordinates": [ [ [ 7.166042141108951, 51.348784562859393 ], [ 7.165178454984356, 51.349668663376399 ], [ 7.166943944574647, 51.365995238283112 ], [ 7.220888440861556, 51.366325376340853 ], [ 7.22098082754596, 51.366250804247109 ], [ 7.196682132762201, 51.33817977057457 ], [ 7.166042141108951, 51.348784562859393 ] ] ] }, { "type": "Polygon", "coordinates": [ [ [ 7.20064265127386, 51.715768473561511 ], [ 7.159893452010223, 51.747121124789643 ], [ 7.161008163700547, 51.753642774784659 ], [ 7.191167380815528, 51.773743796707073 ], [ 7.216360977435587, 51.744777533635641 ], [ 7.20064265127386, 51.715768473561511 ] ] ] }, { "type": "Polygon", "coordinates": [ [ [ 7.168071135746699, 51.651099137864058 ], [ 7.173535878905613, 51.691932153566491 ], [ 7.200316512517324, 51.698829109786104 ], [ 7.231556652378248, 51.673066802054052 ], [ 7.227107110860118, 51.660099661734257 ], [ 7.168071135746699, 51.651099137864058 ] ] ] }, { "type": "Polygon", "coordinates": [ [ [ 7.189467502874495, 51.428288036263638 ], [ 7.184322921308003, 51.430915331982582 ], [ 7.179140742460674, 51.437357698547416 ], [ 7.188162278632715, 51.473750304186019 ], [ 7.19716061900532, 51.471260460908752 ], [ 7.21210159288662, 51.46337821506139 ], [ 7.211982140532809, 51.455882093404355 ], [ 7.20987665370939, 51.437614769302378 ], [ 7.208367277083691, 51.434674693126624 ], [ 7.189467502874495, 51.428288036263638 ] ] ] }, { "type": "Polygon", "coordinates": [ [ [ 7.168410120157658, 51.509363192400038 ], [ 7.167342179975353, 51.533505117645959 ], [ 7.167822313364907, 51.533994927432431 ], [ 7.194267042376569, 51.518272135894989 ], [ 7.179699557458306, 51.505436759193465 ], [ 7.168410120157658, 51.509363192400038 ] ] ] }, { "type": "Polygon", "coordinates": [ [ [ 7.170964636680173, 51.313290777777681 ], [ 7.166042141108951, 51.348784562859393 ], [ 7.196682132762201, 51.33817977057457 ], [ 7.200281975104039, 51.331040806192235 ], [ 7.187057337192867, 51.304359744816018 ], [ 7.183829190167462, 51.302023344833842 ], [ 7.170964636680173, 51.313290777777681 ] ] ] }, { "type": "Polygon", "coordinates": [ [ [ 7.186561673484831, 51.486906376795474 ], [ 7.179699557458306, 51.505436759193465 ], [ 7.194267042376569, 51.518272135894989 ], [ 7.196078912610055, 51.518092804042155 ], [ 7.200820796201605, 51.502844261575916 ], [ 7.186561673484831, 51.486906376795474 ] ] ] }, { "type": "Polygon", "coordinates": [ [ [ 7.167822313364907, 51.533994927432431 ], [ 7.174838223899883, 51.559834882805475 ], [ 7.182757051610329, 51.562182121486337 ], [ 7.204763138828748, 51.539633085362652 ], [ 7.207514813524192, 51.528149217358035 ], [ 7.196078912610055, 51.518092804042155 ], [ 7.194267042376569, 51.518272135894989 ], [ 7.167822313364907, 51.533994927432431 ] ] ] }, { "type": "Polygon", "coordinates": [ [ [ 7.188162278632715, 51.473750304186019 ], [ 7.183807801884447, 51.477558548040719 ], [ 7.186561673484831, 51.486906376795474 ], [ 7.200820796201605, 51.502844261575916 ], [ 7.213333107476456, 51.498546921837395 ], [ 7.19716061900532, 51.471260460908752 ], [ 7.188162278632715, 51.473750304186019 ] ] ] }, { "type": "Polygon", "coordinates": [ [ [ 7.181814724187829, 51.288185335141058 ], [ 7.182430833541528, 51.288931606550513 ], [ 7.199919928654996, 51.283433760548547 ], [ 7.197421362462513, 51.262576148151744 ], [ 7.185502967975562, 51.260308548519461 ], [ 7.181814724187829, 51.288185335141058 ] ] ] }, { "type": "Polygon", "coordinates": [ [ [ 7.166943944574647, 51.365995238283112 ], [ 7.165931416865144, 51.371860637871194 ], [ 7.200739882719309, 51.393059778531949 ], [ 7.203972845282211, 51.392123716069754 ], [ 7.220888440861556, 51.366325376340853 ], [ 7.166943944574647, 51.365995238283112 ] ] ] }, { "type": "Polygon", "coordinates": [ [ [ 7.17916980767541, 51.185712883054556 ], [ 7.184341420602585, 51.19450725311674 ], [ 7.209749071819721, 51.182075857494951 ], [ 7.208309676706034, 51.179388911002668 ], [ 7.196909869098098, 51.172496202386817 ], [ 7.17916980767541, 51.185712883054556 ] ] ] }, { "type": "Polygon", "coordinates": [ [ [ 7.182933965424569, 51.602741718843767 ], [ 7.178810447273443, 51.626206503478521 ], [ 7.22549308723352, 51.633628251122055 ], [ 7.228639463301363, 51.624833273035982 ], [ 7.210455764250415, 51.585742288892881 ], [ 7.204713820244891, 51.584027819814501 ], [ 7.182933965424569, 51.602741718843767 ] ] ] }, { "type": "Polygon", "coordinates": [ [ [ 7.23065442160018, 51.623968516584192 ], [ 7.228639463301363, 51.624833273035982 ], [ 7.22549308723352, 51.633628251122055 ], [ 7.227107110860118, 51.660099661734257 ], [ 7.231556652378248, 51.673066802054052 ], [ 7.243732832330524, 51.677922059426365 ], [ 7.282083347220995, 51.649530421759238 ], [ 7.276043436929473, 51.623858728915344 ], [ 7.23065442160018, 51.623968516584192 ] ] ] }, { "type": "Polygon", "coordinates": [ [ [ 7.228639463301363, 51.624833273035982 ], [ 7.23065442160018, 51.623968516584192 ], [ 7.258887017841479, 51.593422996948654 ], [ 7.242997863685591, 51.560077767131844 ], [ 7.238718788009381, 51.562016523457686 ], [ 7.210455764250415, 51.585742288892881 ], [ 7.228639463301363, 51.624833273035982 ] ] ] }, { "type": "Polygon", "coordinates": [ [ [ 7.200316512517324, 51.698829109786104 ], [ 7.20064265127386, 51.715768473561511 ], [ 7.216360977435587, 51.744777533635641 ], [ 7.257535166756176, 51.751550271237889 ], [ 7.268043995995137, 51.705972258867348 ], [ 7.243732832330524, 51.677922059426365 ], [ 7.231556652378248, 51.673066802054052 ], [ 7.200316512517324, 51.698829109786104 ] ] ] }, { "type": "Polygon", "coordinates": [ [ [ 7.189371124323003, 51.412000006888185 ], [ 7.189467502874495, 51.428288036263638 ], [ 7.208367277083691, 51.434674693126624 ], [ 7.218024832530817, 51.422721135825185 ], [ 7.213407174854688, 51.400832713069377 ], [ 7.203972845282211, 51.392123716069754 ], [ 7.200739882719309, 51.393059778531949 ], [ 7.189371124323003, 51.412000006888185 ] ] ] }, { "type": "Polygon", "coordinates": [ [ [ 7.182757051610329, 51.562182121486337 ], [ 7.204713820244891, 51.584027819814501 ], [ 7.210455764250415, 51.585742288892881 ], [ 7.238718788009381, 51.562016523457686 ], [ 7.204763138828748, 51.539633085362652 ], [ 7.182757051610329, 51.562182121486337 ] ] ] }, { "type": "Polygon", "coordinates": [ [ [ 7.183337348872711, 51.209664121151356 ], [ 7.198716585769356, 51.212350494265245 ], [ 7.221344948321895, 51.187797507168341 ], [ 7.209749071819721, 51.182075857494951 ], [ 7.184341420602585, 51.19450725311674 ], [ 7.183337348872711, 51.209664121151356 ] ] ] }, { "type": "Polygon", "coordinates": [ [ [ 7.200820796201605, 51.502844261575916 ], [ 7.196078912610055, 51.518092804042155 ], [ 7.207514813524192, 51.528149217358035 ], [ 7.235914246609783, 51.519139540462433 ], [ 7.23747036117586, 51.500112165600498 ], [ 7.236245713485972, 51.498783886212188 ], [ 7.213333107476456, 51.498546921837395 ], [ 7.200820796201605, 51.502844261575916 ] ] ] }, { "type": "Polygon", "coordinates": [ [ [ 7.200281975104039, 51.331040806192235 ], [ 7.196682132762201, 51.33817977057457 ], [ 7.22098082754596, 51.366250804247109 ], [ 7.221717252650561, 51.366150388961174 ], [ 7.225355418858648, 51.362022742764715 ], [ 7.227214976489456, 51.334541133840197 ], [ 7.215006460247798, 51.324355330660005 ], [ 7.200281975104039, 51.331040806192235 ] ] ] }, { "type": "Polygon", "coordinates": [ [ [ 7.197421362462513, 51.262576148151744 ], [ 7.199919928654996, 51.283433760548547 ], [ 7.202025662725497, 51.283121410026453 ], [ 7.207449110803707, 51.276468001761195 ], [ 7.200586467667491, 51.262487819698286 ], [ 7.197421362462513, 51.262576148151744 ] ] ] }, { "type": "Polygon", "coordinates": [ [ [ 7.182430833541528, 51.288931606550513 ], [ 7.183829190167462, 51.302023344833842 ], [ 7.187057337192867, 51.304359744816018 ], [ 7.216892732601746, 51.303843907136233 ], [ 7.219330746764737, 51.297950997641237 ], [ 7.218944277074669, 51.296576996119491 ], [ 7.202025662725497, 51.283121410026453 ], [ 7.199919928654996, 51.283433760548547 ], [ 7.182430833541528, 51.288931606550513 ] ] ] }, { "type": "Polygon", "coordinates": [ [ [ 7.176993625523502, 51.243762603829353 ], [ 7.185502967975562, 51.260308548519461 ], [ 7.197421362462513, 51.262576148151744 ], [ 7.200586467667491, 51.262487819698286 ], [ 7.21545704115324, 51.254227596521638 ], [ 7.216300528486532, 51.238340961294135 ], [ 7.176993625523502, 51.243762603829353 ] ] ] }, { "type": "Polygon", "coordinates": [ [ [ 7.221155676777405, 51.232279686234008 ], [ 7.216300528486532, 51.238340961294135 ], [ 7.21545704115324, 51.254227596521638 ], [ 7.217355073695604, 51.257917765433753 ], [ 7.230469669480744, 51.266427797413421 ], [ 7.254457370869746, 51.25099636642944 ], [ 7.238167806070915, 51.233217136180102 ], [ 7.224388441933646, 51.231108434755697 ], [ 7.221155676777405, 51.232279686234008 ] ] ] }, { "type": "Polygon", "coordinates": [ [ [ 7.198716585769356, 51.212350494265245 ], [ 7.221155676777405, 51.232279686234008 ], [ 7.224388441933646, 51.231108434755697 ], [ 7.227249815000483, 51.188212060940877 ], [ 7.221344948321895, 51.187797507168341 ], [ 7.198716585769356, 51.212350494265245 ] ] ] }, { "type": "Polygon", "coordinates": [ [ [ 7.200586467667491, 51.262487819698286 ], [ 7.207449110803707, 51.276468001761195 ], [ 7.21135097605479, 51.274713489660201 ], [ 7.213772831144856, 51.270707337581491 ], [ 7.217355073695604, 51.257917765433753 ], [ 7.21545704115324, 51.254227596521638 ], [ 7.200586467667491, 51.262487819698286 ] ] ] }, { "type": "Polygon", "coordinates": [ [ [ 7.19716061900532, 51.471260460908752 ], [ 7.213333107476456, 51.498546921837395 ], [ 7.236245713485972, 51.498783886212188 ], [ 7.228612523608718, 51.472929954047139 ], [ 7.21210159288662, 51.46337821506139 ], [ 7.19716061900532, 51.471260460908752 ] ] ] }, { "type": "Polygon", "coordinates": [ [ [ 7.187057337192867, 51.304359744816018 ], [ 7.200281975104039, 51.331040806192235 ], [ 7.215006460247798, 51.324355330660005 ], [ 7.217366469459278, 51.318129829375614 ], [ 7.218614205952591, 51.311572575963332 ], [ 7.216892732601746, 51.303843907136233 ], [ 7.187057337192867, 51.304359744816018 ] ] ] }, { "type": "Polygon", "coordinates": [ [ [ 7.216892732601746, 51.303843907136233 ], [ 7.218614205952591, 51.311572575963332 ], [ 7.245758440099878, 51.313477434462399 ], [ 7.25591822209589, 51.297355130842917 ], [ 7.251829805313305, 51.295829298002914 ], [ 7.219330746764737, 51.297950997641237 ], [ 7.216892732601746, 51.303843907136233 ] ] ] }, { "type": "Polygon", "coordinates": [ [ [ 7.22098082754596, 51.366250804247109 ], [ 7.220888440861556, 51.366325376340853 ], [ 7.203972845282211, 51.392123716069754 ], [ 7.213407174854688, 51.400832713069377 ], [ 7.220115485878517, 51.400542985614415 ], [ 7.239996970915787, 51.396611034643307 ], [ 7.242219091591211, 51.386619132949541 ], [ 7.221717252650561, 51.366150388961174 ], [ 7.22098082754596, 51.366250804247109 ] ] ] }, { "type": "Polygon", "coordinates": [ [ [ 7.202025662725497, 51.283121410026453 ], [ 7.218944277074669, 51.296576996119491 ], [ 7.223126035224281, 51.283034531981635 ], [ 7.21135097605479, 51.274713489660201 ], [ 7.207449110803707, 51.276468001761195 ], [ 7.202025662725497, 51.283121410026453 ] ] ] }, { "type": "Polygon", "coordinates": [ [ [ 7.208367277083691, 51.434674693126624 ], [ 7.20987665370939, 51.437614769302378 ], [ 7.239906435658168, 51.440579000045801 ], [ 7.232752437371478, 51.418468539678415 ], [ 7.218024832530817, 51.422721135825185 ], [ 7.208367277083691, 51.434674693126624 ] ] ] }, { "type": "Polygon", "coordinates": [ [ [ 7.235914246609783, 51.519139540462433 ], [ 7.207514813524192, 51.528149217358035 ], [ 7.204763138828748, 51.539633085362652 ], [ 7.238718788009381, 51.562016523457686 ], [ 7.242997863685591, 51.560077767131844 ], [ 7.247551662094425, 51.554537292730153 ], [ 7.249348401186956, 51.541886250839013 ], [ 7.235914246609783, 51.519139540462433 ] ] ] }, { "type": "Polygon", "coordinates": [ [ [ 7.21135097605479, 51.274713489660201 ], [ 7.223126035224281, 51.283034531981635 ], [ 7.226839539141923, 51.279660214369933 ], [ 7.227357841916132, 51.275753198226461 ], [ 7.213772831144856, 51.270707337581491 ], [ 7.21135097605479, 51.274713489660201 ] ] ] }, { "type": "Polygon", "coordinates": [ [ [ 7.217355073695604, 51.257917765433753 ], [ 7.213772831144856, 51.270707337581491 ], [ 7.227357841916132, 51.275753198226461 ], [ 7.230515346970392, 51.267560599146435 ], [ 7.230469669480744, 51.266427797413421 ], [ 7.217355073695604, 51.257917765433753 ] ] ] }, { "type": "Polygon", "coordinates": [ [ [ 7.213407174854688, 51.400832713069377 ], [ 7.218024832530817, 51.422721135825185 ], [ 7.232752437371478, 51.418468539678415 ], [ 7.233725756108821, 51.417640887686254 ], [ 7.220115485878517, 51.400542985614415 ], [ 7.213407174854688, 51.400832713069377 ] ] ] }, { "type": "Polygon", "coordinates": [ [ [ 7.21210159288662, 51.46337821506139 ], [ 7.228612523608718, 51.472929954047139 ], [ 7.245066297883722, 51.459053961490717 ], [ 7.243789737262733, 51.444379064369741 ], [ 7.211982140532809, 51.455882093404355 ], [ 7.21210159288662, 51.46337821506139 ] ] ] }, { "type": "Polygon", "coordinates": [ [ [ 7.217366469459278, 51.318129829375614 ], [ 7.215006460247798, 51.324355330660005 ], [ 7.227214976489456, 51.334541133840197 ], [ 7.244131016159119, 51.328449510992399 ], [ 7.244090543682638, 51.322973566670768 ], [ 7.217366469459278, 51.318129829375614 ] ] ] }, { "type": "Polygon", "coordinates": [ [ [ 7.233275883378189, 51.185241621289634 ], [ 7.242031538936934, 51.194952714967542 ], [ 7.273113568446497, 51.202584579528363 ], [ 7.281009535777343, 51.190005773966071 ], [ 7.265622476873377, 51.134549012940887 ], [ 7.233275883378189, 51.185241621289634 ] ] ] }, { "type": "Polygon", "coordinates": [ [ [ 7.242031538936934, 51.194952714967542 ], [ 7.233275883378189, 51.185241621289634 ], [ 7.227249815000483, 51.188212060940877 ], [ 7.224388441933646, 51.231108434755697 ], [ 7.238167806070915, 51.233217136180102 ], [ 7.249963952926812, 51.21827829874946 ], [ 7.242031538936934, 51.194952714967542 ] ] ] }, { "type": "Polygon", "coordinates": [ [ [ 7.218944277074669, 51.296576996119491 ], [ 7.219330746764737, 51.297950997641237 ], [ 7.251829805313305, 51.295829298002914 ], [ 7.242213316704551, 51.285882242902304 ], [ 7.226839539141923, 51.279660214369933 ], [ 7.223126035224281, 51.283034531981635 ], [ 7.218944277074669, 51.296576996119491 ] ] ] }, { "type": "Polygon", "coordinates": [ [ [ 7.20987665370939, 51.437614769302378 ], [ 7.211982140532809, 51.455882093404355 ], [ 7.243789737262733, 51.444379064369741 ], [ 7.24385183167959, 51.443102218497017 ], [ 7.239906435658168, 51.440579000045801 ], [ 7.20987665370939, 51.437614769302378 ] ] ] }, { "type": "Polygon", "coordinates": [ [ [ 7.225355418858648, 51.362022742764715 ], [ 7.221717252650561, 51.366150388961174 ], [ 7.242219091591211, 51.386619132949541 ], [ 7.268905749192233, 51.37999950995323 ], [ 7.272217809260646, 51.374334544737621 ], [ 7.264749177019941, 51.35086169925799 ], [ 7.260914855280054, 51.347052445818704 ], [ 7.225355418858648, 51.362022742764715 ] ] ] }, { "type": "Polygon", "coordinates": [ [ [ 8.557730404081543, 53.845139999311584 ], [ 7.899142668221667, 51.750138577626871 ], [ 7.887780723531255, 51.729401840008094 ], [ 7.867123415596512, 51.718623084063104 ], [ 7.790388762778489, 51.713440253064142 ], [ 7.735475269021303, 51.855078558761384 ], [ 7.590893367121236, 52.609748844484599 ], [ 7.684442641836831, 53.845139999311584 ], [ 8.557730404081543, 53.845139999311584 ] ] ] }, { "type": "Polygon", "coordinates": [ [ [ 7.257535166756176, 51.751550271237889 ], [ 7.484571645515959, 52.193386654441525 ], [ 7.387161565668341, 51.74367853885547 ], [ 7.268164921011956, 51.705956536916347 ], [ 7.268043995995137, 51.705972258867348 ], [ 7.257535166756176, 51.751550271237889 ] ] ] }, { "type": "Polygon", "coordinates": [ [ [ 7.239996970915787, 51.396611034643307 ], [ 7.220115485878517, 51.400542985614415 ], [ 7.233725756108821, 51.417640887686254 ], [ 7.242992900912842, 51.411168927656092 ], [ 7.239996970915787, 51.396611034643307 ] ] ] }, { "type": "Polygon", "coordinates": [ [ [ 7.227214976489456, 51.334541133840197 ], [ 7.225355418858648, 51.362022742764715 ], [ 7.260914855280054, 51.347052445818704 ], [ 7.260908948041073, 51.347014065936392 ], [ 7.244131016159119, 51.328449510992399 ], [ 7.227214976489456, 51.334541133840197 ] ] ] }, { "type": "Polygon", "coordinates": [ [ [ 7.228612523608718, 51.472929954047139 ], [ 7.236245713485972, 51.498783886212188 ], [ 7.23747036117586, 51.500112165600498 ], [ 7.261214287686563, 51.493403307665076 ], [ 7.262025264318961, 51.492421336376701 ], [ 7.257019054317611, 51.462292046190051 ], [ 7.245066297883722, 51.459053961490717 ], [ 7.228612523608718, 51.472929954047139 ] ] ] }, { "type": "Polygon", "coordinates": [ [ [ 7.233725756108821, 51.417640887686254 ], [ 7.232752437371478, 51.418468539678415 ], [ 7.239906435658168, 51.440579000045801 ], [ 7.24385183167959, 51.443102218497017 ], [ 7.261899687697803, 51.429158980562924 ], [ 7.260875515537855, 51.420337235410486 ], [ 7.242992900912842, 51.411168927656092 ], [ 7.233725756108821, 51.417640887686254 ] ] ] }, { "type": "Polygon", "coordinates": [ [ [ 7.218614205952591, 51.311572575963332 ], [ 7.217366469459278, 51.318129829375614 ], [ 7.244090543682638, 51.322973566670768 ], [ 7.245758440099878, 51.313477434462399 ], [ 7.218614205952591, 51.311572575963332 ] ] ] }, { "type": "Polygon", "coordinates": [ [ [ 7.227357841916132, 51.275753198226461 ], [ 7.226839539141923, 51.279660214369933 ], [ 7.242213316704551, 51.285882242902304 ], [ 7.239552826473333, 51.275058884149871 ], [ 7.230515346970392, 51.267560599146435 ], [ 7.227357841916132, 51.275753198226461 ] ] ] }, { "type": "Polygon", "coordinates": [ [ [ 7.23747036117586, 51.500112165600498 ], [ 7.235914246609783, 51.519139540462433 ], [ 7.249348401186956, 51.541886250839013 ], [ 7.266408806244251, 51.533732946204708 ], [ 7.272801346730636, 51.508642976950512 ], [ 7.261214287686563, 51.493403307665076 ], [ 7.23747036117586, 51.500112165600498 ] ] ] }, { "type": "Polygon", "coordinates": [ [ [ 7.242219091591211, 51.386619132949541 ], [ 7.239996970915787, 51.396611034643307 ], [ 7.242992900912842, 51.411168927656092 ], [ 7.260875515537855, 51.420337235410486 ], [ 7.275154586413822, 51.405379638498587 ], [ 7.268905749192233, 51.37999950995323 ], [ 7.242219091591211, 51.386619132949541 ] ] ] }, { "type": "Polygon", "coordinates": [ [ [ 7.244090543682638, 51.322973566670768 ], [ 7.244131016159119, 51.328449510992399 ], [ 7.260908948041073, 51.347014065936392 ], [ 7.276065470015703, 51.315409716706668 ], [ 7.267008595062905, 51.295606374718815 ], [ 7.265867968363448, 51.294581199594859 ], [ 7.25591822209589, 51.297355130842917 ], [ 7.245758440099878, 51.313477434462399 ], [ 7.244090543682638, 51.322973566670768 ] ] ] }, { "type": "Polygon", "coordinates": [ [ [ 7.230515346970392, 51.267560599146435 ], [ 7.239552826473333, 51.275058884149871 ], [ 7.26272450981472, 51.254976757594797 ], [ 7.254457370869746, 51.25099636642944 ], [ 7.230469669480744, 51.266427797413421 ], [ 7.230515346970392, 51.267560599146435 ] ] ] }, { "type": "Polygon", "coordinates": [ [ [ 7.239552826473333, 51.275058884149871 ], [ 7.242213316704551, 51.285882242902304 ], [ 7.251829805313305, 51.295829298002914 ], [ 7.25591822209589, 51.297355130842917 ], [ 7.265867968363448, 51.294581199594859 ], [ 7.272293861744667, 51.258424445407393 ], [ 7.26272450981472, 51.254976757594797 ], [ 7.239552826473333, 51.275058884149871 ] ] ] }, { "type": "Polygon", "coordinates": [ [ [ 7.24385183167959, 51.443102218497017 ], [ 7.243789737262733, 51.444379064369741 ], [ 7.245066297883722, 51.459053961490717 ], [ 7.257019054317611, 51.462292046190051 ], [ 7.279824691733316, 51.452798886925301 ], [ 7.276693033783967, 51.443321302959468 ], [ 7.261899687697803, 51.429158980562924 ], [ 7.24385183167959, 51.443102218497017 ] ] ] }, { "type": "Polygon", "coordinates": [ [ [ 7.238167806070915, 51.233217136180102 ], [ 7.254457370869746, 51.25099636642944 ], [ 7.26272450981472, 51.254976757594797 ], [ 7.272293861744667, 51.258424445407393 ], [ 7.282659133508913, 51.252436341781355 ], [ 7.282720353304537, 51.252316580256988 ], [ 7.277984552833507, 51.225478996635537 ], [ 7.270782042223516, 51.212356624520879 ], [ 7.249963952926812, 51.21827829874946 ], [ 7.238167806070915, 51.233217136180102 ] ] ] }, { "type": "Polygon", "coordinates": [ [ [ 7.247551662094425, 51.554537292730153 ], [ 7.242997863685591, 51.560077767131844 ], [ 7.258887017841479, 51.593422996948654 ], [ 7.294261833883692, 51.597821637367332 ], [ 7.301641945553171, 51.593975205288451 ], [ 7.303535476595426, 51.584122333714241 ], [ 7.294290178810167, 51.571825617486503 ], [ 7.247551662094425, 51.554537292730153 ] ] ] }, { "type": "Polygon", "coordinates": [ [ [ 7.260908948041073, 51.347014065936392 ], [ 7.260914855280054, 51.347052445818704 ], [ 7.264749177019941, 51.35086169925799 ], [ 7.299581129203725, 51.340652049755555 ], [ 7.302186094438473, 51.326431821210043 ], [ 7.276065470015703, 51.315409716706668 ], [ 7.260908948041073, 51.347014065936392 ] ] ] }, { "type": "Polygon", "coordinates": [ [ [ 7.242031538936934, 51.194952714967542 ], [ 7.249963952926812, 51.21827829874946 ], [ 7.270782042223516, 51.212356624520879 ], [ 7.273113568446497, 51.202584579528363 ], [ 7.242031538936934, 51.194952714967542 ] ] ] }, { "type": "Polygon", "coordinates": [ [ [ 7.264749177019941, 51.35086169925799 ], [ 7.272217809260646, 51.374334544737621 ], [ 7.296919904376195, 51.373435180061996 ], [ 7.306776337486427, 51.35585919240345 ], [ 7.299581129203725, 51.340652049755555 ], [ 7.264749177019941, 51.35086169925799 ] ] ] }, { "type": "Polygon", "coordinates": [ [ [ 7.275154586413822, 51.405379638498587 ], [ 7.260875515537855, 51.420337235410486 ], [ 7.261899687697803, 51.429158980562924 ], [ 7.276693033783967, 51.443321302959468 ], [ 7.291484080442131, 51.426456632265335 ], [ 7.27732653773392, 51.405929094498873 ], [ 7.275154586413822, 51.405379638498587 ] ] ] }, { "type": "Polygon", "coordinates": [ [ [ 7.279824691733316, 51.452798886925301 ], [ 7.257019054317611, 51.462292046190051 ], [ 7.262025264318961, 51.492421336376701 ], [ 7.287475215919889, 51.479035955893039 ], [ 7.292878511330248, 51.463309322176407 ], [ 7.279824691733316, 51.452798886925301 ] ] ] }, { "type": "Polygon", "coordinates": [ [ [ 7.272293861744667, 51.258424445407393 ], [ 7.265867968363448, 51.294581199594859 ], [ 7.267008595062905, 51.295606374718815 ], [ 7.306722446516581, 51.294444947681306 ], [ 7.28635791396174, 51.255381500639686 ], [ 7.282659133508913, 51.252436341781355 ], [ 7.272293861744667, 51.258424445407393 ] ] ] }, { "type": "Polygon", "coordinates": [ [ [ 7.273113568446497, 51.202584579528363 ], [ 7.270782042223516, 51.212356624520879 ], [ 7.277984552833507, 51.225478996635537 ], [ 7.314752556586873, 51.203925006528564 ], [ 7.281009535777343, 51.190005773966071 ], [ 7.273113568446497, 51.202584579528363 ] ] ] }, { "type": "Polygon", "coordinates": [ [ [ 7.249348401186956, 51.541886250839013 ], [ 7.247551662094425, 51.554537292730153 ], [ 7.294290178810167, 51.571825617486503 ], [ 7.292925155422076, 51.534482460432756 ], [ 7.266408806244251, 51.533732946204708 ], [ 7.249348401186956, 51.541886250839013 ] ] ] }, { "type": "Polygon", "coordinates": [ [ [ 7.258887017841479, 51.593422996948654 ], [ 7.23065442160018, 51.623968516584192 ], [ 7.276043436929473, 51.623858728915344 ], [ 7.294261833883692, 51.597821637367332 ], [ 7.258887017841479, 51.593422996948654 ] ] ] }, { "type": "Polygon", "coordinates": [ [ [ 7.294261833883692, 51.597821637367332 ], [ 7.276043436929473, 51.623858728915344 ], [ 7.282083347220995, 51.649530421759238 ], [ 7.308953558266444, 51.654126908585923 ], [ 7.310806615950899, 51.653368012591535 ], [ 7.32634889168503, 51.623385464300334 ], [ 7.301641945553171, 51.593975205288451 ], [ 7.294261833883692, 51.597821637367332 ] ] ] }, { "type": "Polygon", "coordinates": [ [ [ 7.243732832330524, 51.677922059426365 ], [ 7.268043995995137, 51.705972258867348 ], [ 7.268164921011956, 51.705956536916347 ], [ 7.297878244999334, 51.684008323660144 ], [ 7.308953558266444, 51.654126908585923 ], [ 7.282083347220995, 51.649530421759238 ], [ 7.243732832330524, 51.677922059426365 ] ] ] }, { "type": "Polygon", "coordinates": [ [ [ 7.262025264318961, 51.492421336376701 ], [ 7.261214287686563, 51.493403307665076 ], [ 7.272801346730636, 51.508642976950512 ], [ 7.306913938956613, 51.514175701189636 ], [ 7.287475215919889, 51.479035955893039 ], [ 7.262025264318961, 51.492421336376701 ] ] ] }, { "type": "Polygon", "coordinates": [ [ [ 7.276693033783967, 51.443321302959468 ], [ 7.279824691733316, 51.452798886925301 ], [ 7.292878511330248, 51.463309322176407 ], [ 7.301020082507023, 51.461179279167155 ], [ 7.317193102585552, 51.431015475651293 ], [ 7.31487318590691, 51.423415932091416 ], [ 7.291484080442131, 51.426456632265335 ], [ 7.276693033783967, 51.443321302959468 ] ] ] }, { "type": "Polygon", "coordinates": [ [ [ 7.294290178810167, 51.571825617486503 ], [ 7.303535476595426, 51.584122333714241 ], [ 7.326973492049293, 51.56825112485037 ], [ 7.332410937388918, 51.537960852337285 ], [ 7.321960465964453, 51.524097406309409 ], [ 7.309045681511175, 51.517246387024777 ], [ 7.292925155422076, 51.534482460432756 ], [ 7.294290178810167, 51.571825617486503 ] ] ] }, { "type": "Polygon", "coordinates": [ [ [ 7.272801346730636, 51.508642976950512 ], [ 7.266408806244251, 51.533732946204708 ], [ 7.292925155422076, 51.534482460432756 ], [ 7.309045681511175, 51.517246387024777 ], [ 7.308418589759032, 51.515480442682566 ], [ 7.306913938956613, 51.514175701189636 ], [ 7.272801346730636, 51.508642976950512 ] ] ] }, { "type": "Polygon", "coordinates": [ [ [ 7.306913938956613, 51.514175701189636 ], [ 7.308418589759032, 51.515480442682566 ], [ 7.323289086668479, 51.488951890701564 ], [ 7.30462769798158, 51.462965907811636 ], [ 7.301020082507023, 51.461179279167155 ], [ 7.292878511330248, 51.463309322176407 ], [ 7.287475215919889, 51.479035955893039 ], [ 7.306913938956613, 51.514175701189636 ] ] ] }, { "type": "Polygon", "coordinates": [ [ [ 7.268905749192233, 51.37999950995323 ], [ 7.275154586413822, 51.405379638498587 ], [ 7.27732653773392, 51.405929094498873 ], [ 7.316824220372999, 51.40038527181202 ], [ 7.296919904376195, 51.373435180061996 ], [ 7.272217809260646, 51.374334544737621 ], [ 7.268905749192233, 51.37999950995323 ] ] ] }, { "type": "Polygon", "coordinates": [ [ [ 7.297878244999334, 51.684008323660144 ], [ 7.268164921011956, 51.705956536916347 ], [ 7.387161565668341, 51.74367853885547 ], [ 7.387137235200005, 51.722097438240574 ], [ 7.38611554344126, 51.721365392962497 ], [ 7.297878244999334, 51.684008323660144 ] ] ] }, { "type": "Polygon", "coordinates": [ [ [ 7.27732653773392, 51.405929094498873 ], [ 7.291484080442131, 51.426456632265335 ], [ 7.31487318590691, 51.423415932091416 ], [ 7.318191233379804, 51.402266864851839 ], [ 7.317802739575967, 51.400918548235744 ], [ 7.316824220372999, 51.40038527181202 ], [ 7.27732653773392, 51.405929094498873 ] ] ] }, { "type": "Polygon", "coordinates": [ [ [ 7.267008595062905, 51.295606374718815 ], [ 7.276065470015703, 51.315409716706668 ], [ 7.302186094438473, 51.326431821210043 ], [ 7.315797908536307, 51.31679565770596 ], [ 7.316182984678515, 51.315616905390883 ], [ 7.312039267545308, 51.296572399716766 ], [ 7.306722446516581, 51.294444947681306 ], [ 7.267008595062905, 51.295606374718815 ] ] ] }, { "type": "Polygon", "coordinates": [ [ [ 7.302186094438473, 51.326431821210043 ], [ 7.299581129203725, 51.340652049755555 ], [ 7.306776337486427, 51.35585919240345 ], [ 7.318420940781108, 51.356423317181552 ], [ 7.332531837585691, 51.334960777780047 ], [ 7.315797908536307, 51.31679565770596 ], [ 7.302186094438473, 51.326431821210043 ] ] ] }, { "type": "Polygon", "coordinates": [ [ [ 7.282659133508913, 51.252436341781355 ], [ 7.28635791396174, 51.255381500639686 ], [ 7.328825039830894, 51.274678613301418 ], [ 7.347908888715348, 51.266715131122695 ], [ 7.357901623603929, 51.209671515006789 ], [ 7.351201655534457, 51.210771850283031 ], [ 7.282720353304537, 51.252316580256988 ], [ 7.282659133508913, 51.252436341781355 ] ] ] }, { "type": "Polygon", "coordinates": [ [ [ 7.277984552833507, 51.225478996635537 ], [ 7.282720353304537, 51.252316580256988 ], [ 7.351201655534457, 51.210771850283031 ], [ 7.314752556586873, 51.203925006528564 ], [ 7.277984552833507, 51.225478996635537 ] ] ] }, { "type": "Polygon", "coordinates": [ [ [ 7.306776337486427, 51.35585919240345 ], [ 7.296919904376195, 51.373435180061996 ], [ 7.316824220372999, 51.40038527181202 ], [ 7.317802739575967, 51.400918548235744 ], [ 7.342967735184153, 51.374446622346007 ], [ 7.318420940781108, 51.356423317181552 ], [ 7.306776337486427, 51.35585919240345 ] ] ] }, { "type": "Polygon", "coordinates": [ [ [ 7.306722446516581, 51.294444947681306 ], [ 7.312039267545308, 51.296572399716766 ], [ 7.328825039830894, 51.274678613301418 ], [ 7.28635791396174, 51.255381500639686 ], [ 7.306722446516581, 51.294444947681306 ] ] ] }, { "type": "Polygon", "coordinates": [ [ [ 7.31487318590691, 51.423415932091416 ], [ 7.317193102585552, 51.431015475651293 ], [ 7.350367129695106, 51.446256047452692 ], [ 7.351045666569775, 51.445847709582921 ], [ 7.35174746871927, 51.444823264191086 ], [ 7.354538834661343, 51.428565377954776 ], [ 7.341434412825025, 51.41127869338213 ], [ 7.318191233379804, 51.402266864851839 ], [ 7.31487318590691, 51.423415932091416 ] ] ] }, { "type": "Polygon", "coordinates": [ [ [ 7.484571645515959, 52.193386654441525 ], [ 7.570223522388488, 52.473329022876307 ], [ 7.574929379241992, 52.140495243539405 ], [ 7.527685700359281, 51.726720877659616 ], [ 7.514152230804365, 51.702444013899175 ], [ 7.44615815512688, 51.680962666884795 ], [ 7.435844339241603, 51.680684513066687 ], [ 7.390638687576385, 51.711803344835346 ], [ 7.387137235200005, 51.722097438240574 ], [ 7.387161565668341, 51.74367853885547 ], [ 7.484571645515959, 52.193386654441525 ] ] ] }, { "type": "Polygon", "coordinates": [ [ [ 7.390638687576385, 51.711803344835346 ], [ 7.387281813080879, 51.676253618670565 ], [ 7.367877739168188, 51.637128536976569 ], [ 7.340005919392067, 51.62357254688812 ], [ 7.32634889168503, 51.623385464300334 ], [ 7.310806615950899, 51.653368012591535 ], [ 7.38611554344126, 51.721365392962497 ], [ 7.387137235200005, 51.722097438240574 ], [ 7.390638687576385, 51.711803344835346 ] ] ] }, { "type": "Polygon", "coordinates": [ [ [ 7.387281813080879, 51.676253618670565 ], [ 7.390638687576385, 51.711803344835346 ], [ 7.435844339241603, 51.680684513066687 ], [ 7.459079580120335, 51.637172957155514 ], [ 7.4590521218695, 51.637076657269134 ], [ 7.438070440086181, 51.608775932733025 ], [ 7.433913825156267, 51.60671080961334 ], [ 7.387281813080879, 51.676253618670565 ] ] ] }, { "type": "Polygon", "coordinates": [ [ [ 7.536707649244375, 50.837941542699944 ], [ 7.373523340060331, 51.195445645250786 ], [ 7.412384256389776, 51.262099153416642 ], [ 7.413432366804685, 51.262438437439272 ], [ 7.445979392306469, 51.256061602836112 ], [ 7.454921163888759, 51.240088207311452 ], [ 7.536707649244375, 50.837941542699944 ] ] ] }, { "type": "Polygon", "coordinates": [ [ [ 7.412384256389776, 51.262099153416642 ], [ 7.373523340060331, 51.195445645250786 ], [ 7.357901623603929, 51.209671515006789 ], [ 7.347908888715348, 51.266715131122695 ], [ 7.362049568940733, 51.289879399667932 ], [ 7.392965073026794, 51.28689224720668 ], [ 7.412384256389776, 51.262099153416642 ] ] ] }, { "type": "Polygon", "coordinates": [ [ [ 7.317193102585552, 51.431015475651293 ], [ 7.301020082507023, 51.461179279167155 ], [ 7.30462769798158, 51.462965907811636 ], [ 7.343885990592543, 51.462838682532386 ], [ 7.350367129695106, 51.446256047452692 ], [ 7.317193102585552, 51.431015475651293 ] ] ] }, { "type": "Polygon", "coordinates": [ [ [ 7.308953558266444, 51.654126908585923 ], [ 7.297878244999334, 51.684008323660144 ], [ 7.38611554344126, 51.721365392962497 ], [ 7.310806615950899, 51.653368012591535 ], [ 7.308953558266444, 51.654126908585923 ] ] ] }, { "type": "Polygon", "coordinates": [ [ [ 7.303535476595426, 51.584122333714241 ], [ 7.301641945553171, 51.593975205288451 ], [ 7.32634889168503, 51.623385464300334 ], [ 7.340005919392067, 51.62357254688812 ], [ 7.359068039662978, 51.581208318931253 ], [ 7.357066929867154, 51.577637411745393 ], [ 7.326973492049293, 51.56825112485037 ], [ 7.303535476595426, 51.584122333714241 ] ] ] }, { "type": "Polygon", "coordinates": [ [ [ 7.308418589759032, 51.515480442682566 ], [ 7.309045681511175, 51.517246387024777 ], [ 7.321960465964453, 51.524097406309409 ], [ 7.352377306022261, 51.499842671604632 ], [ 7.345483191503466, 51.481464012597712 ], [ 7.323289086668479, 51.488951890701564 ], [ 7.308418589759032, 51.515480442682566 ] ] ] }, { "type": "Polygon", "coordinates": [ [ [ 7.347908888715348, 51.266715131122695 ], [ 7.328825039830894, 51.274678613301418 ], [ 7.312039267545308, 51.296572399716766 ], [ 7.316182984678515, 51.315616905390883 ], [ 7.359641181902689, 51.30255176556215 ], [ 7.362049568940733, 51.289879399667932 ], [ 7.347908888715348, 51.266715131122695 ] ] ] }, { "type": "Polygon", "coordinates": [ [ [ 7.30462769798158, 51.462965907811636 ], [ 7.323289086668479, 51.488951890701564 ], [ 7.345483191503466, 51.481464012597712 ], [ 7.346281951363589, 51.479123092624185 ], [ 7.343885990592543, 51.462838682532386 ], [ 7.30462769798158, 51.462965907811636 ] ] ] }, { "type": "Polygon", "coordinates": [ [ [ 7.332531837585691, 51.334960777780047 ], [ 7.318420940781108, 51.356423317181552 ], [ 7.342967735184153, 51.374446622346007 ], [ 7.345488802327032, 51.373711248050604 ], [ 7.349701540887252, 51.367246704595914 ], [ 7.347741073404604, 51.33879319081484 ], [ 7.332531837585691, 51.334960777780047 ] ] ] }, { "type": "Polygon", "coordinates": [ [ [ 7.316182984678515, 51.315616905390883 ], [ 7.315797908536307, 51.31679565770596 ], [ 7.332531837585691, 51.334960777780047 ], [ 7.347741073404604, 51.33879319081484 ], [ 7.356226032347878, 51.331016101782303 ], [ 7.363497060253687, 51.316008348171003 ], [ 7.359641181902689, 51.30255176556215 ], [ 7.316182984678515, 51.315616905390883 ] ] ] }, { "type": "Polygon", "coordinates": [ [ [ 7.351045666569775, 51.445847709582921 ], [ 7.350367129695106, 51.446256047452692 ], [ 7.343885990592543, 51.462838682532386 ], [ 7.346281951363589, 51.479123092624185 ], [ 7.373182976983907, 51.477324321846396 ], [ 7.384032034619762, 51.467125730197466 ], [ 7.351045666569775, 51.445847709582921 ] ] ] }, { "type": "Polygon", "coordinates": [ [ [ 7.342967735184153, 51.374446622346007 ], [ 7.317802739575967, 51.400918548235744 ], [ 7.318191233379804, 51.402266864851839 ], [ 7.341434412825025, 51.41127869338213 ], [ 7.364074069923, 51.397633433739216 ], [ 7.358366639906085, 51.387025984230867 ], [ 7.345488802327032, 51.373711248050604 ], [ 7.342967735184153, 51.374446622346007 ] ] ] }, { "type": "Polygon", "coordinates": [ [ [ 7.363497060253687, 51.316008348171003 ], [ 7.356226032347878, 51.331016101782303 ], [ 7.38103038185148, 51.354014310530331 ], [ 7.386238434169496, 51.352333537226642 ], [ 7.388551779358912, 51.326424072318574 ], [ 7.363497060253687, 51.316008348171003 ] ] ] }, { "type": "Polygon", "coordinates": [ [ [ 7.321960465964453, 51.524097406309409 ], [ 7.332410937388918, 51.537960852337285 ], [ 7.353828511869479, 51.536099453608109 ], [ 7.36347122631869, 51.506644080811867 ], [ 7.352377306022261, 51.499842671604632 ], [ 7.321960465964453, 51.524097406309409 ] ] ] }, { "type": "Polygon", "coordinates": [ [ [ 7.367877739168188, 51.637128536976569 ], [ 7.387281813080879, 51.676253618670565 ], [ 7.433913825156267, 51.60671080961334 ], [ 7.431545020183965, 51.603220456922578 ], [ 7.411123239561478, 51.589281836425847 ], [ 7.391107860644765, 51.596718040816988 ], [ 7.367877739168188, 51.637128536976569 ] ] ] }, { "type": "Polygon", "coordinates": [ [ [ 7.332410937388918, 51.537960852337285 ], [ 7.326973492049293, 51.56825112485037 ], [ 7.357066929867154, 51.577637411745393 ], [ 7.3639496646234, 51.565250262502616 ], [ 7.359127906305857, 51.539242747467178 ], [ 7.353828511869479, 51.536099453608109 ], [ 7.332410937388918, 51.537960852337285 ] ] ] }, { "type": "Polygon", "coordinates": [ [ [ 7.362049568940733, 51.289879399667932 ], [ 7.359641181902689, 51.30255176556215 ], [ 7.363497060253687, 51.316008348171003 ], [ 7.388551779358912, 51.326424072318574 ], [ 7.409734219532419, 51.316947717333392 ], [ 7.392965073026794, 51.28689224720668 ], [ 7.362049568940733, 51.289879399667932 ] ] ] }, { "type": "Polygon", "coordinates": [ [ [ 7.349701540887252, 51.367246704595914 ], [ 7.345488802327032, 51.373711248050604 ], [ 7.358366639906085, 51.387025984230867 ], [ 7.380076017029339, 51.377980409315157 ], [ 7.373337274094754, 51.36080136344814 ], [ 7.349701540887252, 51.367246704595914 ] ] ] }, { "type": "Polygon", "coordinates": [ [ [ 7.347741073404604, 51.33879319081484 ], [ 7.349701540887252, 51.367246704595914 ], [ 7.373337274094754, 51.36080136344814 ], [ 7.38103038185148, 51.354014310530331 ], [ 7.356226032347878, 51.331016101782303 ], [ 7.347741073404604, 51.33879319081484 ] ] ] }, { "type": "Polygon", "coordinates": [ [ [ 7.346281951363589, 51.479123092624185 ], [ 7.345483191503466, 51.481464012597712 ], [ 7.352377306022261, 51.499842671604632 ], [ 7.36347122631869, 51.506644080811867 ], [ 7.366116956724371, 51.50643990176907 ], [ 7.375711013922595, 51.498731083111856 ], [ 7.373182976983907, 51.477324321846396 ], [ 7.346281951363589, 51.479123092624185 ] ] ] }, { "type": "Polygon", "coordinates": [ [ [ 7.341434412825025, 51.41127869338213 ], [ 7.354538834661343, 51.428565377954776 ], [ 7.37544215556378, 51.407076763912315 ], [ 7.364074069923, 51.397633433739216 ], [ 7.341434412825025, 51.41127869338213 ] ] ] }, { "type": "Polygon", "coordinates": [ [ [ 7.359068039662978, 51.581208318931253 ], [ 7.340005919392067, 51.62357254688812 ], [ 7.367877739168188, 51.637128536976569 ], [ 7.391107860644765, 51.596718040816988 ], [ 7.359068039662978, 51.581208318931253 ] ] ] }, { "type": "Polygon", "coordinates": [ [ [ 7.354538834661343, 51.428565377954776 ], [ 7.35174746871927, 51.444823264191086 ], [ 7.390882954847022, 51.435143375102172 ], [ 7.394804110090885, 51.429919163443941 ], [ 7.395257403291041, 51.412471159479054 ], [ 7.386022467914072, 51.408037079012928 ], [ 7.37544215556378, 51.407076763912315 ], [ 7.354538834661343, 51.428565377954776 ] ] ] }, { "type": "Polygon", "coordinates": [ [ [ 7.357066929867154, 51.577637411745393 ], [ 7.359068039662978, 51.581208318931253 ], [ 7.391107860644765, 51.596718040816988 ], [ 7.411123239561478, 51.589281836425847 ], [ 7.408733325607628, 51.561788672276784 ], [ 7.398560670849282, 51.552523266158722 ], [ 7.3639496646234, 51.565250262502616 ], [ 7.357066929867154, 51.577637411745393 ] ] ] }, { "type": "Polygon", "coordinates": [ [ [ 7.38103038185148, 51.354014310530331 ], [ 7.373337274094754, 51.36080136344814 ], [ 7.380076017029339, 51.377980409315157 ], [ 7.384307025267616, 51.38075999361191 ], [ 7.401773507516932, 51.368815797990358 ], [ 7.388059501936318, 51.353283838852754 ], [ 7.386238434169496, 51.352333537226642 ], [ 7.38103038185148, 51.354014310530331 ] ] ] }, { "type": "Polygon", "coordinates": [ [ [ 7.35174746871927, 51.444823264191086 ], [ 7.351045666569775, 51.445847709582921 ], [ 7.384032034619762, 51.467125730197466 ], [ 7.388164394948546, 51.466518030107054 ], [ 7.390882954847022, 51.435143375102172 ], [ 7.35174746871927, 51.444823264191086 ] ] ] }, { "type": "Polygon", "coordinates": [ [ [ 7.36347122631869, 51.506644080811867 ], [ 7.353828511869479, 51.536099453608109 ], [ 7.359127906305857, 51.539242747467178 ], [ 7.390888915619874, 51.535847067123768 ], [ 7.391399873799999, 51.532448149279595 ], [ 7.366116956724371, 51.50643990176907 ], [ 7.36347122631869, 51.506644080811867 ] ] ] }, { "type": "Polygon", "coordinates": [ [ [ 7.373182976983907, 51.477324321846396 ], [ 7.375711013922595, 51.498731083111856 ], [ 7.397791264735408, 51.496756203759738 ], [ 7.398262300844293, 51.49578118792607 ], [ 7.388797471725463, 51.466889207944803 ], [ 7.388164394948546, 51.466518030107054 ], [ 7.384032034619762, 51.467125730197466 ], [ 7.373182976983907, 51.477324321846396 ] ] ] }, { "type": "Polygon", "coordinates": [ [ [ 7.359127906305857, 51.539242747467178 ], [ 7.3639496646234, 51.565250262502616 ], [ 7.398560670849282, 51.552523266158722 ], [ 7.390888915619874, 51.535847067123768 ], [ 7.359127906305857, 51.539242747467178 ] ] ] }, { "type": "Polygon", "coordinates": [ [ [ 7.380076017029339, 51.377980409315157 ], [ 7.358366639906085, 51.387025984230867 ], [ 7.364074069923, 51.397633433739216 ], [ 7.37544215556378, 51.407076763912315 ], [ 7.386022467914072, 51.408037079012928 ], [ 7.384307025267616, 51.38075999361191 ], [ 7.380076017029339, 51.377980409315157 ] ] ] }, { "type": "Polygon", "coordinates": [ [ [ 7.375711013922595, 51.498731083111856 ], [ 7.366116956724371, 51.50643990176907 ], [ 7.391399873799999, 51.532448149279595 ], [ 7.402687256732144, 51.516452434970738 ], [ 7.397791264735408, 51.496756203759738 ], [ 7.375711013922595, 51.498731083111856 ] ] ] }, { "type": "Polygon", "coordinates": [ [ [ 7.384307025267616, 51.38075999361191 ], [ 7.386022467914072, 51.408037079012928 ], [ 7.395257403291041, 51.412471159479054 ], [ 7.406257179638237, 51.406634883171222 ], [ 7.413911274892143, 51.389065255756762 ], [ 7.413907794715594, 51.374761103601834 ], [ 7.41330341139428, 51.373518161411646 ], [ 7.401773507516932, 51.368815797990358 ], [ 7.384307025267616, 51.38075999361191 ] ] ] }, { "type": "Polygon", "coordinates": [ [ [ 7.402687256732144, 51.516452434970738 ], [ 7.391399873799999, 51.532448149279595 ], [ 7.390888915619874, 51.535847067123768 ], [ 7.398560670849282, 51.552523266158722 ], [ 7.408733325607628, 51.561788672276784 ], [ 7.429916671065651, 51.546427613368323 ], [ 7.439009481997696, 51.531271498439615 ], [ 7.434323473278446, 51.517682072591896 ], [ 7.402687256732144, 51.516452434970738 ] ] ] }, { "type": "Polygon", "coordinates": [ [ [ 7.394804110090885, 51.429919163443941 ], [ 7.390882954847022, 51.435143375102172 ], [ 7.388164394948546, 51.466518030107054 ], [ 7.388797471725463, 51.466889207944803 ], [ 7.420098470057258, 51.463131203631505 ], [ 7.422288008192491, 51.449778496530307 ], [ 7.394804110090885, 51.429919163443941 ] ] ] }, { "type": "Polygon", "coordinates": [ [ [ 7.563103717206113, 50.770429343286956 ], [ 7.536707649244375, 50.837941542699944 ], [ 7.454921163888759, 51.240088207311452 ], [ 7.494672107127424, 51.270404926874562 ], [ 8.640878048829533, 50.021896453413639 ], [ 9.137264192667594, 49.352631208947777 ], [ 8.450888193619441, 49.880527786658867 ], [ 7.563103717206113, 50.770429343286956 ] ] ] }, { "type": "Polygon", "coordinates": [ [ [ 7.388797471725463, 51.466889207944803 ], [ 7.398262300844293, 51.49578118792607 ], [ 7.421031732281206, 51.485772542066947 ], [ 7.421551390076481, 51.480995517875904 ], [ 7.420412437331978, 51.463676890238716 ], [ 7.420098470057258, 51.463131203631505 ], [ 7.388797471725463, 51.466889207944803 ] ] ] }, { "type": "Polygon", "coordinates": [ [ [ 7.392965073026794, 51.28689224720668 ], [ 7.409734219532419, 51.316947717333392 ], [ 7.420558663095185, 51.320000707571495 ], [ 7.435931239627189, 51.316995438010622 ], [ 7.437907884567352, 51.303471890627428 ], [ 7.413432366804685, 51.262438437439272 ], [ 7.412384256389776, 51.262099153416642 ], [ 7.392965073026794, 51.28689224720668 ] ] ] }, { "type": "Polygon", "coordinates": [ [ [ 7.388551779358912, 51.326424072318574 ], [ 7.386238434169496, 51.352333537226642 ], [ 7.388059501936318, 51.353283838852754 ], [ 7.413822069050959, 51.341593262555179 ], [ 7.420558663095185, 51.320000707571495 ], [ 7.409734219532419, 51.316947717333392 ], [ 7.388551779358912, 51.326424072318574 ] ] ] }, { "type": "Polygon", "coordinates": [ [ [ 7.395257403291041, 51.412471159479054 ], [ 7.394804110090885, 51.429919163443941 ], [ 7.422288008192491, 51.449778496530307 ], [ 7.435571304205929, 51.438990562452467 ], [ 7.428833905487404, 51.42732275460633 ], [ 7.41460569789102, 51.410542159239476 ], [ 7.406257179638237, 51.406634883171222 ], [ 7.395257403291041, 51.412471159479054 ] ] ] }, { "type": "Polygon", "coordinates": [ [ [ 7.411123239561478, 51.589281836425847 ], [ 7.431545020183965, 51.603220456922578 ], [ 7.454718354366368, 51.567689009947443 ], [ 7.429916671065651, 51.546427613368323 ], [ 7.408733325607628, 51.561788672276784 ], [ 7.411123239561478, 51.589281836425847 ] ] ] }, { "type": "Polygon", "coordinates": [ [ [ 7.388059501936318, 51.353283838852754 ], [ 7.401773507516932, 51.368815797990358 ], [ 7.41330341139428, 51.373518161411646 ], [ 7.418410819521912, 51.361826453035015 ], [ 7.413822069050959, 51.341593262555179 ], [ 7.388059501936318, 51.353283838852754 ] ] ] }, { "type": "Polygon", "coordinates": [ [ [ 7.398262300844293, 51.49578118792607 ], [ 7.397791264735408, 51.496756203759738 ], [ 7.402687256732144, 51.516452434970738 ], [ 7.434323473278446, 51.517682072591896 ], [ 7.438688013361208, 51.504780334350592 ], [ 7.421031732281206, 51.485772542066947 ], [ 7.398262300844293, 51.49578118792607 ] ] ] }, { "type": "Polygon", "coordinates": [ [ [ 7.420098470057258, 51.463131203631505 ], [ 7.420412437331978, 51.463676890238716 ], [ 7.443630146369252, 51.468082890973214 ], [ 7.447549023268516, 51.466180647009921 ], [ 7.451014333789546, 51.437420421544999 ], [ 7.435571304205929, 51.438990562452467 ], [ 7.422288008192491, 51.449778496530307 ], [ 7.420098470057258, 51.463131203631505 ] ] ] }, { "type": "Polygon", "coordinates": [ [ [ 7.413432366804685, 51.262438437439272 ], [ 7.437907884567352, 51.303471890627428 ], [ 7.460421159584139, 51.278737848327324 ], [ 7.445979392306469, 51.256061602836112 ], [ 7.413432366804685, 51.262438437439272 ] ] ] }, { "type": "Polygon", "coordinates": [ [ [ 7.420558663095185, 51.320000707571495 ], [ 7.413822069050959, 51.341593262555179 ], [ 7.418410819521912, 51.361826453035015 ], [ 7.450541853909209, 51.345051292541847 ], [ 7.454091126889627, 51.331436872170187 ], [ 7.435931239627189, 51.316995438010622 ], [ 7.420558663095185, 51.320000707571495 ] ] ] }, { "type": "Polygon", "coordinates": [ [ [ 7.406257179638237, 51.406634883171222 ], [ 7.41460569789102, 51.410542159239476 ], [ 7.441952425884662, 51.407849046641545 ], [ 7.45213092490895, 51.405149295339122 ], [ 7.451458312477626, 51.40037066212259 ], [ 7.445682007671688, 51.394230610134933 ], [ 7.413911274892143, 51.389065255756762 ], [ 7.406257179638237, 51.406634883171222 ] ] ] }, { "type": "Polygon", "coordinates": [ [ [ 7.420412437331978, 51.463676890238716 ], [ 7.421551390076481, 51.480995517875904 ], [ 7.4433646700299, 51.478395004201005 ], [ 7.443630146369252, 51.468082890973214 ], [ 7.420412437331978, 51.463676890238716 ] ] ] }, { "type": "Polygon", "coordinates": [ [ [ 7.41330341139428, 51.373518161411646 ], [ 7.413907794715594, 51.374761103601834 ], [ 7.442198384864141, 51.373708498285318 ], [ 7.452463586860676, 51.361819528072672 ], [ 7.450541853909209, 51.345051292541847 ], [ 7.418410819521912, 51.361826453035015 ], [ 7.41330341139428, 51.373518161411646 ] ] ] }, { "type": "Polygon", "coordinates": [ [ [ 7.41460569789102, 51.410542159239476 ], [ 7.428833905487404, 51.42732275460633 ], [ 7.441952425884662, 51.407849046641545 ], [ 7.41460569789102, 51.410542159239476 ] ] ] }, { "type": "Polygon", "coordinates": [ [ [ 7.428833905487404, 51.42732275460633 ], [ 7.435571304205929, 51.438990562452467 ], [ 7.451014333789546, 51.437420421544999 ], [ 7.461764012051763, 51.432280533546987 ], [ 7.462995783913768, 51.42033760326683 ], [ 7.45213092490895, 51.405149295339122 ], [ 7.441952425884662, 51.407849046641545 ], [ 7.428833905487404, 51.42732275460633 ] ] ] }, { "type": "Polygon", "coordinates": [ [ [ 7.413907794715594, 51.374761103601834 ], [ 7.413911274892143, 51.389065255756762 ], [ 7.445682007671688, 51.394230610134933 ], [ 7.442198384864141, 51.373708498285318 ], [ 7.413907794715594, 51.374761103601834 ] ] ] }, { "type": "Polygon", "coordinates": [ [ [ 7.421551390076481, 51.480995517875904 ], [ 7.421031732281206, 51.485772542066947 ], [ 7.438688013361208, 51.504780334350592 ], [ 7.451783835778148, 51.497076021791123 ], [ 7.4433646700299, 51.478395004201005 ], [ 7.421551390076481, 51.480995517875904 ] ] ] }, { "type": "Polygon", "coordinates": [ [ [ 7.442198384864141, 51.373708498285318 ], [ 7.445682007671688, 51.394230610134933 ], [ 7.451458312477626, 51.40037066212259 ], [ 7.466843399635663, 51.381545298291698 ], [ 7.460109312135655, 51.368586729945768 ], [ 7.452463586860676, 51.361819528072672 ], [ 7.442198384864141, 51.373708498285318 ] ] ] }, { "type": "Polygon", "coordinates": [ [ [ 7.437907884567352, 51.303471890627428 ], [ 7.435931239627189, 51.316995438010622 ], [ 7.454091126889627, 51.331436872170187 ], [ 7.468438927817003, 51.329623767036075 ], [ 7.495622523578774, 51.311493491258105 ], [ 7.48847167196286, 51.28191154753069 ], [ 7.460421159584139, 51.278737848327324 ], [ 7.437907884567352, 51.303471890627428 ] ] ] }, { "type": "Polygon", "coordinates": [ [ [ 7.454091126889627, 51.331436872170187 ], [ 7.450541853909209, 51.345051292541847 ], [ 7.452463586860676, 51.361819528072672 ], [ 7.460109312135655, 51.368586729945768 ], [ 7.487445301639835, 51.36027320698571 ], [ 7.468438927817003, 51.329623767036075 ], [ 7.454091126889627, 51.331436872170187 ] ] ] }, { "type": "Polygon", "coordinates": [ [ [ 7.434323473278446, 51.517682072591896 ], [ 7.439009481997696, 51.531271498439615 ], [ 7.466576017239943, 51.537502342488885 ], [ 7.475713168563327, 51.531869220645284 ], [ 7.472661938324928, 51.493304073133196 ], [ 7.472249373418662, 51.49264634034428 ], [ 7.451783835778148, 51.497076021791123 ], [ 7.438688013361208, 51.504780334350592 ], [ 7.434323473278446, 51.517682072591896 ] ] ] }, { "type": "Polygon", "coordinates": [ [ [ 7.443630146369252, 51.468082890973214 ], [ 7.4433646700299, 51.478395004201005 ], [ 7.451783835778148, 51.497076021791123 ], [ 7.472249373418662, 51.49264634034428 ], [ 7.473165984909699, 51.489333755193783 ], [ 7.470809868927381, 51.475328328316635 ], [ 7.447549023268516, 51.466180647009921 ], [ 7.443630146369252, 51.468082890973214 ] ] ] }, { "type": "Polygon", "coordinates": [ [ [ 7.429916671065651, 51.546427613368323 ], [ 7.454718354366368, 51.567689009947443 ], [ 7.465376498778217, 51.562788844532598 ], [ 7.466576017239943, 51.537502342488885 ], [ 7.439009481997696, 51.531271498439615 ], [ 7.429916671065651, 51.546427613368323 ] ] ] }, { "type": "Polygon", "coordinates": [ [ [ 7.431545020183965, 51.603220456922578 ], [ 7.433913825156267, 51.60671080961334 ], [ 7.438070440086181, 51.608775932733025 ], [ 7.493480815645009, 51.587324501285565 ], [ 7.492768975871227, 51.582884787507346 ], [ 7.491792191474349, 51.581167569558183 ], [ 7.465376498778217, 51.562788844532598 ], [ 7.454718354366368, 51.567689009947443 ], [ 7.431545020183965, 51.603220456922578 ] ] ] }, { "type": "Polygon", "coordinates": [ [ [ 7.445979392306469, 51.256061602836112 ], [ 7.460421159584139, 51.278737848327324 ], [ 7.48847167196286, 51.28191154753069 ], [ 7.494672107127424, 51.270404926874562 ], [ 7.454921163888759, 51.240088207311452 ], [ 7.445979392306469, 51.256061602836112 ] ] ] }, { "type": "Polygon", "coordinates": [ [ [ 7.451458312477626, 51.40037066212259 ], [ 7.45213092490895, 51.405149295339122 ], [ 7.462995783913768, 51.42033760326683 ], [ 7.492411066740313, 51.401915709670355 ], [ 7.495054469851619, 51.391429268476244 ], [ 7.492463620410212, 51.385302931430957 ], [ 7.466843399635663, 51.381545298291698 ], [ 7.451458312477626, 51.40037066212259 ] ] ] }, { "type": "Polygon", "coordinates": [ [ [ 7.461764012051763, 51.432280533546987 ], [ 7.451014333789546, 51.437420421544999 ], [ 7.447549023268516, 51.466180647009921 ], [ 7.470809868927381, 51.475328328316635 ], [ 7.478392671091395, 51.447713699151542 ], [ 7.461764012051763, 51.432280533546987 ] ] ] }, { "type": "Polygon", "coordinates": [ [ [ 7.470809868927381, 51.475328328316635 ], [ 7.473165984909699, 51.489333755193783 ], [ 7.49898243175001, 51.478641721283765 ], [ 7.504373154011192, 51.457090280094612 ], [ 7.502048679757743, 51.450377284555536 ], [ 7.499316415562217, 51.446652619607733 ], [ 7.478392671091395, 51.447713699151542 ], [ 7.470809868927381, 51.475328328316635 ] ] ] }, { "type": "Polygon", "coordinates": [ [ [ 7.462995783913768, 51.42033760326683 ], [ 7.461764012051763, 51.432280533546987 ], [ 7.478392671091395, 51.447713699151542 ], [ 7.499316415562217, 51.446652619607733 ], [ 7.509374664031105, 51.430203587942749 ], [ 7.509236489668287, 51.425803768489331 ], [ 7.492411066740313, 51.401915709670355 ], [ 7.462995783913768, 51.42033760326683 ] ] ] }, { "type": "Polygon", "coordinates": [ [ [ 7.472249373418662, 51.49264634034428 ], [ 7.472661938324928, 51.493304073133196 ], [ 7.509071853031259, 51.507806196479166 ], [ 7.521375977449799, 51.498302126705703 ], [ 7.518608324868409, 51.490962420507529 ], [ 7.49898243175001, 51.478641721283765 ], [ 7.473165984909699, 51.489333755193783 ], [ 7.472249373418662, 51.49264634034428 ] ] ] }, { "type": "Polygon", "coordinates": [ [ [ 7.438070440086181, 51.608775932733025 ], [ 7.4590521218695, 51.637076657269134 ], [ 7.497188499086502, 51.609586686098524 ], [ 7.497267058067757, 51.591497510441855 ], [ 7.493480815645009, 51.587324501285565 ], [ 7.438070440086181, 51.608775932733025 ] ] ] }, { "type": "Polygon", "coordinates": [ [ [ 7.466576017239943, 51.537502342488885 ], [ 7.465376498778217, 51.562788844532598 ], [ 7.491792191474349, 51.581167569558183 ], [ 7.495422527676237, 51.536278473472905 ], [ 7.475713168563327, 51.531869220645284 ], [ 7.466576017239943, 51.537502342488885 ] ] ] }, { "type": "Polygon", "coordinates": [ [ [ 7.574929379241992, 52.140495243539405 ], [ 7.570223522388488, 52.473329022876307 ], [ 7.590893367121236, 52.609748844484599 ], [ 7.735475269021303, 51.855078558761384 ], [ 7.723461650531457, 51.693192914138585 ], [ 7.71569589735961, 51.68322709803514 ], [ 7.674021385292242, 51.688627803073494 ], [ 7.618491641198031, 51.830793941733965 ], [ 7.574929379241992, 52.140495243539405 ] ] ] }, { "type": "Polygon", "coordinates": [ [ [ 7.459079580120335, 51.637172957155514 ], [ 7.435844339241603, 51.680684513066687 ], [ 7.44615815512688, 51.680962666884795 ], [ 7.501311517089327, 51.660867106802861 ], [ 7.501261825286648, 51.660242476134151 ], [ 7.459079580120335, 51.637172957155514 ] ] ] }, { "type": "Polygon", "coordinates": [ [ [ 7.514152230804365, 51.702444013899175 ], [ 7.527685700359281, 51.726720877659616 ], [ 7.564034560771586, 51.660950205235395 ], [ 7.564539865819362, 51.652986663002949 ], [ 7.525713451606975, 51.636788192870824 ], [ 7.513627387485979, 51.640900740467977 ], [ 7.501261825286648, 51.660242476134151 ], [ 7.501311517089327, 51.660867106802861 ], [ 7.514152230804365, 51.702444013899175 ] ] ] }, { "type": "Polygon", "coordinates": [ [ [ 7.466843399635663, 51.381545298291698 ], [ 7.492463620410212, 51.385302931430957 ], [ 7.493802941438472, 51.377231236643702 ], [ 7.490144232130559, 51.362534685773014 ], [ 7.487445301639835, 51.36027320698571 ], [ 7.460109312135655, 51.368586729945768 ], [ 7.466843399635663, 51.381545298291698 ] ] ] }, { "type": "Polygon", "coordinates": [ [ [ 7.468438927817003, 51.329623767036075 ], [ 7.487445301639835, 51.36027320698571 ], [ 7.490144232130559, 51.362534685773014 ], [ 7.502097439542509, 51.352462014571728 ], [ 7.498123094287656, 51.312519863780338 ], [ 7.495622523578774, 51.311493491258105 ], [ 7.468438927817003, 51.329623767036075 ] ] ] }, { "type": "Polygon", "coordinates": [ [ [ 7.4590521218695, 51.637076657269134 ], [ 7.459079580120335, 51.637172957155514 ], [ 7.501261825286648, 51.660242476134151 ], [ 7.513627387485979, 51.640900740467977 ], [ 7.497188499086502, 51.609586686098524 ], [ 7.4590521218695, 51.637076657269134 ] ] ] }, { "type": "Polygon", "coordinates": [ [ [ 7.494672107127424, 51.270404926874562 ], [ 7.48847167196286, 51.28191154753069 ], [ 7.495622523578774, 51.311493491258105 ], [ 7.498123094287656, 51.312519863780338 ], [ 7.49894369633589, 51.312665417886713 ], [ 7.81201889517063, 51.100915279972334 ], [ 7.91371396895329, 51.018574553960008 ], [ 8.230242640108003, 50.595446561511615 ], [ 8.640878048829533, 50.021896453413639 ], [ 7.494672107127424, 51.270404926874562 ] ] ] }, { "type": "Polygon", "coordinates": [ [ [ 7.514152230804365, 51.702444013899175 ], [ 7.501311517089327, 51.660867106802861 ], [ 7.44615815512688, 51.680962666884795 ], [ 7.514152230804365, 51.702444013899175 ] ] ] }, { "type": "Polygon", "coordinates": [ [ [ 10.005509999487007, 48.564724340942092 ], [ 9.137264192667594, 49.352631208947777 ], [ 8.640878048829533, 50.021896453413639 ], [ 8.230242640108003, 50.595446561511615 ], [ 7.781598145292631, 51.493219526348931 ], [ 7.80063801896529, 51.521561008513743 ], [ 7.890561767954602, 51.516870658947724 ], [ 10.005509999487007, 49.702240211646355 ], [ 10.005509999487007, 48.564724340942092 ] ] ] }, { "type": "Polygon", "coordinates": [ [ [ 7.472661938324928, 51.493304073133196 ], [ 7.475713168563327, 51.531869220645284 ], [ 7.495422527676237, 51.536278473472905 ], [ 7.503688161778252, 51.533199656987648 ], [ 7.509071853031259, 51.507806196479166 ], [ 7.472661938324928, 51.493304073133196 ] ] ] }, { "type": "Polygon", "coordinates": [ [ [ 7.491792191474349, 51.581167569558183 ], [ 7.492768975871227, 51.582884787507346 ], [ 7.531819483006375, 51.546980651321306 ], [ 7.531820396808186, 51.546962418970907 ], [ 7.503688161778252, 51.533199656987648 ], [ 7.495422527676237, 51.536278473472905 ], [ 7.491792191474349, 51.581167569558183 ] ] ] }, { "type": "Polygon", "coordinates": [ [ [ 7.493802941438472, 51.377231236643702 ], [ 7.492463620410212, 51.385302931430957 ], [ 7.495054469851619, 51.391429268476244 ], [ 7.520995213940865, 51.391299478470124 ], [ 7.531333008818272, 51.365262169567124 ], [ 7.5279786042775, 51.360688760154751 ], [ 7.493802941438472, 51.377231236643702 ] ] ] }, { "type": "Polygon", "coordinates": [ [ [ 7.493480815645009, 51.587324501285565 ], [ 7.497267058067757, 51.591497510441855 ], [ 7.528930667982279, 51.59253730249457 ], [ 7.541679046842387, 51.574484853257971 ], [ 7.531819483006375, 51.546980651321306 ], [ 7.492768975871227, 51.582884787507346 ], [ 7.493480815645009, 51.587324501285565 ] ] ] }, { "type": "Polygon", "coordinates": [ [ [ 7.504373154011192, 51.457090280094612 ], [ 7.49898243175001, 51.478641721283765 ], [ 7.518608324868409, 51.490962420507529 ], [ 7.522114259374868, 51.471228259137234 ], [ 7.504373154011192, 51.457090280094612 ] ] ] }, { "type": "Polygon", "coordinates": [ [ [ 7.498123094287656, 51.312519863780338 ], [ 7.502097439542509, 51.352462014571728 ], [ 7.526466112810146, 51.353659072246352 ], [ 7.531574139983875, 51.330909432708971 ], [ 7.49894369633589, 51.312665417886713 ], [ 7.498123094287656, 51.312519863780338 ] ] ] }, { "type": "Polygon", "coordinates": [ [ [ 7.490144232130559, 51.362534685773014 ], [ 7.493802941438472, 51.377231236643702 ], [ 7.5279786042775, 51.360688760154751 ], [ 7.526466112810146, 51.353659072246352 ], [ 7.502097439542509, 51.352462014571728 ], [ 7.490144232130559, 51.362534685773014 ] ] ] }, { "type": "Polygon", "coordinates": [ [ [ 7.502048679757743, 51.450377284555536 ], [ 7.504373154011192, 51.457090280094612 ], [ 7.522114259374868, 51.471228259137234 ], [ 7.548091401520194, 51.457979516384569 ], [ 7.546637921951509, 51.454505919868211 ], [ 7.502048679757743, 51.450377284555536 ] ] ] }, { "type": "Polygon", "coordinates": [ [ [ 7.503688161778252, 51.533199656987648 ], [ 7.531820396808186, 51.546962418970907 ], [ 7.535051436261144, 51.544151628608198 ], [ 7.539414098729644, 51.503389381967331 ], [ 7.53720355578081, 51.501583814840913 ], [ 7.521375977449799, 51.498302126705703 ], [ 7.509071853031259, 51.507806196479166 ], [ 7.503688161778252, 51.533199656987648 ] ] ] }, { "type": "Polygon", "coordinates": [ [ [ 7.497267058067757, 51.591497510441855 ], [ 7.497188499086502, 51.609586686098524 ], [ 7.513627387485979, 51.640900740467977 ], [ 7.525713451606975, 51.636788192870824 ], [ 7.53897781268719, 51.609495458599774 ], [ 7.528930667982279, 51.59253730249457 ], [ 7.497267058067757, 51.591497510441855 ] ] ] }, { "type": "Polygon", "coordinates": [ [ [ 7.495054469851619, 51.391429268476244 ], [ 7.492411066740313, 51.401915709670355 ], [ 7.509236489668287, 51.425803768489331 ], [ 7.534595708367823, 51.40434139201389 ], [ 7.520995213940865, 51.391299478470124 ], [ 7.495054469851619, 51.391429268476244 ] ] ] }, { "type": "Polygon", "coordinates": [ [ [ 7.49894369633589, 51.312665417886713 ], [ 7.531574139983875, 51.330909432708971 ], [ 7.553977939360942, 51.323490620542081 ], [ 7.81201889517063, 51.100915279972334 ], [ 7.49894369633589, 51.312665417886713 ] ] ] }, { "type": "Polygon", "coordinates": [ [ [ 7.499316415562217, 51.446652619607733 ], [ 7.502048679757743, 51.450377284555536 ], [ 7.546637921951509, 51.454505919868211 ], [ 7.544670243293154, 51.439267027487801 ], [ 7.509374664031105, 51.430203587942749 ], [ 7.499316415562217, 51.446652619607733 ] ] ] }, { "type": "Polygon", "coordinates": [ [ [ 7.509236489668287, 51.425803768489331 ], [ 7.509374664031105, 51.430203587942749 ], [ 7.544670243293154, 51.439267027487801 ], [ 7.551003802754717, 51.425300236723785 ], [ 7.547606411084467, 51.406475120237566 ], [ 7.534595708367823, 51.40434139201389 ], [ 7.509236489668287, 51.425803768489331 ] ] ] }, { "type": "Polygon", "coordinates": [ [ [ 7.5279786042775, 51.360688760154751 ], [ 7.531333008818272, 51.365262169567124 ], [ 7.562133766102338, 51.37601968076779 ], [ 7.553977939360942, 51.323490620542081 ], [ 7.531574139983875, 51.330909432708971 ], [ 7.526466112810146, 51.353659072246352 ], [ 7.5279786042775, 51.360688760154751 ] ] ] }, { "type": "Polygon", "coordinates": [ [ [ 7.721973381898227, 51.346661855879006 ], [ 7.745048520457088, 51.289261763607335 ], [ 7.576246149807247, 51.382536276510159 ], [ 7.592780440425533, 51.431959782819511 ], [ 7.595144016097174, 51.434303479237421 ], [ 7.671983247104992, 51.410393735504314 ], [ 7.718110864196179, 51.353046740220229 ], [ 7.721973381898227, 51.346661855879006 ] ] ] }, { "type": "Polygon", "coordinates": [ [ [ 7.745048520457088, 51.289261763607335 ], [ 7.721973381898227, 51.346661855879006 ], [ 7.747829443782535, 51.480949613632184 ], [ 7.762406646162139, 51.494463632914915 ], [ 7.781598145292631, 51.493219526348931 ], [ 8.230242640108003, 50.595446561511615 ], [ 7.91371396895329, 51.018574553960008 ], [ 7.745048520457088, 51.289261763607335 ] ] ] }, { "type": "Polygon", "coordinates": [ [ [ 7.535051436261144, 51.544151628608198 ], [ 7.531820396808186, 51.546962418970907 ], [ 7.531819483006375, 51.546980651321306 ], [ 7.541679046842387, 51.574484853257971 ], [ 7.542540033887787, 51.574605836775397 ], [ 7.574837914264532, 51.563982787551225 ], [ 7.57314132853602, 51.546329392020347 ], [ 7.565087187219181, 51.539755942159374 ], [ 7.535051436261144, 51.544151628608198 ] ] ] }, { "type": "Polygon", "coordinates": [ [ [ 7.528930667982279, 51.59253730249457 ], [ 7.53897781268719, 51.609495458599774 ], [ 7.558272208425309, 51.611068870894776 ], [ 7.557745061253264, 51.58678247639449 ], [ 7.542540033887787, 51.574605836775397 ], [ 7.541679046842387, 51.574484853257971 ], [ 7.528930667982279, 51.59253730249457 ] ] ] }, { "type": "Polygon", "coordinates": [ [ [ 7.549241525155579, 51.459018835803931 ], [ 7.548091401520194, 51.457979516384569 ], [ 7.522114259374868, 51.471228259137234 ], [ 7.518608324868409, 51.490962420507529 ], [ 7.521375977449799, 51.498302126705703 ], [ 7.53720355578081, 51.501583814840913 ], [ 7.549241525155579, 51.459018835803931 ] ] ] }, { "type": "Polygon", "coordinates": [ [ [ 7.548091401520194, 51.457979516384569 ], [ 7.549241525155579, 51.459018835803931 ], [ 7.57218369926884, 51.46587853568554 ], [ 7.58872952008098, 51.456533492715934 ], [ 7.595144016097174, 51.434303479237421 ], [ 7.592780440425533, 51.431959782819511 ], [ 7.551003802754717, 51.425300236723785 ], [ 7.544670243293154, 51.439267027487801 ], [ 7.546637921951509, 51.454505919868211 ], [ 7.548091401520194, 51.457979516384569 ] ] ] }, { "type": "Polygon", "coordinates": [ [ [ 7.520995213940865, 51.391299478470124 ], [ 7.534595708367823, 51.40434139201389 ], [ 7.547606411084467, 51.406475120237566 ], [ 7.569029818095935, 51.382634818821913 ], [ 7.562133766102338, 51.37601968076779 ], [ 7.531333008818272, 51.365262169567124 ], [ 7.520995213940865, 51.391299478470124 ] ] ] }, { "type": "Polygon", "coordinates": [ [ [ 7.91371396895329, 51.018574553960008 ], [ 7.81201889517063, 51.100915279972334 ], [ 7.553977939360942, 51.323490620542081 ], [ 7.562133766102338, 51.37601968076779 ], [ 7.569029818095935, 51.382634818821913 ], [ 7.576246149807247, 51.382536276510159 ], [ 7.745048520457088, 51.289261763607335 ], [ 7.91371396895329, 51.018574553960008 ] ] ] }, { "type": "Polygon", "coordinates": [ [ [ 7.53897781268719, 51.609495458599774 ], [ 7.525713451606975, 51.636788192870824 ], [ 7.564539865819362, 51.652986663002949 ], [ 7.564788085591387, 51.652684729873712 ], [ 7.571914279791148, 51.617366450420228 ], [ 7.558272208425309, 51.611068870894776 ], [ 7.53897781268719, 51.609495458599774 ] ] ] }, { "type": "Polygon", "coordinates": [ [ [ 7.527685700359281, 51.726720877659616 ], [ 7.574929379241992, 52.140495243539405 ], [ 7.618491641198031, 51.830793941733965 ], [ 7.615367065133339, 51.695050643153714 ], [ 7.61334111950477, 51.689904319620155 ], [ 7.564034560771586, 51.660950205235395 ], [ 7.527685700359281, 51.726720877659616 ] ] ] }, { "type": "Polygon", "coordinates": [ [ [ 7.564788085591387, 51.652684729873712 ], [ 7.564539865819362, 51.652986663002949 ], [ 7.564034560771586, 51.660950205235395 ], [ 7.61334111950477, 51.689904319620155 ], [ 7.613572012117984, 51.646776623965721 ], [ 7.564788085591387, 51.652684729873712 ] ] ] }, { "type": "Polygon", "coordinates": [ [ [ 7.549241525155579, 51.459018835803931 ], [ 7.53720355578081, 51.501583814840913 ], [ 7.539414098729644, 51.503389381967331 ], [ 7.565476201491496, 51.504896998512315 ], [ 7.572422928089956, 51.485500515320965 ], [ 7.57218369926884, 51.46587853568554 ], [ 7.549241525155579, 51.459018835803931 ] ] ] }, { "type": "Polygon", "coordinates": [ [ [ 7.539414098729644, 51.503389381967331 ], [ 7.535051436261144, 51.544151628608198 ], [ 7.565087187219181, 51.539755942159374 ], [ 7.568444679639405, 51.508844890767875 ], [ 7.565476201491496, 51.504896998512315 ], [ 7.539414098729644, 51.503389381967331 ] ] ] }, { "type": "Polygon", "coordinates": [ [ [ 7.542540033887787, 51.574605836775397 ], [ 7.557745061253264, 51.58678247639449 ], [ 7.587077550354827, 51.584051949098452 ], [ 7.587432843111166, 51.579348918764509 ], [ 7.574837914264532, 51.563982787551225 ], [ 7.542540033887787, 51.574605836775397 ] ] ] }, { "type": "Polygon", "coordinates": [ [ [ 7.547606411084467, 51.406475120237566 ], [ 7.551003802754717, 51.425300236723785 ], [ 7.592780440425533, 51.431959782819511 ], [ 7.576246149807247, 51.382536276510159 ], [ 7.569029818095935, 51.382634818821913 ], [ 7.547606411084467, 51.406475120237566 ] ] ] }, { "type": "Polygon", "coordinates": [ [ [ 7.568444679639405, 51.508844890767875 ], [ 7.565087187219181, 51.539755942159374 ], [ 7.57314132853602, 51.546329392020347 ], [ 7.599067468561575, 51.537045593755444 ], [ 7.602231359930543, 51.51719886879868 ], [ 7.600672651574457, 51.514918342448581 ], [ 7.568444679639405, 51.508844890767875 ] ] ] }, { "type": "Polygon", "coordinates": [ [ [ 7.565476201491496, 51.504896998512315 ], [ 7.568444679639405, 51.508844890767875 ], [ 7.600672651574457, 51.514918342448581 ], [ 7.604319934617961, 51.494195143175197 ], [ 7.572422928089956, 51.485500515320965 ], [ 7.565476201491496, 51.504896998512315 ] ] ] }, { "type": "Polygon", "coordinates": [ [ [ 7.557745061253264, 51.58678247639449 ], [ 7.558272208425309, 51.611068870894776 ], [ 7.571914279791148, 51.617366450420228 ], [ 7.591839014796253, 51.605462682925406 ], [ 7.587077550354827, 51.584051949098452 ], [ 7.557745061253264, 51.58678247639449 ] ] ] }, { "type": "Polygon", "coordinates": [ [ [ 7.587432843111166, 51.579348918764509 ], [ 7.587077550354827, 51.584051949098452 ], [ 7.591839014796253, 51.605462682925406 ], [ 7.629119723732613, 51.621120153989658 ], [ 7.635432524947328, 51.593914858349109 ], [ 7.633891796072514, 51.580488506687004 ], [ 7.607080946767177, 51.565328879801875 ], [ 7.587432843111166, 51.579348918764509 ] ] ] }, { "type": "Polygon", "coordinates": [ [ [ 7.57218369926884, 51.46587853568554 ], [ 7.572422928089956, 51.485500515320965 ], [ 7.604319934617961, 51.494195143175197 ], [ 7.61163529690146, 51.483047541992029 ], [ 7.611918969464585, 51.476151069801972 ], [ 7.58872952008098, 51.456533492715934 ], [ 7.57218369926884, 51.46587853568554 ] ] ] }, { "type": "Polygon", "coordinates": [ [ [ 7.57314132853602, 51.546329392020347 ], [ 7.574837914264532, 51.563982787551225 ], [ 7.587432843111166, 51.579348918764509 ], [ 7.607080946767177, 51.565328879801875 ], [ 7.609461266513095, 51.549343206027032 ], [ 7.599067468561575, 51.537045593755444 ], [ 7.57314132853602, 51.546329392020347 ] ] ] }, { "type": "Polygon", "coordinates": [ [ [ 7.571914279791148, 51.617366450420228 ], [ 7.564788085591387, 51.652684729873712 ], [ 7.613572012117984, 51.646776623965721 ], [ 7.629479386416246, 51.621753814625919 ], [ 7.629119723732613, 51.621120153989658 ], [ 7.591839014796253, 51.605462682925406 ], [ 7.571914279791148, 51.617366450420228 ] ] ] }, { "type": "Polygon", "coordinates": [ [ [ 7.61334111950477, 51.689904319620155 ], [ 7.615367065133339, 51.695050643153714 ], [ 7.664328365646872, 51.655435587208878 ], [ 7.665026933881574, 51.649997546162354 ], [ 7.640642027111765, 51.626207920898061 ], [ 7.629479386416246, 51.621753814625919 ], [ 7.613572012117984, 51.646776623965721 ], [ 7.61334111950477, 51.689904319620155 ] ] ] }, { "type": "Polygon", "coordinates": [ [ [ 7.602231359930543, 51.51719886879868 ], [ 7.599067468561575, 51.537045593755444 ], [ 7.609461266513095, 51.549343206027032 ], [ 7.638434840055188, 51.542828438353823 ], [ 7.643046190247381, 51.53743291210116 ], [ 7.647827182254449, 51.523762491762916 ], [ 7.644926260752317, 51.518214107382597 ], [ 7.602231359930543, 51.51719886879868 ] ] ] }, { "type": "Polygon", "coordinates": [ [ [ 7.604319934617961, 51.494195143175197 ], [ 7.600672651574457, 51.514918342448581 ], [ 7.602231359930543, 51.51719886879868 ], [ 7.644926260752317, 51.518214107382597 ], [ 7.645408350615654, 51.509193106993806 ], [ 7.61163529690146, 51.483047541992029 ], [ 7.604319934617961, 51.494195143175197 ] ] ] }, { "type": "Polygon", "coordinates": [ [ [ 7.633891796072514, 51.580488506687004 ], [ 7.637241737096242, 51.574416140584262 ], [ 7.638434840055188, 51.542828438353823 ], [ 7.609461266513095, 51.549343206027032 ], [ 7.607080946767177, 51.565328879801875 ], [ 7.633891796072514, 51.580488506687004 ] ] ] }, { "type": "Polygon", "coordinates": [ [ [ 7.637241737096242, 51.574416140584262 ], [ 7.633891796072514, 51.580488506687004 ], [ 7.635432524947328, 51.593914858349109 ], [ 7.683197432913403, 51.577964690213385 ], [ 7.672533774917493, 51.56738061184555 ], [ 7.666629229701112, 51.565510839212521 ], [ 7.637241737096242, 51.574416140584262 ] ] ] }, { "type": "Polygon", "coordinates": [ [ [ 7.718110864196179, 51.353046740220229 ], [ 7.671983247104992, 51.410393735504314 ], [ 7.658494298806575, 51.452329179884984 ], [ 7.661147136171656, 51.476345184091826 ], [ 7.700827068042436, 51.505823012055338 ], [ 7.707256531658887, 51.500466701582646 ], [ 7.718110864196179, 51.353046740220229 ] ] ] }, { "type": "Polygon", "coordinates": [ [ [ 7.595144016097174, 51.434303479237421 ], [ 7.58872952008098, 51.456533492715934 ], [ 7.611918969464585, 51.476151069801972 ], [ 7.658494298806575, 51.452329179884984 ], [ 7.671983247104992, 51.410393735504314 ], [ 7.595144016097174, 51.434303479237421 ] ] ] }, { "type": "Polygon", "coordinates": [ [ [ 7.629119723732613, 51.621120153989658 ], [ 7.629479386416246, 51.621753814625919 ], [ 7.640642027111765, 51.626207920898061 ], [ 7.689801330883093, 51.593178380754161 ], [ 7.685299578546084, 51.578979069630428 ], [ 7.683197432913403, 51.577964690213385 ], [ 7.635432524947328, 51.593914858349109 ], [ 7.629119723732613, 51.621120153989658 ] ] ] }, { "type": "Polygon", "coordinates": [ [ [ 7.661147136171656, 51.476345184091826 ], [ 7.658494298806575, 51.452329179884984 ], [ 7.611918969464585, 51.476151069801972 ], [ 7.61163529690146, 51.483047541992029 ], [ 7.645408350615654, 51.509193106993806 ], [ 7.661147136171656, 51.476345184091826 ] ] ] }, { "type": "Polygon", "coordinates": [ [ [ 7.644926260752317, 51.518214107382597 ], [ 7.647827182254449, 51.523762491762916 ], [ 7.675628296784139, 51.528323319690521 ], [ 7.695850815604301, 51.523775230082123 ], [ 7.700827068042436, 51.505823012055338 ], [ 7.661147136171656, 51.476345184091826 ], [ 7.645408350615654, 51.509193106993806 ], [ 7.644926260752317, 51.518214107382597 ] ] ] }, { "type": "Polygon", "coordinates": [ [ [ 7.643046190247381, 51.53743291210116 ], [ 7.638434840055188, 51.542828438353823 ], [ 7.637241737096242, 51.574416140584262 ], [ 7.666629229701112, 51.565510839212521 ], [ 7.643046190247381, 51.53743291210116 ] ] ] }, { "type": "Polygon", "coordinates": [ [ [ 7.615367065133339, 51.695050643153714 ], [ 7.618491641198031, 51.830793941733965 ], [ 7.674021385292242, 51.688627803073494 ], [ 7.664328365646872, 51.655435587208878 ], [ 7.615367065133339, 51.695050643153714 ] ] ] }, { "type": "Polygon", "coordinates": [ [ [ 7.664328365646872, 51.655435587208878 ], [ 7.674021385292242, 51.688627803073494 ], [ 7.71569589735961, 51.68322709803514 ], [ 7.713555811453576, 51.652539323950606 ], [ 7.713098958826109, 51.650402335777343 ], [ 7.692208221650782, 51.643005258489929 ], [ 7.665026933881574, 51.649997546162354 ], [ 7.664328365646872, 51.655435587208878 ] ] ] }, { "type": "Polygon", "coordinates": [ [ [ 7.647827182254449, 51.523762491762916 ], [ 7.643046190247381, 51.53743291210116 ], [ 7.666629229701112, 51.565510839212521 ], [ 7.672533774917493, 51.56738061184555 ], [ 7.675628296784139, 51.528323319690521 ], [ 7.647827182254449, 51.523762491762916 ] ] ] }, { "type": "Polygon", "coordinates": [ [ [ 7.675628296784139, 51.528323319690521 ], [ 7.672533774917493, 51.56738061184555 ], [ 7.683197432913403, 51.577964690213385 ], [ 7.685299578546084, 51.578979069630428 ], [ 7.705400893738825, 51.556195603540949 ], [ 7.699221328950656, 51.528411304251001 ], [ 7.695850815604301, 51.523775230082123 ], [ 7.675628296784139, 51.528323319690521 ] ] ] }, { "type": "Polygon", "coordinates": [ [ [ 7.640642027111765, 51.626207920898061 ], [ 7.665026933881574, 51.649997546162354 ], [ 7.692208221650782, 51.643005258489929 ], [ 7.695092648488098, 51.597791858054627 ], [ 7.689801330883093, 51.593178380754161 ], [ 7.640642027111765, 51.626207920898061 ] ] ] }, { "type": "Polygon", "coordinates": [ [ [ 7.695850815604301, 51.523775230082123 ], [ 7.699221328950656, 51.528411304251001 ], [ 7.732780445533025, 51.531459375963827 ], [ 7.748258086298889, 51.524102179046807 ], [ 7.722216070847956, 51.500505770677918 ], [ 7.707256531658887, 51.500466701582646 ], [ 7.700827068042436, 51.505823012055338 ], [ 7.695850815604301, 51.523775230082123 ] ] ] }, { "type": "Polygon", "coordinates": [ [ [ 7.695092648488098, 51.597791858054627 ], [ 7.692208221650782, 51.643005258489929 ], [ 7.713098958826109, 51.650402335777343 ], [ 7.732261058000975, 51.635038954517199 ], [ 7.722384325711845, 51.600420608634458 ], [ 7.695092648488098, 51.597791858054627 ] ] ] }, { "type": "Polygon", "coordinates": [ [ [ 7.685299578546084, 51.578979069630428 ], [ 7.689801330883093, 51.593178380754161 ], [ 7.695092648488098, 51.597791858054627 ], [ 7.722384325711845, 51.600420608634458 ], [ 7.735942092102056, 51.587728055482863 ], [ 7.742571012378214, 51.573408942320576 ], [ 7.726941596805698, 51.56226432781925 ], [ 7.705400893738825, 51.556195603540949 ], [ 7.685299578546084, 51.578979069630428 ] ] ] }, { "type": "Polygon", "coordinates": [ [ [ 7.718110864196179, 51.353046740220229 ], [ 7.707256531658887, 51.500466701582646 ], [ 7.722216070847956, 51.500505770677918 ], [ 7.747829443782535, 51.480949613632184 ], [ 7.721973381898227, 51.346661855879006 ], [ 7.718110864196179, 51.353046740220229 ] ] ] }, { "type": "Polygon", "coordinates": [ [ [ 7.722384325711845, 51.600420608634458 ], [ 7.732261058000975, 51.635038954517199 ], [ 7.732809755655795, 51.635070516778441 ], [ 7.764624096710198, 51.620007064278589 ], [ 7.735942092102056, 51.587728055482863 ], [ 7.722384325711845, 51.600420608634458 ] ] ] }, { "type": "Polygon", "coordinates": [ [ [ 7.732261058000975, 51.635038954517199 ], [ 7.713098958826109, 51.650402335777343 ], [ 7.713555811453576, 51.652539323950606 ], [ 7.761776473938244, 51.674108293174406 ], [ 7.764081295486683, 51.673403848363414 ], [ 7.761806024755887, 51.662061725189567 ], [ 7.732809755655795, 51.635070516778441 ], [ 7.732261058000975, 51.635038954517199 ] ] ] }, { "type": "Polygon", "coordinates": [ [ [ 7.713555811453576, 51.652539323950606 ], [ 7.71569589735961, 51.68322709803514 ], [ 7.723461650531457, 51.693192914138585 ], [ 7.761776473938244, 51.674108293174406 ], [ 7.713555811453576, 51.652539323950606 ] ] ] }, { "type": "Polygon", "coordinates": [ [ [ 7.726941596805698, 51.56226432781925 ], [ 7.742571012378214, 51.573408942320576 ], [ 7.755658361662118, 51.56847884248451 ], [ 7.756529725859995, 51.532142924176739 ], [ 7.749579578177036, 51.524232110659248 ], [ 7.748258086298889, 51.524102179046807 ], [ 7.732780445533025, 51.531459375963827 ], [ 7.726941596805698, 51.56226432781925 ] ] ] }, { "type": "Polygon", "coordinates": [ [ [ 7.699221328950656, 51.528411304251001 ], [ 7.705400893738825, 51.556195603540949 ], [ 7.726941596805698, 51.56226432781925 ], [ 7.732780445533025, 51.531459375963827 ], [ 7.699221328950656, 51.528411304251001 ] ] ] }, { "type": "Polygon", "coordinates": [ [ [ 7.722216070847956, 51.500505770677918 ], [ 7.748258086298889, 51.524102179046807 ], [ 7.749579578177036, 51.524232110659248 ], [ 7.762406646162139, 51.494463632914915 ], [ 7.747829443782535, 51.480949613632184 ], [ 7.722216070847956, 51.500505770677918 ] ] ] }, { "type": "Polygon", "coordinates": [ [ [ 7.742571012378214, 51.573408942320576 ], [ 7.735942092102056, 51.587728055482863 ], [ 7.764624096710198, 51.620007064278589 ], [ 7.783677196502341, 51.619604969774947 ], [ 7.786975631484983, 51.618247694515965 ], [ 7.784249446828845, 51.605459312560441 ], [ 7.756196391534814, 51.568651722952751 ], [ 7.755658361662118, 51.56847884248451 ], [ 7.742571012378214, 51.573408942320576 ] ] ] }, { "type": "Polygon", "coordinates": [ [ [ 7.723461650531457, 51.693192914138585 ], [ 7.735475269021303, 51.855078558761384 ], [ 7.790388762778489, 51.713440253064142 ], [ 7.790675654638644, 51.710824318041226 ], [ 7.784340476804802, 51.686139492767524 ], [ 7.764081295486683, 51.673403848363414 ], [ 7.761776473938244, 51.674108293174406 ], [ 7.723461650531457, 51.693192914138585 ] ] ] }, { "type": "Polygon", "coordinates": [ [ [ 7.764624096710198, 51.620007064278589 ], [ 7.732809755655795, 51.635070516778441 ], [ 7.761806024755887, 51.662061725189567 ], [ 7.783677196502341, 51.619604969774947 ], [ 7.764624096710198, 51.620007064278589 ] ] ] }, { "type": "Polygon", "coordinates": [ [ [ 7.749579578177036, 51.524232110659248 ], [ 7.756529725859995, 51.532142924176739 ], [ 7.795169505306634, 51.527263843566161 ], [ 7.80063801896529, 51.521561008513743 ], [ 7.781598145292631, 51.493219526348931 ], [ 7.762406646162139, 51.494463632914915 ], [ 7.749579578177036, 51.524232110659248 ] ] ] }, { "type": "Polygon", "coordinates": [ [ [ 7.784340476804802, 51.686139492767524 ], [ 7.790675654638644, 51.710824318041226 ], [ 7.8344452912199, 51.687367661741021 ], [ 7.835769994640848, 51.672263444853215 ], [ 7.809765721953532, 51.65151878320664 ], [ 7.784340476804802, 51.686139492767524 ] ] ] }, { "type": "Polygon", "coordinates": [ [ [ 7.756529725859995, 51.532142924176739 ], [ 7.755658361662118, 51.56847884248451 ], [ 7.756196391534814, 51.568651722952751 ], [ 7.790067282187879, 51.558747834011172 ], [ 7.795169505306634, 51.527263843566161 ], [ 7.756529725859995, 51.532142924176739 ] ] ] }, { "type": "Polygon", "coordinates": [ [ [ 7.783677196502341, 51.619604969774947 ], [ 7.761806024755887, 51.662061725189567 ], [ 7.764081295486683, 51.673403848363414 ], [ 7.784340476804802, 51.686139492767524 ], [ 7.809765721953532, 51.65151878320664 ], [ 7.809763993021051, 51.627247721996845 ], [ 7.786975631484983, 51.618247694515965 ], [ 7.783677196502341, 51.619604969774947 ] ] ] }, { "type": "Polygon", "coordinates": [ [ [ 7.801979244991514, 51.569167004605703 ], [ 7.790067282187879, 51.558747834011172 ], [ 7.756196391534814, 51.568651722952751 ], [ 7.784249446828845, 51.605459312560441 ], [ 7.801979244991514, 51.569167004605703 ] ] ] }, { "type": "Polygon", "coordinates": [ [ [ 7.790067282187879, 51.558747834011172 ], [ 7.801979244991514, 51.569167004605703 ], [ 7.85786311297229, 51.57375105360606 ], [ 7.890561767954602, 51.516870658947724 ], [ 7.80063801896529, 51.521561008513743 ], [ 7.795169505306634, 51.527263843566161 ], [ 7.790067282187879, 51.558747834011172 ] ] ] }, { "type": "Polygon", "coordinates": [ [ [ 7.784249446828845, 51.605459312560441 ], [ 7.786975631484983, 51.618247694515965 ], [ 7.809763993021051, 51.627247721996845 ], [ 7.820425907088875, 51.621631474289785 ], [ 7.857145882485119, 51.578016178270559 ], [ 7.85786311297229, 51.57375105360606 ], [ 7.801979244991514, 51.569167004605703 ], [ 7.784249446828845, 51.605459312560441 ] ] ] }, { "type": "Polygon", "coordinates": [ [ [ 7.809765721953532, 51.65151878320664 ], [ 7.835769994640848, 51.672263444853215 ], [ 7.869481338125367, 51.657894674879941 ], [ 7.820425907088875, 51.621631474289785 ], [ 7.809763993021051, 51.627247721996845 ], [ 7.809765721953532, 51.65151878320664 ] ] ] }, { "type": "Polygon", "coordinates": [ [ [ 7.8344452912199, 51.687367661741021 ], [ 7.790675654638644, 51.710824318041226 ], [ 7.790388762778489, 51.713440253064142 ], [ 7.867123415596512, 51.718623084063104 ], [ 7.8344452912199, 51.687367661741021 ] ] ] }, { "type": "Polygon", "coordinates": [ [ [ 7.887780723531255, 51.729401840008094 ], [ 7.88317974485267, 51.658754898384068 ], [ 7.869481338125367, 51.657894674879941 ], [ 7.835769994640848, 51.672263444853215 ], [ 7.8344452912199, 51.687367661741021 ], [ 7.867123415596512, 51.718623084063104 ], [ 7.887780723531255, 51.729401840008094 ] ] ] }, { "type": "Polygon", "coordinates": [ [ [ 7.88317974485267, 51.658754898384068 ], [ 7.887780723531255, 51.729401840008094 ], [ 7.899142668221667, 51.750138577626871 ], [ 7.936128044981602, 51.671782800007236 ], [ 7.908228883428235, 51.657374927988485 ], [ 7.885029974538248, 51.656413315067638 ], [ 7.88317974485267, 51.658754898384068 ] ] ] }, { "type": "Polygon", "coordinates": [ [ [ 7.857145882485119, 51.578016178270559 ], [ 7.820425907088875, 51.621631474289785 ], [ 7.869481338125367, 51.657894674879941 ], [ 7.88317974485267, 51.658754898384068 ], [ 7.885029974538248, 51.656413315067638 ], [ 7.887272480679778, 51.632446292840577 ], [ 7.857145882485119, 51.578016178270559 ] ] ] }, { "type": "Polygon", "coordinates": [ [ [ 10.005509999487007, 49.702240211646355 ], [ 7.890561767954602, 51.516870658947724 ], [ 7.85786311297229, 51.57375105360606 ], [ 7.857145882485119, 51.578016178270559 ], [ 7.887272480679778, 51.632446292840577 ], [ 8.031256575952762, 51.559481071727078 ], [ 10.005509999487007, 50.373171538781477 ], [ 10.005509999487007, 49.702240211646355 ] ] ] }, { "type": "Polygon", "coordinates": [ [ [ 10.005509999487007, 53.845139999311584 ], [ 10.005509999487007, 51.044442165334246 ], [ 7.936128044981602, 51.671782800007236 ], [ 7.899142668221667, 51.750138577626871 ], [ 8.557730404081543, 53.845139999311584 ], [ 10.005509999487007, 53.845139999311584 ] ] ] }, { "type": "Polygon", "coordinates": [ [ [ 7.887272480679778, 51.632446292840577 ], [ 7.885029974538248, 51.656413315067638 ], [ 7.908228883428235, 51.657374927988485 ], [ 8.031256575952762, 51.559481071727078 ], [ 7.887272480679778, 51.632446292840577 ] ] ] }, { "type": "Polygon", "coordinates": [ [ [ 10.005509999487007, 50.373171538781477 ], [ 8.031256575952762, 51.559481071727078 ], [ 7.908228883428235, 51.657374927988485 ], [ 7.936128044981602, 51.671782800007236 ], [ 10.005509999487007, 51.044442165334246 ], [ 10.005509999487007, 50.373171538781477 ] ] ] } ] } }
]
}
